-- phpMyAdmin SQL Dump
-- version 5.2.1
-- https://www.phpmyadmin.net/
--
-- Host: 127.0.0.1
-- Generation Time: Jun 22, 2024 at 11:44 PM
-- Server version: 10.4.32-MariaDB
-- PHP Version: 8.2.12

SET SQL_MODE = "NO_AUTO_VALUE_ON_ZERO";
START TRANSACTION;
SET time_zone = "+00:00";


/*!40101 SET @OLD_CHARACTER_SET_CLIENT=@@CHARACTER_SET_CLIENT */;
/*!40101 SET @OLD_CHARACTER_SET_RESULTS=@@CHARACTER_SET_RESULTS */;
/*!40101 SET @OLD_COLLATION_CONNECTION=@@COLLATION_CONNECTION */;
/*!40101 SET NAMES utf8mb4 */;

--
-- Database: `levdb`
--

-- --------------------------------------------------------

--
-- Table structure for table `course`
--

CREATE TABLE `course` (
  `course_id` int(11) NOT NULL,
  `course_name` varchar(100) DEFAULT NULL,
  `department` varchar(100) DEFAULT NULL,
  `credit_hours` int(11) DEFAULT 3,
  `coordinator_id` int(11) DEFAULT NULL
) ENGINE=InnoDB DEFAULT CHARSET=utf8mb4 COLLATE=utf8mb4_general_ci;

--
-- Dumping data for table `course`
--

INSERT INTO `course` (`course_id`, `course_name`, `department`, `credit_hours`, `coordinator_id`) VALUES
(1, 'Calculus I', 'Psychology', 3, 768),
(2, 'Microbiology', 'Biology', 3, 337),
(3, 'Algorithms', 'Computer Science', 2, 125),
(4, 'Genetics', 'English', 4, 195),
(5, 'Intro to CS', 'Physics', 4, 553),
(6, 'Statistics', 'Mathematics', 4, 409),
(8, 'Classical Mechanics', 'Chemistry', 4, 421),
(9, 'World History', 'Philosophy', 4, 607),
(10, 'Literature', 'Economics', 2, 909),
(11, 'Organic Chemistry', 'Philosophy', 4, 712),
(12, 'Linear Algebra', 'Computer Science', 4, 287),
(13, 'Database Systems', 'Computer Science', 3, 47),
(14, 'Statistics', 'Psychology', 2, 48),
(15, 'Genetics', 'Biology', 2, 286),
(16, 'Genetics', 'Computer Science', 5, 188),
(17, 'Statistics', 'Computer Science', 5, 951),
(18, 'World History', 'English', 5, 967),
(19, 'Classical Mechanics', 'Philosophy', 3, 279),
(20, 'Organic Chemistry', 'Physics', 4, 549),
(21, 'World History', 'Physics', 3, 489),
(22, 'Inorganic Chemistry', 'Mathematics', 5, 927),
(23, 'Literature', 'Mathematics', 2, 606),
(24, 'Classical Mechanics', 'History', 1, 205),
(25, 'Data Structures', 'English', 4, 609),
(26, 'Linear Algebra', 'Mathematics', 5, 478),
(27, 'Genetics', 'English', 4, 573),
(28, 'Calculus I', 'Mathematics', 4, 303),
(29, 'Database Systems', 'Chemistry', 1, 741),
(31, 'Algorithms', 'Physics', 3, 749),
(33, 'Intro to CS', 'Biology', 2, 74),
(35, 'Literature', 'Chemistry', 1, 96),
(36, 'Linear Algebra', 'Computer Science', 4, 303),
(37, 'Organic Chemistry', 'English', 2, 433),
(39, 'Intro to CS', 'English', 5, 789),
(40, 'Inorganic Chemistry', 'Economics', 2, 556),
(41, 'World History', 'Chemistry', 2, 549),
(42, 'Operating Systems', 'Biology', 2, 212),
(43, 'Quantum Physics', 'Chemistry', 2, 948),
(44, 'Database Systems', 'Physics', 1, 242),
(45, 'Inorganic Chemistry', 'Psychology', 5, 263),
(48, 'Linear Algebra', 'Computer Science', 3, 38),
(49, 'Linear Algebra', 'Philosophy', 2, 121),
(50, 'Linear Algebra', 'English', 3, 300),
(52, 'Inorganic Chemistry', 'Economics', 3, 359),
(53, 'Quantum Physics', 'English', 1, 108),
(54, 'Operating Systems', 'History', 2, 232),
(55, 'Microbiology', 'Physics', 5, 364),
(56, 'Algorithms', 'Economics', 4, 828),
(57, 'Statistics', 'Psychology', 3, 353),
(58, 'Ethics', 'Chemistry', 2, 322),
(59, 'World History', 'Biology', 3, 571),
(60, 'Classical Mechanics', 'English', 1, 256),
(61, 'Macroeconomics', 'English', 4, 980),
(62, 'Genetics', 'Psychology', 3, 570),
(63, 'Database Systems', 'English', 4, 170),
(64, 'Inorganic Chemistry', 'Biology', 5, 626),
(65, 'World History', 'Economics', 2, 348),
(66, 'Macroeconomics', 'Biology', 2, 867),
(67, 'Linear Algebra', 'Biology', 4, 428),
(68, 'Macroeconomics', 'Psychology', 1, 456),
(69, 'Inorganic Chemistry', 'Psychology', 3, 124),
(71, 'Inorganic Chemistry', 'History', 3, 168),
(72, 'World History', 'History', 1, 833),
(73, 'Quantum Physics', 'Physics', 1, 703),
(74, 'Discrete Math', 'Physics', 4, 192),
(75, 'Data Structures', 'Computer Science', 1, 955),
(76, 'Macroeconomics', 'History', 3, 433),
(77, 'Calculus II', 'Physics', 3, 753),
(78, 'Database Systems', 'History', 2, 562),
(80, 'Quantum Physics', 'Economics', 3, 50),
(81, 'Macroeconomics', 'Biology', 3, 571),
(82, 'Quantum Physics', 'Computer Science', 1, 647),
(83, 'Operating Systems', 'Chemistry', 4, 96),
(84, 'Calculus II', 'Psychology', 5, 673),
(85, 'Calculus II', 'History', 5, 837),
(86, 'Macroeconomics', 'Philosophy', 3, 178),
(87, 'Statistics', 'Chemistry', 4, 575),
(88, 'Ethics', 'English', 2, 872),
(89, 'Microbiology', 'Philosophy', 5, 132),
(90, 'Discrete Math', 'Physics', 2, 493),
(91, 'Data Structures', 'Chemistry', 1, 355),
(93, 'Data Structures', 'Mathematics', 2, 8),
(94, 'Linear Algebra', 'Mathematics', 5, 654),
(95, 'Database Systems', 'Chemistry', 1, 682),
(96, 'Organic Chemistry', 'History', 5, 865),
(97, 'Organic Chemistry', 'Computer Science', 2, 26),
(98, 'Statistics', 'Philosophy', 2, 485),
(99, 'Data Structures', 'Physics', 4, 66),
(100, 'Statistics', 'History', 5, 424),
(101, 'Ethics', 'History', 2, 954),
(102, 'World History', 'Computer Science', 5, 420),
(103, 'Ethics', 'Psychology', 2, 188),
(104, 'Quantum Physics', 'English', 3, 915),
(105, 'World History', 'English', 1, 274),
(106, 'Intro to CS', 'History', 4, 579),
(107, 'Literature', 'Biology', 5, 507),
(108, 'Organic Chemistry', 'Physics', 1, 354),
(109, 'Literature', 'Mathematics', 1, 90),
(110, 'Discrete Math', 'Chemistry', 1, 622),
(111, 'World History', 'Philosophy', 3, 740),
(112, 'Statistics', 'Biology', 2, 63),
(113, 'World History', 'Biology', 1, 630),
(114, 'Discrete Math', 'Mathematics', 2, 454),
(116, 'Inorganic Chemistry', 'Philosophy', 1, 181),
(117, 'Intro to CS', 'English', 4, 923),
(118, 'Database Systems', 'History', 5, 152),
(119, 'Genetics', 'Chemistry', 1, 218),
(120, 'Classical Mechanics', 'Economics', 4, 55),
(121, 'Operating Systems', 'Biology', 2, 347),
(122, 'Classical Mechanics', 'Computer Science', 2, 789),
(123, 'Microbiology', 'English', 5, 728),
(124, 'Database Systems', 'Mathematics', 1, 109),
(125, 'Macroeconomics', 'Computer Science', 4, 730),
(126, 'Quantum Physics', 'Computer Science', 4, 919),
(127, 'Calculus II', 'Biology', 5, 608),
(128, 'Genetics', 'Chemistry', 2, 984),
(129, 'Algorithms', 'Biology', 2, 651),
(130, 'Quantum Physics', 'Psychology', 5, 603),
(131, 'Macroeconomics', 'Computer Science', 5, 871),
(132, 'Database Systems', 'Mathematics', 3, 330),
(133, 'Discrete Math', 'Chemistry', 5, 773),
(134, 'Calculus II', 'Chemistry', 1, 648),
(135, 'Microbiology', 'Chemistry', 3, 810),
(136, 'Operating Systems', 'English', 2, 884),
(137, 'World History', 'Biology', 2, 845),
(138, 'World History', 'Chemistry', 5, 715),
(139, 'Ethics', 'Philosophy', 4, 391),
(140, 'Quantum Physics', 'Biology', 5, 740),
(141, 'Quantum Physics', 'Computer Science', 1, 521),
(142, 'Discrete Math', 'Philosophy', 3, 382),
(144, 'Database Systems', 'Biology', 2, 938),
(145, 'Quantum Physics', 'English', 1, 599),
(146, 'Quantum Physics', 'Philosophy', 1, 948),
(147, 'Organic Chemistry', 'Psychology', 1, 192),
(148, 'Linear Algebra', 'Chemistry', 2, 942),
(149, 'Algorithms', 'Biology', 5, 761),
(150, 'Intro to CS', 'Economics', 2, 383),
(151, 'Classical Mechanics', 'Psychology', 5, 618),
(152, 'Discrete Math', 'Psychology', 1, 616),
(153, 'Algorithms', 'Philosophy', 2, 465),
(154, 'Statistics', 'Economics', 2, 920),
(155, 'Organic Chemistry', 'Mathematics', 5, 723),
(156, 'Discrete Math', 'Economics', 4, 192),
(158, 'Linear Algebra', 'Psychology', 5, 662),
(159, 'Algorithms', 'Chemistry', 2, 159),
(160, 'Classical Mechanics', 'Mathematics', 4, 658),
(161, 'World History', 'Philosophy', 5, 765),
(162, 'Statistics', 'Biology', 5, 885),
(163, 'Inorganic Chemistry', 'History', 5, 898),
(164, 'Operating Systems', 'English', 2, 629),
(165, 'Organic Chemistry', 'Philosophy', 2, 242),
(166, 'Intro to CS', 'English', 3, 808),
(168, 'Calculus II', 'Psychology', 5, 50),
(169, 'Literature', 'Philosophy', 5, 934),
(171, 'Database Systems', 'Psychology', 5, 622),
(173, 'Intro to CS', 'Philosophy', 1, 635),
(174, 'Genetics', 'Mathematics', 2, 772),
(175, 'Algorithms', 'Computer Science', 1, 301),
(176, 'Quantum Physics', 'Psychology', 4, 228),
(177, 'World History', 'Mathematics', 4, 495),
(178, 'Calculus II', 'Physics', 5, 286),
(180, 'Data Structures', 'Chemistry', 1, 219),
(181, 'Quantum Physics', 'Economics', 3, 494),
(182, 'Discrete Math', 'Mathematics', 2, 813),
(183, 'World History', 'Mathematics', 2, 727),
(184, 'Genetics', 'Physics', 5, 376),
(185, 'Database Systems', 'Mathematics', 1, 634),
(186, 'Macroeconomics', 'Psychology', 4, 73),
(187, 'Quantum Physics', 'Economics', 2, 972),
(188, 'Calculus II', 'Mathematics', 5, 584),
(190, 'Linear Algebra', 'Biology', 3, 498),
(191, 'Organic Chemistry', 'Biology', 1, 875),
(192, 'Statistics', 'Philosophy', 5, 428),
(193, 'Calculus I', 'Economics', 1, 433),
(194, 'Algorithms', 'History', 2, 513),
(195, 'Discrete Math', 'Biology', 3, 779),
(196, 'Database Systems', 'Economics', 2, 450),
(197, 'Ethics', 'English', 1, 118),
(198, 'World History', 'Mathematics', 2, 51),
(201, 'Database Systems', 'Economics', 4, 127),
(202, 'Quantum Physics', 'Economics', 3, 519),
(203, 'Calculus I', 'Mathematics', 3, 128),
(204, 'Database Systems', 'Economics', 4, 793),
(205, 'Discrete Math', 'Psychology', 2, 294),
(206, 'Intro to CS', 'Computer Science', 5, 436),
(207, 'Macroeconomics', 'Mathematics', 2, 315),
(208, 'Inorganic Chemistry', 'History', 3, 361),
(209, 'Linear Algebra', 'Biology', 4, 65),
(210, 'Macroeconomics', 'Economics', 5, 441),
(211, 'Operating Systems', 'Mathematics', 1, 514),
(213, 'Data Structures', 'Philosophy', 3, 235),
(215, 'Classical Mechanics', 'Biology', 1, 204),
(216, 'Quantum Physics', 'Psychology', 3, 470),
(217, 'Discrete Math', 'Psychology', 3, 19),
(218, 'Statistics', 'Physics', 4, 954),
(219, 'Ethics', 'Chemistry', 3, 992),
(220, 'Data Structures', 'History', 1, 704),
(221, 'Genetics', 'Mathematics', 5, 322),
(222, 'Quantum Physics', 'Chemistry', 3, 385),
(223, 'Discrete Math', 'Philosophy', 1, 842),
(224, 'Organic Chemistry', 'Biology', 1, 661),
(225, 'Macroeconomics', 'Mathematics', 1, 796),
(226, 'Discrete Math', 'Mathematics', 2, 495),
(227, 'Algorithms', 'History', 2, 698),
(228, 'Inorganic Chemistry', 'Psychology', 4, 792),
(229, 'Data Structures', 'Psychology', 1, 584),
(231, 'Statistics', 'History', 1, 767),
(232, 'Literature', 'Physics', 4, 906),
(233, 'Classical Mechanics', 'Mathematics', 3, 905),
(234, 'Literature', 'Philosophy', 2, 845),
(235, 'Discrete Math', 'Physics', 1, 594),
(236, 'Organic Chemistry', 'Psychology', 1, 166),
(237, 'Operating Systems', 'Mathematics', 5, 726),
(238, 'Intro to CS', 'Physics', 2, 966),
(239, 'Quantum Physics', 'English', 1, 280),
(240, 'Ethics', 'Psychology', 5, 281),
(241, 'Operating Systems', 'Biology', 1, 548),
(242, 'Macroeconomics', 'Economics', 1, 395),
(243, 'Operating Systems', 'Psychology', 4, 832),
(245, 'Algorithms', 'Psychology', 2, 415),
(247, 'Ethics', 'Computer Science', 5, 276),
(249, 'Intro to CS', 'Psychology', 5, 578),
(250, 'Genetics', 'Philosophy', 4, 926),
(251, 'Discrete Math', 'English', 3, 343),
(252, 'Organic Chemistry', 'Computer Science', 4, 763),
(253, 'Genetics', 'Philosophy', 2, 307),
(254, 'Organic Chemistry', 'Chemistry', 4, 646),
(255, 'Calculus II', 'History', 2, 797),
(256, 'Microbiology', 'History', 2, 148),
(258, 'Microbiology', 'Economics', 2, 280),
(259, 'Literature', 'Biology', 2, 361),
(261, 'Classical Mechanics', 'Chemistry', 2, 505),
(262, 'Statistics', 'Computer Science', 5, 344),
(264, 'Literature', 'History', 3, 661),
(265, 'Statistics', 'Physics', 5, 815),
(266, 'Inorganic Chemistry', 'History', 1, 187),
(267, 'Operating Systems', 'Economics', 2, 807),
(268, 'Organic Chemistry', 'Chemistry', 3, 760),
(269, 'Quantum Physics', 'Chemistry', 2, 690),
(270, 'Classical Mechanics', 'English', 5, 894),
(271, 'Calculus II', 'History', 3, 176),
(272, 'Inorganic Chemistry', 'Computer Science', 5, 665),
(273, 'Genetics', 'Physics', 4, 463),
(274, 'Literature', 'Physics', 1, 328),
(276, 'Classical Mechanics', 'Chemistry', 3, 447),
(277, 'Operating Systems', 'Psychology', 2, 533),
(278, 'Classical Mechanics', 'History', 5, 767),
(279, 'Classical Mechanics', 'Mathematics', 4, 526),
(280, 'Database Systems', 'Computer Science', 3, 173),
(281, 'Calculus II', 'Economics', 5, 148),
(282, 'Algorithms', 'Philosophy', 4, 286),
(283, 'Inorganic Chemistry', 'Chemistry', 3, 860),
(284, 'Literature', 'English', 3, 234),
(285, 'Ethics', 'Economics', 5, 366),
(287, 'Quantum Physics', 'Philosophy', 4, 111),
(288, 'Macroeconomics', 'Economics', 4, 604),
(289, 'Calculus I', 'Economics', 3, 439),
(290, 'Inorganic Chemistry', 'Computer Science', 3, 711),
(291, 'World History', 'Biology', 1, 562),
(292, 'Discrete Math', 'Economics', 2, 823),
(293, 'Data Structures', 'Chemistry', 4, 47),
(294, 'Genetics', 'Biology', 1, 578),
(295, 'Data Structures', 'Mathematics', 1, 968),
(296, 'Statistics', 'Physics', 4, 890),
(297, 'Genetics', 'Computer Science', 5, 784),
(298, 'Organic Chemistry', 'English', 1, 669),
(299, 'World History', 'History', 2, 433),
(300, 'Data Structures', 'Biology', 4, 480),
(301, 'Organic Chemistry', 'Economics', 2, 44),
(302, 'Classical Mechanics', 'Mathematics', 2, 269),
(303, 'Microbiology', 'Economics', 2, 628),
(304, 'Operating Systems', 'Philosophy', 1, 381),
(305, 'Organic Chemistry', 'History', 3, 888),
(306, 'Calculus I', 'Psychology', 4, 875),
(307, 'World History', 'Physics', 2, 551),
(309, 'Calculus I', 'Physics', 1, 909),
(310, 'Microbiology', 'History', 4, 253),
(311, 'Data Structures', 'History', 2, 978),
(312, 'Statistics', 'Computer Science', 3, 233),
(314, 'Literature', 'Computer Science', 2, 552),
(315, 'Quantum Physics', 'Biology', 4, 324),
(316, 'Quantum Physics', 'Biology', 5, 393),
(317, 'Operating Systems', 'Economics', 1, 695),
(318, 'Microbiology', 'Philosophy', 1, 519),
(319, 'Quantum Physics', 'Physics', 1, 56),
(320, 'Database Systems', 'Mathematics', 2, 802),
(321, 'Genetics', 'Mathematics', 3, 355),
(322, 'Operating Systems', 'Computer Science', 1, 564),
(323, 'Calculus I', 'English', 1, 245),
(324, 'Linear Algebra', 'Psychology', 3, 725),
(326, 'Calculus I', 'Economics', 3, 977),
(327, 'Genetics', 'History', 5, 171),
(328, 'Operating Systems', 'Physics', 1, 944),
(329, 'World History', 'Physics', 3, 887),
(330, 'Genetics', 'Biology', 4, 732),
(331, 'Calculus I', 'Psychology', 4, 117),
(332, 'Macroeconomics', 'Philosophy', 1, 582),
(333, 'Organic Chemistry', 'Biology', 4, 263),
(334, 'Calculus II', 'Biology', 2, 603),
(335, 'Organic Chemistry', 'Psychology', 2, 897),
(336, 'Literature', 'English', 3, 600),
(337, 'Ethics', 'Philosophy', 5, 168),
(339, 'Macroeconomics', 'Computer Science', 3, 648),
(340, 'Ethics', 'Chemistry', 5, 905),
(341, 'Discrete Math', 'English', 2, 726),
(342, 'Quantum Physics', 'Psychology', 2, 767),
(343, 'Calculus II', 'Psychology', 5, 400),
(344, 'Statistics', 'Biology', 3, 390),
(345, 'Operating Systems', 'Computer Science', 2, 200),
(347, 'Literature', 'Physics', 2, 833),
(348, 'World History', 'Chemistry', 5, 616),
(349, 'Macroeconomics', 'History', 5, 29),
(351, 'Data Structures', 'Computer Science', 1, 488),
(352, 'Data Structures', 'Biology', 5, 344),
(353, 'Microbiology', 'English', 5, 885),
(354, 'Database Systems', 'Biology', 3, 307),
(355, 'Quantum Physics', 'Psychology', 2, 438),
(356, 'Quantum Physics', 'Physics', 3, 597),
(357, 'Quantum Physics', 'Psychology', 4, 55),
(358, 'Database Systems', 'Physics', 2, 355),
(359, 'Inorganic Chemistry', 'Computer Science', 5, 439),
(360, 'Algorithms', 'Economics', 4, 818),
(361, 'Statistics', 'Psychology', 2, 205),
(362, 'World History', 'English', 5, 287),
(363, 'Linear Algebra', 'Philosophy', 4, 988),
(364, 'Database Systems', 'Psychology', 3, 902),
(365, 'Macroeconomics', 'History', 5, 280),
(366, 'Quantum Physics', 'Biology', 2, 339),
(367, 'Intro to CS', 'Mathematics', 5, 52),
(368, 'Algorithms', 'Psychology', 2, 383),
(369, 'Literature', 'Psychology', 2, 60),
(370, 'Operating Systems', 'Biology', 4, 218),
(371, 'Calculus II', 'Philosophy', 3, 242),
(373, 'Discrete Math', 'English', 1, 430),
(374, 'Data Structures', 'Biology', 4, 54),
(375, 'Linear Algebra', 'Computer Science', 2, 463),
(376, 'Algorithms', 'Biology', 4, 386),
(377, 'Algorithms', 'Mathematics', 2, 913),
(378, 'Macroeconomics', 'Biology', 3, 583),
(379, 'Intro to CS', 'Psychology', 4, 290),
(380, 'Literature', 'English', 2, 416),
(381, 'Organic Chemistry', 'Chemistry', 4, 834),
(382, 'Statistics', 'History', 2, 549),
(383, 'Operating Systems', 'Psychology', 3, 29),
(384, 'Classical Mechanics', 'Mathematics', 2, 454),
(385, 'Literature', 'Psychology', 4, 137),
(386, 'Quantum Physics', 'Chemistry', 3, 194),
(387, 'Classical Mechanics', 'Physics', 1, 770),
(388, 'Microbiology', 'Computer Science', 2, 733),
(389, 'Classical Mechanics', 'Psychology', 3, 420),
(390, 'Statistics', 'Chemistry', 5, 213),
(391, 'Calculus I', 'Economics', 3, 8),
(392, 'Inorganic Chemistry', 'Economics', 1, 642),
(393, 'Calculus II', 'Psychology', 1, 849),
(394, 'Macroeconomics', 'Biology', 4, 104),
(395, 'Discrete Math', 'Computer Science', 3, 808),
(396, 'Macroeconomics', 'History', 5, 222),
(397, 'Database Systems', 'History', 2, 710),
(398, 'Genetics', 'Biology', 2, 402),
(399, 'Operating Systems', 'Biology', 2, 436),
(400, 'Intro to CS', 'History', 3, 284),
(401, 'Microbiology', 'Psychology', 3, 708),
(402, 'Database Systems', 'Chemistry', 1, 819),
(404, 'Inorganic Chemistry', 'Psychology', 1, 187),
(405, 'Macroeconomics', 'Biology', 5, 547),
(406, 'Genetics', 'Philosophy', 2, 640),
(408, 'Calculus II', 'Philosophy', 4, 286),
(409, 'Data Structures', 'Economics', 1, 971),
(410, 'Data Structures', 'English', 5, 744),
(411, 'Discrete Math', 'Philosophy', 2, 181),
(412, 'Calculus II', 'History', 2, 486),
(413, 'Organic Chemistry', 'English', 1, 803),
(414, 'Inorganic Chemistry', 'Economics', 1, 665),
(415, 'Calculus I', 'History', 2, 828),
(416, 'Ethics', 'Chemistry', 5, 3),
(417, 'Intro to CS', 'English', 3, 407),
(418, 'Quantum Physics', 'Computer Science', 3, 571),
(419, 'Inorganic Chemistry', 'History', 2, 810),
(421, 'Discrete Math', 'Mathematics', 3, 655),
(422, 'Calculus I', 'Mathematics', 1, 630),
(423, 'Ethics', 'History', 4, 196),
(424, 'Discrete Math', 'Economics', 1, 276),
(425, 'Genetics', 'Psychology', 4, 654),
(426, 'Database Systems', 'Economics', 4, 846),
(427, 'Calculus II', 'Chemistry', 5, 36),
(428, 'Inorganic Chemistry', 'Psychology', 2, 306),
(429, 'Algorithms', 'Philosophy', 4, 764),
(430, 'Inorganic Chemistry', 'Biology', 4, 239),
(431, 'Microbiology', 'Biology', 2, 675),
(432, 'Algorithms', 'Mathematics', 5, 609),
(433, 'Operating Systems', 'Psychology', 2, 543),
(434, 'Genetics', 'Physics', 1, 120),
(435, 'Literature', 'Philosophy', 2, 777),
(436, 'Calculus I', 'Mathematics', 5, 242),
(437, 'Operating Systems', 'Physics', 4, 437),
(438, 'Intro to CS', 'Philosophy', 5, 421),
(439, 'Calculus II', 'Chemistry', 3, 524),
(440, 'Organic Chemistry', 'History', 1, 237),
(441, 'Calculus II', 'Biology', 4, 684),
(442, 'Calculus I', 'English', 2, 638),
(443, 'Discrete Math', 'Biology', 5, 126),
(444, 'Ethics', 'Computer Science', 3, 949),
(445, 'Genetics', 'Philosophy', 3, 12),
(448, 'Statistics', 'Economics', 3, 765),
(449, 'Linear Algebra', 'Biology', 5, 314),
(450, 'Calculus II', 'History', 3, 112),
(453, 'Genetics', 'Philosophy', 1, 902),
(454, 'Ethics', 'Biology', 5, 226),
(455, 'Microbiology', 'Mathematics', 5, 926),
(457, 'Organic Chemistry', 'History', 4, 784),
(458, 'Data Structures', 'Economics', 5, 393),
(459, 'Discrete Math', 'Economics', 3, 44),
(460, 'Operating Systems', 'Psychology', 2, 833),
(461, 'Literature', 'History', 2, 530),
(462, 'Ethics', 'Mathematics', 1, 135),
(463, 'Data Structures', 'Mathematics', 4, 909),
(464, 'Organic Chemistry', 'Psychology', 4, 693),
(465, 'Algorithms', 'History', 2, 183),
(466, 'World History', 'Psychology', 1, 611),
(468, 'Macroeconomics', 'Mathematics', 1, 108),
(470, 'Classical Mechanics', 'Philosophy', 3, 712),
(471, 'Inorganic Chemistry', 'Economics', 3, 937),
(472, 'Calculus II', 'Philosophy', 3, 281),
(473, 'Macroeconomics', 'English', 4, 626),
(474, 'Database Systems', 'History', 5, 420),
(476, 'Macroeconomics', 'History', 5, 259),
(477, 'Calculus II', 'History', 4, 226),
(479, 'Calculus II', 'Mathematics', 5, 161),
(480, 'Quantum Physics', 'History', 1, 635),
(481, 'Statistics', 'Computer Science', 5, 316),
(482, 'Calculus II', 'Chemistry', 3, 178),
(483, 'Data Structures', 'English', 1, 507),
(484, 'Discrete Math', 'Computer Science', 1, 389),
(485, 'Microbiology', 'Philosophy', 2, 471),
(486, 'Algorithms', 'English', 1, 90),
(487, 'Ethics', 'History', 2, 980),
(488, 'Ethics', 'Economics', 3, 719),
(490, 'World History', 'Economics', 4, 92),
(491, 'World History', 'History', 3, 255),
(493, 'Microbiology', 'Biology', 4, 361),
(494, 'Quantum Physics', 'Physics', 2, 968),
(495, 'Macroeconomics', 'Chemistry', 4, 654),
(496, 'Classical Mechanics', 'Computer Science', 5, 436),
(497, 'Algorithms', 'Chemistry', 1, 932),
(498, 'Literature', 'English', 2, 226),
(499, 'Classical Mechanics', 'Computer Science', 5, 449),
(500, 'Calculus I', 'Chemistry', 2, 381),
(501, 'World History', 'Mathematics', 4, 426),
(502, 'Inorganic Chemistry', 'Physics', 5, 348),
(503, 'Linear Algebra', 'Psychology', 4, 549),
(504, 'Literature', 'Economics', 1, 294),
(505, 'World History', 'Economics', 2, 261),
(506, 'Linear Algebra', 'Psychology', 1, 779),
(507, 'Microbiology', 'Mathematics', 4, 905),
(508, 'Literature', 'Psychology', 1, 740),
(509, 'World History', 'Psychology', 1, 859),
(510, 'Ethics', 'Chemistry', 2, 488),
(512, 'Intro to CS', 'Biology', 3, 423),
(513, 'Intro to CS', 'Computer Science', 3, 327),
(514, 'Genetics', 'Psychology', 5, 77),
(515, 'Algorithms', 'English', 4, 385),
(516, 'Classical Mechanics', 'Chemistry', 2, 845),
(517, 'Statistics', 'Economics', 2, 572),
(518, 'Ethics', 'Economics', 3, 130),
(519, 'Statistics', 'English', 1, 633),
(520, 'Quantum Physics', 'Computer Science', 5, 995),
(521, 'Macroeconomics', 'Economics', 3, 721),
(522, 'World History', 'Psychology', 1, 879),
(523, 'Genetics', 'Economics', 2, 711),
(524, 'Discrete Math', 'Psychology', 3, 113),
(525, 'Organic Chemistry', 'English', 4, 869),
(526, 'Inorganic Chemistry', 'Biology', 5, 715),
(527, 'Algorithms', 'Physics', 5, 48),
(528, 'Intro to CS', 'History', 1, 48),
(529, 'Data Structures', 'Mathematics', 4, 851),
(530, 'Calculus I', 'History', 2, 186),
(531, 'Quantum Physics', 'Mathematics', 5, 336),
(532, 'Ethics', 'Chemistry', 1, 550),
(533, 'Linear Algebra', 'Computer Science', 2, 843),
(534, 'Intro to CS', 'Mathematics', 1, 986),
(535, 'Algorithms', 'Philosophy', 1, 391),
(536, 'Inorganic Chemistry', 'Biology', 5, 113),
(537, 'Organic Chemistry', 'Psychology', 4, 228),
(538, 'Statistics', 'Economics', 4, 629),
(539, 'Inorganic Chemistry', 'Mathematics', 5, 190),
(540, 'Database Systems', 'Physics', 2, 493),
(541, 'Quantum Physics', 'Economics', 3, 823),
(542, 'Statistics', 'Economics', 5, 667),
(543, 'Data Structures', 'Economics', 3, 907),
(544, 'Operating Systems', 'Mathematics', 4, 280),
(545, 'Microbiology', 'Philosophy', 2, 700),
(546, 'Data Structures', 'Psychology', 3, 897),
(548, 'Macroeconomics', 'Biology', 2, 481),
(549, 'Linear Algebra', 'Physics', 3, 939),
(551, 'Calculus I', 'History', 1, 160),
(552, 'Macroeconomics', 'Mathematics', 5, 951),
(553, 'Calculus I', 'Mathematics', 5, 783),
(554, 'Classical Mechanics', 'Biology', 2, 809),
(555, 'Data Structures', 'Chemistry', 4, 175),
(556, 'Discrete Math', 'Philosophy', 3, 524),
(557, 'Genetics', 'Philosophy', 1, 699),
(558, 'World History', 'Physics', 5, 816),
(560, 'Organic Chemistry', 'Biology', 2, 899),
(561, 'Classical Mechanics', 'Physics', 5, 307),
(562, 'Ethics', 'Economics', 4, 683),
(563, 'Calculus II', 'Economics', 4, 247),
(565, 'Operating Systems', 'Chemistry', 1, 926),
(566, 'Microbiology', 'Chemistry', 1, 132),
(567, 'Genetics', 'Chemistry', 5, 112),
(568, 'Genetics', 'Chemistry', 1, 358),
(569, 'Macroeconomics', 'Computer Science', 5, 562),
(570, 'Calculus II', 'Philosophy', 1, 846),
(571, 'Genetics', 'History', 2, 802),
(572, 'Linear Algebra', 'Psychology', 2, 361),
(573, 'Microbiology', 'Chemistry', 5, 394),
(574, 'Discrete Math', 'Chemistry', 2, 573),
(575, 'Operating Systems', 'Chemistry', 3, 964),
(576, 'Operating Systems', 'Biology', 4, 92),
(577, 'Data Structures', 'Mathematics', 4, 439),
(578, 'Classical Mechanics', 'Mathematics', 1, 286),
(579, 'Operating Systems', 'Biology', 2, 462),
(580, 'World History', 'History', 3, 84),
(581, 'World History', 'English', 1, 671),
(582, 'Database Systems', 'History', 3, 528),
(583, 'Statistics', 'Physics', 4, 637),
(584, 'Discrete Math', 'Computer Science', 1, 453),
(585, 'Intro to CS', 'Psychology', 3, 235),
(586, 'Linear Algebra', 'Philosophy', 3, 985),
(587, 'Literature', 'Mathematics', 4, 515),
(588, 'Linear Algebra', 'Philosophy', 1, 749),
(589, 'Linear Algebra', 'Physics', 1, 894),
(590, 'Microbiology', 'Mathematics', 3, 424),
(591, 'Operating Systems', 'Economics', 3, 691),
(592, 'Quantum Physics', 'Chemistry', 3, 459),
(593, 'Data Structures', 'History', 3, 110),
(594, 'Linear Algebra', 'Psychology', 3, 328),
(595, 'Database Systems', 'Economics', 2, 353),
(596, 'Calculus II', 'Chemistry', 5, 428),
(597, 'Linear Algebra', 'Psychology', 4, 689),
(598, 'Operating Systems', 'Economics', 4, 955),
(599, 'Discrete Math', 'Computer Science', 3, 493),
(600, 'Inorganic Chemistry', 'Economics', 1, 246),
(601, 'Literature', 'Computer Science', 3, 73),
(602, 'Genetics', 'Chemistry', 2, 968),
(603, 'Linear Algebra', 'Biology', 4, 718),
(604, 'Inorganic Chemistry', 'Psychology', 1, 813),
(605, 'Macroeconomics', 'English', 1, 756),
(606, 'Genetics', 'Psychology', 3, 255),
(607, 'Organic Chemistry', 'Mathematics', 2, 959),
(608, 'Organic Chemistry', 'English', 3, 552),
(609, 'World History', 'Chemistry', 5, 594),
(610, 'Organic Chemistry', 'History', 4, 773),
(611, 'Calculus II', 'Chemistry', 2, 936),
(612, 'Operating Systems', 'Economics', 2, 436),
(613, 'Intro to CS', 'History', 3, 352),
(614, 'Data Structures', 'History', 2, 809),
(615, 'Genetics', 'English', 1, 525),
(617, 'Organic Chemistry', 'History', 5, 383),
(618, 'Operating Systems', 'Economics', 3, 302),
(619, 'Classical Mechanics', 'Physics', 1, 381),
(620, 'Genetics', 'Physics', 3, 228),
(622, 'Inorganic Chemistry', 'Computer Science', 1, 925),
(623, 'Microbiology', 'Economics', 2, 313),
(624, 'Macroeconomics', 'English', 5, 280),
(625, 'Quantum Physics', 'History', 2, 546),
(626, 'Literature', 'History', 3, 182),
(628, 'Operating Systems', 'Physics', 3, 760),
(629, 'Algorithms', 'Chemistry', 5, 305),
(630, 'Discrete Math', 'Psychology', 4, 932),
(631, 'Macroeconomics', 'Economics', 3, 707),
(632, 'Database Systems', 'Chemistry', 2, 316),
(633, 'Calculus II', 'English', 2, 433),
(635, 'Organic Chemistry', 'Computer Science', 5, 51),
(636, 'Literature', 'Mathematics', 3, 36),
(637, 'Operating Systems', 'Economics', 2, 130),
(639, 'Classical Mechanics', 'Psychology', 3, 743),
(640, 'Calculus I', 'History', 1, 758),
(641, 'Calculus II', 'Economics', 3, 650),
(642, 'Calculus I', 'History', 1, 667),
(643, 'Ethics', 'Philosophy', 2, 136),
(644, 'Calculus I', 'Psychology', 4, 351),
(645, 'Data Structures', 'Computer Science', 1, 365),
(646, 'Algorithms', 'Chemistry', 4, 222),
(647, 'Ethics', 'English', 1, 32),
(648, 'Database Systems', 'Biology', 2, 928),
(649, 'Linear Algebra', 'Computer Science', 1, 256),
(651, 'World History', 'Psychology', 3, 855),
(652, 'Inorganic Chemistry', 'Philosophy', 4, 354),
(653, 'Microbiology', 'Chemistry', 1, 637),
(654, 'Classical Mechanics', 'English', 3, 166),
(655, 'World History', 'Biology', 1, 247),
(656, 'Discrete Math', 'Philosophy', 2, 178),
(657, 'Macroeconomics', 'Philosophy', 1, 676),
(658, 'Ethics', 'Psychology', 3, 187),
(659, 'Classical Mechanics', 'Mathematics', 1, 684),
(660, 'Database Systems', 'Psychology', 4, 793),
(661, 'World History', 'English', 4, 796),
(662, 'Macroeconomics', 'Philosophy', 2, 98),
(663, 'Literature', 'Psychology', 1, 783),
(664, 'Literature', 'Mathematics', 4, 277),
(665, 'Discrete Math', 'Chemistry', 1, 954),
(666, 'Literature', 'Computer Science', 2, 38),
(667, 'Genetics', 'Philosophy', 2, 494),
(668, 'World History', 'Chemistry', 1, 931),
(669, 'Inorganic Chemistry', 'Chemistry', 5, 347),
(671, 'Genetics', 'Economics', 5, 19),
(672, 'Quantum Physics', 'Computer Science', 2, 691),
(673, 'Intro to CS', 'Computer Science', 2, 273),
(674, 'Classical Mechanics', 'Mathematics', 2, 528),
(675, 'Calculus II', 'History', 2, 674),
(676, 'Genetics', 'Physics', 2, 639),
(677, 'Classical Mechanics', 'Computer Science', 2, 452),
(678, 'Algorithms', 'Economics', 4, 290),
(679, 'Quantum Physics', 'Computer Science', 4, 536),
(680, 'Ethics', 'English', 2, 932),
(681, 'Operating Systems', 'Philosophy', 1, 157),
(682, 'Algorithms', 'Chemistry', 2, 258),
(683, 'Literature', 'Computer Science', 5, 258),
(684, 'Classical Mechanics', 'History', 2, 43),
(685, 'Organic Chemistry', 'Chemistry', 4, 935),
(686, 'Calculus I', 'Biology', 4, 108),
(687, 'Linear Algebra', 'History', 2, 796),
(688, 'Macroeconomics', 'Physics', 4, 170),
(689, 'Discrete Math', 'Psychology', 4, 887),
(690, 'Genetics', 'Physics', 3, 820),
(691, 'Algorithms', 'Mathematics', 1, 440),
(692, 'Quantum Physics', 'Philosophy', 3, 628),
(693, 'Calculus II', 'History', 3, 869),
(694, 'Intro to CS', 'English', 3, 452),
(695, 'Literature', 'English', 3, 95),
(696, 'Ethics', 'History', 4, 362),
(697, 'Ethics', 'Biology', 1, 279),
(698, 'Ethics', 'Computer Science', 5, 77),
(699, 'Genetics', 'Physics', 1, 305),
(701, 'Genetics', 'Chemistry', 3, 193),
(702, 'Algorithms', 'Biology', 4, 673),
(703, 'Calculus I', 'History', 5, 159),
(704, 'Operating Systems', 'Mathematics', 2, 454),
(705, 'Quantum Physics', 'Computer Science', 5, 629),
(706, 'Operating Systems', 'Psychology', 2, 770),
(707, 'Organic Chemistry', 'Mathematics', 4, 709),
(708, 'Literature', 'Biology', 3, 90),
(709, 'Discrete Math', 'History', 3, 753),
(710, 'Calculus I', 'Economics', 4, 904),
(711, 'Macroeconomics', 'Chemistry', 2, 801),
(712, 'Data Structures', 'Chemistry', 5, 289),
(714, 'Algorithms', 'Chemistry', 3, 25),
(715, 'Algorithms', 'Biology', 3, 673),
(716, 'Linear Algebra', 'Chemistry', 3, 746),
(717, 'Statistics', 'Chemistry', 4, 305),
(718, 'Linear Algebra', 'Chemistry', 2, 860),
(719, 'Genetics', 'Physics', 5, 574),
(720, 'Intro to CS', 'Philosophy', 2, 947),
(721, 'Inorganic Chemistry', 'Economics', 3, 104),
(722, 'Algorithms', 'Philosophy', 2, 291),
(724, 'Classical Mechanics', 'English', 3, 669),
(725, 'Calculus I', 'Philosophy', 4, 19),
(726, 'Genetics', 'Chemistry', 5, 508),
(727, 'Algorithms', 'Biology', 3, 385),
(728, 'Data Structures', 'Chemistry', 2, 775),
(729, 'Organic Chemistry', 'Biology', 2, 280),
(730, 'Statistics', 'Chemistry', 2, 418),
(731, 'Calculus I', 'English', 5, 690),
(732, 'Ethics', 'Physics', 2, 876),
(733, 'Intro to CS', 'Psychology', 2, 306),
(734, 'Calculus II', 'Mathematics', 5, 936),
(735, 'Quantum Physics', 'Philosophy', 2, 761),
(736, 'World History', 'Chemistry', 4, 554),
(737, 'Macroeconomics', 'History', 1, 662),
(738, 'Database Systems', 'English', 3, 790),
(739, 'Microbiology', 'Chemistry', 5, 390),
(740, 'Literature', 'English', 2, 800),
(741, 'Genetics', 'Mathematics', 5, 113),
(742, 'Statistics', 'Chemistry', 2, 138),
(743, 'Ethics', 'Philosophy', 1, 505),
(744, 'Macroeconomics', 'Computer Science', 1, 917),
(745, 'Calculus II', 'History', 5, 525),
(746, 'World History', 'Chemistry', 4, 877),
(747, 'Organic Chemistry', 'History', 3, 769),
(748, 'World History', 'History', 5, 809),
(749, 'Operating Systems', 'Physics', 5, 793),
(750, 'Calculus II', 'Computer Science', 5, 399),
(752, 'Calculus I', 'Physics', 2, 321),
(753, 'Database Systems', 'Biology', 3, 665),
(755, 'Literature', 'Computer Science', 3, 239),
(756, 'Literature', 'English', 1, 97),
(757, 'Intro to CS', 'Psychology', 3, 260),
(758, 'Operating Systems', 'Biology', 3, 876),
(759, 'Genetics', 'Chemistry', 2, 906),
(760, 'Quantum Physics', 'English', 3, 980),
(761, 'Macroeconomics', 'Mathematics', 3, 844),
(762, 'Classical Mechanics', 'Psychology', 1, 316),
(764, 'Macroeconomics', 'Economics', 1, 935),
(765, 'World History', 'History', 5, 855),
(766, 'Literature', 'Psychology', 5, 446),
(767, 'Discrete Math', 'Computer Science', 3, 199),
(768, 'Inorganic Chemistry', 'Philosophy', 5, 451),
(769, 'Literature', 'Chemistry', 5, 979),
(770, 'Calculus II', 'Philosophy', 3, 558),
(771, 'Database Systems', 'Economics', 3, 488),
(772, 'Operating Systems', 'Psychology', 3, 290),
(773, 'Statistics', 'Philosophy', 4, 235),
(774, 'Linear Algebra', 'English', 4, 137),
(775, 'Discrete Math', 'Economics', 1, 507),
(776, 'Quantum Physics', 'Computer Science', 5, 621),
(777, 'Algorithms', 'Psychology', 4, 92),
(778, 'Quantum Physics', 'Biology', 5, 521),
(779, 'Operating Systems', 'Chemistry', 2, 596),
(780, 'Macroeconomics', 'Economics', 1, 97),
(781, 'Database Systems', 'Physics', 1, 641),
(782, 'Calculus I', 'Chemistry', 5, 192),
(783, 'Literature', 'Economics', 4, 712),
(784, 'Genetics', 'Biology', 3, 399),
(785, 'Intro to CS', 'Biology', 4, 957),
(786, 'Inorganic Chemistry', 'Chemistry', 4, 126),
(788, 'Statistics', 'Chemistry', 3, 752),
(789, 'World History', 'Physics', 3, 172),
(790, 'Statistics', 'Economics', 1, 60),
(791, 'Ethics', 'Chemistry', 3, 589),
(792, 'Organic Chemistry', 'Psychology', 4, 602),
(793, 'Classical Mechanics', 'Physics', 4, 105),
(794, 'Ethics', 'Mathematics', 5, 675),
(795, 'Inorganic Chemistry', 'English', 5, 449),
(796, 'Quantum Physics', 'Physics', 3, 473),
(797, 'Literature', 'History', 4, 308),
(798, 'Classical Mechanics', 'Physics', 5, 200),
(799, 'Literature', 'Physics', 3, 996),
(800, 'Classical Mechanics', 'Biology', 2, 543),
(801, 'Data Structures', 'History', 4, 18),
(802, 'Intro to CS', 'History', 5, 828),
(803, 'Calculus I', 'Mathematics', 2, 759),
(804, 'World History', 'Physics', 2, 353),
(805, 'Algorithms', 'Computer Science', 1, 117),
(806, 'Linear Algebra', 'Chemistry', 5, 332),
(807, 'Operating Systems', 'Biology', 5, 19),
(808, 'Data Structures', 'History', 3, 880),
(809, 'Calculus I', 'Computer Science', 2, 890),
(810, 'Discrete Math', 'Biology', 2, 846),
(811, 'Macroeconomics', 'Economics', 3, 628),
(812, 'Literature', 'Physics', 3, 820),
(813, 'Classical Mechanics', 'English', 3, 183),
(814, 'Statistics', 'Physics', 1, 137),
(815, 'Organic Chemistry', 'Computer Science', 1, 763),
(816, 'Database Systems', 'Mathematics', 1, 645),
(817, 'Database Systems', 'Chemistry', 4, 135),
(818, 'Classical Mechanics', 'Mathematics', 2, 792),
(819, 'Data Structures', 'Economics', 3, 867),
(820, 'Discrete Math', 'Mathematics', 2, 620),
(821, 'Operating Systems', 'Mathematics', 4, 772),
(822, 'Ethics', 'History', 2, 760),
(823, 'Calculus II', 'English', 4, 226),
(824, 'Organic Chemistry', 'Computer Science', 4, 199),
(825, 'Intro to CS', 'Mathematics', 5, 579),
(826, 'Discrete Math', 'Biology', 5, 507),
(827, 'Organic Chemistry', 'Economics', 4, 947),
(828, 'Intro to CS', 'Computer Science', 1, 453),
(829, 'Intro to CS', 'History', 3, 868),
(831, 'Statistics', 'Psychology', 3, 204),
(832, 'Algorithms', 'Physics', 5, 581),
(833, 'Calculus II', 'Chemistry', 4, 613),
(834, 'Intro to CS', 'Mathematics', 4, 649),
(835, 'Calculus I', 'Chemistry', 2, 465),
(836, 'Inorganic Chemistry', 'History', 2, 554),
(837, 'Organic Chemistry', 'Philosophy', 4, 769),
(838, 'Operating Systems', 'Biology', 3, 778),
(840, 'Genetics', 'Mathematics', 4, 300),
(841, 'Calculus I', 'Psychology', 3, 927),
(842, 'Literature', 'Physics', 2, 743),
(844, 'Microbiology', 'Economics', 3, 547),
(845, 'World History', 'Economics', 4, 627),
(846, 'Data Structures', 'Chemistry', 3, 1),
(847, 'Calculus II', 'History', 2, 857),
(848, 'Operating Systems', 'Economics', 4, 838),
(849, 'Algorithms', 'Psychology', 2, 598),
(850, 'Inorganic Chemistry', 'English', 2, 334),
(851, 'World History', 'History', 1, 370),
(852, 'Ethics', 'Biology', 4, 545),
(853, 'Statistics', 'Economics', 3, 319),
(854, 'Discrete Math', 'Psychology', 3, 986),
(855, 'Discrete Math', 'Physics', 5, 174),
(856, 'Discrete Math', 'English', 3, 611),
(857, 'Organic Chemistry', 'Psychology', 1, 889),
(858, 'Intro to CS', 'English', 5, 77),
(859, 'Linear Algebra', 'Philosophy', 3, 236),
(860, 'Linear Algebra', 'Biology', 1, 874),
(861, 'Intro to CS', 'Physics', 4, 403),
(862, 'Quantum Physics', 'Biology', 2, 680),
(864, 'Classical Mechanics', 'Mathematics', 3, 173),
(865, 'Calculus II', 'History', 3, 673),
(866, 'Algorithms', 'Economics', 1, 350),
(867, 'Statistics', 'English', 2, 315),
(869, 'World History', 'Psychology', 2, 143),
(870, 'Statistics', 'Philosophy', 1, 127),
(871, 'Classical Mechanics', 'Psychology', 2, 518),
(872, 'Operating Systems', 'Mathematics', 1, 689),
(873, 'Inorganic Chemistry', 'Psychology', 2, 144),
(875, 'Database Systems', 'Chemistry', 1, 629),
(876, 'Organic Chemistry', 'Biology', 2, 563),
(877, 'Literature', 'Mathematics', 1, 679),
(878, 'Calculus I', 'History', 4, 644),
(879, 'World History', 'Physics', 2, 263),
(880, 'Calculus II', 'Mathematics', 4, 852),
(882, 'Macroeconomics', 'Economics', 1, 425),
(883, 'Linear Algebra', 'Psychology', 1, 54),
(884, 'Algorithms', 'Economics', 3, 439),
(885, 'Organic Chemistry', 'Mathematics', 3, 47),
(886, 'Organic Chemistry', 'Chemistry', 4, 176),
(887, 'Calculus I', 'Philosophy', 5, 911),
(888, 'Microbiology', 'Mathematics', 2, 712),
(889, 'World History', 'Psychology', 4, 313),
(891, 'Data Structures', 'Philosophy', 3, 108),
(892, 'Algorithms', 'History', 1, 524),
(893, 'Database Systems', 'Mathematics', 2, 479),
(895, 'Genetics', 'Biology', 3, 940),
(896, 'Quantum Physics', 'Economics', 5, 829),
(898, 'Organic Chemistry', 'Chemistry', 1, 667),
(899, 'Quantum Physics', 'Computer Science', 4, 720),
(900, 'Inorganic Chemistry', 'Chemistry', 1, 988),
(901, 'Genetics', 'Physics', 5, 623),
(902, 'Microbiology', 'English', 4, 678),
(903, 'Calculus I', 'Chemistry', 2, 336),
(904, 'Algorithms', 'History', 5, 191),
(905, 'Linear Algebra', 'Economics', 3, 32),
(906, 'Microbiology', 'Physics', 3, 177),
(907, 'Genetics', 'History', 3, 384),
(908, 'Genetics', 'Physics', 2, 902),
(910, 'World History', 'Physics', 2, 43),
(911, 'Microbiology', 'Physics', 2, 263),
(912, 'Linear Algebra', 'Psychology', 4, 100),
(913, 'Literature', 'Philosophy', 1, 314),
(914, 'Intro to CS', 'Physics', 5, 181),
(915, 'Genetics', 'Biology', 1, 187),
(916, 'Discrete Math', 'Philosophy', 4, 512),
(918, 'Literature', 'Chemistry', 4, 467),
(919, 'Macroeconomics', 'Biology', 4, 477),
(920, 'Literature', 'Psychology', 3, 353),
(921, 'Data Structures', 'Computer Science', 3, 590),
(923, 'Statistics', 'Philosophy', 3, 795),
(924, 'Calculus II', 'Philosophy', 1, 57),
(925, 'Database Systems', 'Chemistry', 3, 694),
(927, 'Classical Mechanics', 'History', 2, 474),
(928, 'Literature', 'Philosophy', 5, 875),
(929, 'Macroeconomics', 'Economics', 5, 521),
(930, 'Classical Mechanics', 'History', 1, 232),
(931, 'Operating Systems', 'Chemistry', 5, 123),
(932, 'World History', 'Physics', 4, 886),
(933, 'Inorganic Chemistry', 'Psychology', 2, 1),
(934, 'Operating Systems', 'Mathematics', 3, 917),
(936, 'Inorganic Chemistry', 'Psychology', 2, 931),
(937, 'Calculus II', 'History', 1, 418),
(938, 'Algorithms', 'History', 3, 29),
(939, 'World History', 'Economics', 5, 543),
(940, 'World History', 'Mathematics', 1, 552),
(941, 'Intro to CS', 'Chemistry', 4, 315),
(942, 'Classical Mechanics', 'Biology', 4, 711),
(943, 'Genetics', 'Chemistry', 4, 650),
(945, 'Discrete Math', 'Physics', 5, 56),
(946, 'Literature', 'History', 1, 660),
(947, 'Statistics', 'Psychology', 5, 996),
(948, 'Literature', 'Philosophy', 5, 152),
(949, 'Quantum Physics', 'Chemistry', 3, 307),
(950, 'Operating Systems', 'Mathematics', 1, 544),
(951, 'Ethics', 'Psychology', 3, 606),
(952, 'Genetics', 'Psychology', 3, 452),
(953, 'Organic Chemistry', 'Psychology', 5, 641),
(954, 'Classical Mechanics', 'English', 2, 505),
(955, 'World History', 'History', 3, 588),
(956, 'Calculus I', 'Physics', 5, 376),
(957, 'Microbiology', 'Chemistry', 3, 723),
(958, 'Microbiology', 'Chemistry', 1, 151),
(959, 'Quantum Physics', 'Economics', 3, 787),
(960, 'Algorithms', 'Biology', 4, 121);

-- --------------------------------------------------------

--
-- Table structure for table `course_semester`
--

CREATE TABLE `course_semester` (
  `course_id` int(11) NOT NULL,
  `semester_id` int(11) NOT NULL
) ENGINE=InnoDB DEFAULT CHARSET=utf8mb4 COLLATE=utf8mb4_general_ci;

--
-- Dumping data for table `course_semester`
--

INSERT INTO `course_semester` (`course_id`, `semester_id`) VALUES
(1, 38),
(2, 255),
(3, 159),
(4, 7),
(4, 695),
(4, 822),
(6, 45),
(6, 536),
(8, 795),
(9, 44),
(10, 950),
(11, 23),
(13, 970),
(15, 211),
(16, 730),
(16, 967),
(18, 462),
(19, 11),
(19, 33),
(19, 579),
(19, 929),
(20, 208),
(23, 744),
(25, 398),
(25, 968),
(26, 909),
(27, 335),
(28, 631),
(35, 499),
(35, 703),
(36, 949),
(37, 417),
(41, 253),
(42, 157),
(42, 710),
(43, 593),
(43, 636),
(54, 161),
(55, 178),
(57, 482),
(59, 678),
(59, 987),
(60, 364),
(62, 144),
(63, 552),
(64, 88),
(64, 107),
(64, 718),
(65, 193),
(65, 202),
(66, 748),
(67, 41),
(67, 257),
(67, 435),
(68, 152),
(69, 785),
(71, 895),
(72, 337),
(72, 877),
(73, 187),
(75, 454),
(76, 228),
(76, 917),
(77, 251),
(80, 647),
(81, 223),
(82, 459),
(85, 915),
(86, 759),
(88, 998),
(89, 776),
(91, 598),
(96, 111),
(96, 855),
(97, 234),
(97, 256),
(97, 652),
(97, 853),
(98, 54),
(98, 980),
(99, 25),
(100, 984),
(101, 515),
(104, 538),
(105, 525),
(106, 411),
(107, 160),
(108, 428),
(111, 181),
(111, 326),
(112, 945),
(113, 188),
(114, 655),
(116, 118),
(118, 554),
(119, 860),
(121, 621),
(123, 510),
(123, 844),
(125, 638),
(125, 868),
(128, 233),
(128, 345),
(128, 767),
(132, 93),
(132, 394),
(132, 412),
(135, 22),
(137, 470),
(137, 653),
(137, 675),
(137, 983),
(138, 419),
(140, 40),
(142, 409),
(144, 448),
(145, 339),
(145, 608),
(148, 68),
(148, 313),
(150, 550),
(150, 562),
(152, 167),
(152, 547),
(152, 898),
(155, 948),
(156, 543),
(158, 408),
(159, 637),
(159, 912),
(160, 65),
(161, 252),
(161, 489),
(164, 736),
(165, 473),
(168, 163),
(169, 320),
(169, 762),
(176, 601),
(178, 673),
(180, 479),
(180, 654),
(180, 750),
(180, 872),
(181, 42),
(181, 818),
(182, 590),
(184, 279),
(188, 32),
(188, 399),
(188, 557),
(188, 723),
(192, 592),
(194, 185),
(194, 589),
(195, 285),
(195, 755),
(196, 432),
(198, 597),
(201, 311),
(201, 504),
(202, 516),
(203, 354),
(204, 368),
(205, 77),
(205, 334),
(206, 400),
(208, 109),
(209, 360),
(210, 815),
(211, 172),
(213, 731),
(216, 664),
(217, 298),
(217, 404),
(218, 299),
(218, 645),
(219, 990),
(223, 502),
(224, 389),
(224, 768),
(224, 901),
(224, 936),
(225, 194),
(228, 110),
(231, 66),
(232, 982),
(232, 988),
(239, 133),
(239, 174),
(239, 930),
(240, 92),
(240, 261),
(240, 870),
(241, 283),
(242, 772),
(243, 572),
(243, 802),
(247, 57),
(249, 376),
(249, 831),
(251, 626),
(251, 890),
(253, 595),
(254, 134),
(256, 586),
(259, 683),
(261, 817),
(262, 918),
(266, 190),
(268, 328),
(269, 290),
(270, 8),
(270, 851),
(271, 687),
(272, 246),
(273, 533),
(273, 726),
(276, 108),
(277, 204),
(277, 825),
(279, 105),
(279, 832),
(280, 165),
(280, 803),
(280, 847),
(281, 4),
(281, 669),
(282, 106),
(284, 698),
(285, 529),
(287, 186),
(287, 804),
(287, 941),
(290, 375),
(290, 476),
(290, 977),
(292, 972),
(293, 440),
(294, 295),
(295, 220),
(295, 686),
(296, 164),
(297, 487),
(298, 577),
(298, 994),
(299, 528),
(301, 418),
(301, 439),
(301, 640),
(303, 406),
(303, 747),
(309, 297),
(310, 385),
(310, 531),
(310, 911),
(310, 962),
(310, 976),
(312, 371),
(314, 128),
(315, 500),
(315, 542),
(320, 150),
(320, 808),
(321, 272),
(322, 70),
(322, 127),
(322, 644),
(326, 702),
(329, 64),
(330, 393),
(330, 852),
(331, 658),
(331, 859),
(332, 361),
(333, 324),
(334, 12),
(334, 478),
(335, 229),
(335, 379),
(336, 73),
(336, 407),
(339, 863),
(342, 861),
(343, 210),
(344, 219),
(345, 274),
(345, 892),
(347, 551),
(348, 169),
(348, 512),
(351, 293),
(351, 781),
(352, 214),
(353, 71),
(354, 770),
(355, 89),
(355, 558),
(356, 751),
(356, 986),
(357, 460),
(357, 995),
(358, 130),
(358, 584),
(358, 963),
(359, 362),
(360, 880),
(361, 323),
(365, 932),
(367, 679),
(368, 55),
(368, 242),
(369, 266),
(369, 925),
(370, 67),
(370, 155),
(371, 84),
(371, 267),
(373, 602),
(375, 83),
(375, 231),
(378, 738),
(379, 724),
(380, 53),
(381, 148),
(382, 47),
(384, 396),
(386, 766),
(388, 953),
(390, 117),
(390, 451),
(391, 474),
(392, 957),
(393, 2),
(394, 35),
(394, 700),
(395, 162),
(396, 197),
(397, 585),
(399, 273),
(401, 277),
(401, 465),
(405, 49),
(409, 553),
(409, 952),
(412, 594),
(413, 456),
(414, 357),
(414, 423),
(416, 472),
(418, 628),
(418, 667),
(419, 149),
(419, 964),
(422, 154),
(422, 387),
(424, 341),
(425, 845),
(426, 965),
(430, 450),
(430, 727),
(433, 646),
(434, 714),
(435, 369),
(435, 719),
(437, 292),
(438, 623),
(440, 87),
(440, 330),
(441, 873),
(442, 374),
(443, 372),
(448, 816),
(448, 916),
(450, 716),
(453, 16),
(453, 48),
(453, 189),
(453, 625),
(454, 347),
(454, 875),
(455, 561),
(458, 99),
(458, 420),
(458, 517),
(460, 136),
(461, 444),
(461, 908),
(462, 27),
(463, 974),
(464, 997),
(468, 737),
(470, 141),
(471, 309),
(471, 753),
(471, 943),
(482, 497),
(483, 485),
(484, 746),
(485, 215),
(486, 583),
(488, 332),
(490, 60),
(491, 91),
(491, 788),
(491, 829),
(495, 484),
(496, 434),
(496, 840),
(497, 806),
(497, 862),
(498, 466),
(498, 662),
(499, 713),
(500, 612),
(500, 613),
(501, 31),
(501, 315),
(502, 135),
(502, 373),
(503, 104),
(505, 217),
(506, 145),
(506, 732),
(507, 843),
(508, 934),
(512, 304),
(512, 951),
(514, 209),
(517, 340),
(518, 849),
(518, 973),
(519, 171),
(521, 226),
(521, 570),
(524, 146),
(524, 203),
(525, 565),
(526, 617),
(529, 245),
(529, 632),
(530, 725),
(531, 796),
(531, 937),
(531, 958),
(532, 37),
(532, 286),
(532, 453),
(533, 777),
(534, 349),
(535, 773),
(537, 139),
(537, 578),
(539, 36),
(540, 380),
(541, 526),
(542, 674),
(544, 416),
(544, 978),
(546, 296),
(548, 166),
(548, 224),
(548, 811),
(548, 907),
(549, 195),
(549, 838),
(551, 899),
(553, 351),
(555, 200),
(556, 81),
(556, 619),
(557, 301),
(557, 327),
(557, 819),
(558, 147),
(558, 306),
(561, 216),
(561, 463),
(561, 530),
(562, 227),
(562, 353),
(562, 684),
(562, 821),
(563, 260),
(567, 505),
(568, 789),
(568, 913),
(571, 156),
(572, 827),
(573, 467),
(573, 824),
(573, 897),
(576, 307),
(576, 979),
(577, 665),
(577, 900),
(578, 989),
(579, 708),
(579, 921),
(580, 622),
(580, 959),
(581, 243),
(581, 429),
(581, 927),
(581, 960),
(585, 891),
(586, 721),
(587, 124),
(588, 975),
(590, 221),
(591, 142),
(593, 95),
(594, 814),
(595, 618),
(596, 666),
(596, 739),
(597, 903),
(598, 826),
(598, 944),
(599, 449),
(599, 629),
(599, 797),
(599, 857),
(600, 168),
(600, 938),
(600, 993),
(601, 765),
(601, 850),
(601, 854),
(603, 694),
(604, 641),
(604, 692),
(605, 235),
(606, 421),
(609, 820),
(609, 856),
(610, 794),
(611, 207),
(611, 541),
(614, 325),
(615, 289),
(617, 458),
(618, 278),
(618, 559),
(619, 780),
(622, 151),
(622, 175),
(622, 573),
(623, 403),
(628, 97),
(631, 184),
(632, 513),
(632, 889),
(633, 383),
(633, 431),
(633, 729),
(635, 281),
(636, 153),
(637, 312),
(642, 600),
(644, 1),
(644, 63),
(644, 688),
(646, 30),
(646, 230),
(646, 955),
(647, 270),
(648, 300),
(649, 199),
(651, 436),
(652, 876),
(653, 537),
(653, 833),
(654, 836),
(659, 244),
(660, 119),
(660, 503),
(662, 275),
(662, 491),
(664, 496),
(664, 842),
(666, 359),
(666, 549),
(669, 518),
(669, 704),
(671, 291),
(671, 422),
(671, 567),
(671, 701),
(672, 743),
(673, 137),
(673, 322),
(673, 464),
(673, 685),
(676, 62),
(676, 177),
(676, 681),
(676, 954),
(678, 74),
(678, 250),
(678, 758),
(679, 511),
(679, 693),
(680, 787),
(682, 158),
(682, 668),
(683, 749),
(683, 881),
(684, 21),
(686, 3),
(686, 568),
(687, 115),
(689, 922),
(691, 271),
(691, 391),
(692, 605),
(692, 882),
(693, 79),
(694, 116),
(696, 85),
(701, 935),
(702, 388),
(702, 735),
(703, 443),
(703, 709),
(707, 173),
(708, 712),
(710, 599),
(715, 809),
(715, 894),
(717, 775),
(718, 140),
(718, 303),
(719, 206),
(725, 212),
(725, 837),
(726, 10),
(728, 370),
(728, 582),
(729, 471),
(729, 756),
(730, 524),
(730, 630),
(731, 321),
(731, 336),
(731, 642),
(732, 834),
(733, 514),
(734, 15),
(734, 506),
(734, 548),
(734, 830),
(736, 534),
(737, 29),
(737, 996),
(738, 671),
(739, 121),
(739, 481),
(741, 222),
(742, 607),
(742, 690),
(742, 745),
(744, 563),
(745, 611),
(746, 606),
(748, 78),
(748, 639),
(750, 707),
(753, 905),
(755, 114),
(755, 587),
(756, 5),
(756, 39),
(756, 310),
(756, 858),
(757, 72),
(757, 239),
(757, 282),
(757, 769),
(758, 50),
(758, 461),
(758, 495),
(760, 34),
(761, 452),
(762, 225),
(762, 596),
(764, 846),
(766, 205),
(766, 801),
(768, 176),
(768, 546),
(768, 799),
(769, 56),
(769, 350),
(770, 24),
(771, 581),
(773, 384),
(774, 138),
(774, 940),
(775, 86),
(777, 378),
(782, 287),
(782, 390),
(784, 342),
(789, 123),
(789, 603),
(789, 720),
(790, 424),
(791, 564),
(793, 519),
(795, 75),
(795, 635),
(796, 574),
(798, 355),
(798, 677),
(798, 752),
(799, 835),
(799, 966),
(802, 810),
(804, 634),
(805, 249),
(805, 356),
(806, 241),
(806, 715),
(807, 410),
(807, 680),
(808, 59),
(808, 259),
(808, 392),
(809, 180),
(812, 488),
(813, 90),
(814, 555),
(814, 610),
(814, 696),
(815, 523),
(816, 102),
(816, 722),
(818, 126),
(818, 493),
(818, 616),
(820, 402),
(820, 956),
(821, 624),
(823, 520),
(823, 754),
(824, 316),
(824, 566),
(825, 447),
(827, 19),
(827, 262),
(827, 893),
(829, 609),
(829, 697),
(832, 395),
(832, 717),
(832, 771),
(833, 377),
(834, 807),
(834, 923),
(834, 939),
(835, 888),
(835, 926),
(838, 112),
(844, 650),
(845, 813),
(845, 884),
(846, 783),
(847, 728),
(849, 501),
(850, 46),
(850, 305),
(852, 170),
(852, 284),
(853, 318),
(854, 651),
(854, 774),
(857, 782),
(859, 828),
(860, 101),
(860, 604),
(862, 352),
(865, 363),
(865, 413),
(867, 539),
(867, 633),
(867, 848),
(869, 999),
(871, 914),
(872, 254),
(872, 527),
(872, 991),
(873, 13),
(873, 343),
(875, 397),
(875, 507),
(875, 805),
(876, 258),
(877, 96),
(877, 885),
(878, 682),
(879, 760),
(882, 676),
(884, 779),
(885, 76),
(885, 113),
(885, 122),
(885, 196),
(885, 705),
(888, 366),
(888, 798),
(889, 183),
(889, 232),
(889, 494),
(892, 790),
(893, 333),
(895, 94),
(895, 492),
(896, 427),
(896, 906),
(899, 961),
(902, 778),
(902, 823),
(903, 509),
(904, 415),
(905, 910),
(905, 928),
(906, 430),
(910, 401),
(913, 902),
(915, 919),
(916, 314),
(918, 198),
(918, 588),
(918, 924),
(924, 656),
(927, 6),
(927, 498),
(928, 483),
(928, 627),
(929, 867),
(932, 438),
(933, 182),
(934, 179),
(939, 331),
(940, 556),
(940, 920),
(941, 433),
(941, 864),
(941, 985),
(942, 9),
(942, 544),
(945, 869),
(947, 367),
(948, 20),
(948, 761),
(948, 791),
(950, 786),
(951, 329),
(951, 648),
(951, 740),
(952, 382),
(954, 61),
(954, 904),
(955, 871),
(956, 532),
(957, 240),
(957, 425),
(959, 946),
(960, 218),
(960, 348);

-- --------------------------------------------------------

--
-- Table structure for table `course_teacher`
--

CREATE TABLE `course_teacher` (
  `course_id` int(11) NOT NULL,
  `teacher_id` int(11) NOT NULL
) ENGINE=InnoDB DEFAULT CHARSET=utf8mb4 COLLATE=utf8mb4_general_ci;

--
-- Dumping data for table `course_teacher`
--

INSERT INTO `course_teacher` (`course_id`, `teacher_id`) VALUES
(1, 468),
(3, 13),
(4, 633),
(4, 810),
(6, 826),
(8, 789),
(10, 62),
(12, 385),
(13, 7),
(17, 412),
(19, 116),
(20, 159),
(21, 536),
(24, 3),
(25, 526),
(28, 571),
(28, 815),
(31, 541),
(35, 402),
(36, 334),
(39, 354),
(41, 94),
(45, 470),
(48, 64),
(48, 395),
(52, 198),
(52, 461),
(59, 166),
(60, 482),
(60, 533),
(60, 853),
(62, 25),
(62, 47),
(69, 185),
(69, 394),
(71, 112),
(72, 17),
(75, 892),
(76, 414),
(77, 833),
(78, 186),
(78, 463),
(83, 375),
(88, 864),
(89, 24),
(95, 875),
(98, 148),
(98, 353),
(100, 643),
(102, 480),
(105, 583),
(116, 818),
(119, 409),
(122, 622),
(124, 60),
(125, 619),
(129, 648),
(131, 458),
(132, 555),
(132, 629),
(134, 417),
(135, 459),
(135, 481),
(137, 880),
(138, 646),
(141, 527),
(145, 444),
(145, 604),
(146, 440),
(147, 10),
(151, 130),
(156, 358),
(158, 343),
(158, 388),
(160, 879),
(163, 476),
(164, 577),
(166, 149),
(168, 194),
(169, 355),
(169, 857),
(171, 65),
(171, 139),
(173, 570),
(176, 371),
(180, 809),
(181, 150),
(182, 542),
(184, 830),
(185, 29),
(186, 352),
(187, 137),
(192, 613),
(193, 93),
(196, 484),
(196, 793),
(202, 336),
(203, 132),
(203, 624),
(204, 510),
(204, 870),
(207, 421),
(207, 531),
(209, 35),
(209, 182),
(210, 500),
(211, 448),
(213, 344),
(216, 142),
(217, 449),
(218, 886),
(219, 837),
(222, 872),
(226, 454),
(226, 504),
(227, 43),
(228, 520),
(235, 498),
(236, 524),
(238, 9),
(239, 141),
(239, 593),
(242, 794),
(242, 832),
(242, 846),
(247, 831),
(249, 855),
(252, 163),
(255, 452),
(255, 617),
(256, 384),
(256, 568),
(261, 889),
(265, 608),
(267, 126),
(269, 447),
(269, 893),
(270, 829),
(276, 523),
(278, 816),
(279, 647),
(279, 877),
(280, 193),
(283, 499),
(284, 398),
(285, 435),
(285, 649),
(287, 21),
(288, 66),
(291, 115),
(292, 350),
(296, 467),
(297, 360),
(297, 539),
(299, 820),
(300, 366),
(301, 849),
(302, 423),
(303, 489),
(312, 39),
(314, 451),
(315, 506),
(316, 15),
(316, 878),
(319, 799),
(320, 424),
(322, 161),
(324, 151),
(326, 372),
(328, 400),
(328, 503),
(332, 370),
(334, 183),
(335, 836),
(336, 534),
(341, 377),
(341, 881),
(342, 6),
(342, 425),
(344, 419),
(345, 4),
(345, 618),
(345, 890),
(348, 158),
(349, 199),
(349, 464),
(351, 14),
(355, 20),
(355, 348),
(361, 521),
(362, 364),
(362, 501),
(367, 1),
(369, 378),
(370, 792),
(373, 191),
(375, 509),
(378, 517),
(381, 876),
(383, 339),
(390, 632),
(390, 850),
(392, 63),
(394, 529),
(399, 865),
(408, 340),
(409, 474),
(411, 200),
(411, 856),
(412, 361),
(414, 430),
(417, 362),
(425, 61),
(425, 441),
(427, 389),
(428, 365),
(437, 565),
(440, 562),
(442, 795),
(443, 48),
(443, 597),
(444, 16),
(450, 108),
(454, 825),
(455, 144),
(458, 98),
(458, 642),
(459, 858),
(460, 422),
(460, 644),
(463, 891),
(464, 11),
(464, 828),
(465, 54),
(468, 554),
(470, 95),
(476, 790),
(479, 55),
(479, 380),
(484, 59),
(487, 368),
(487, 800),
(488, 505),
(490, 874),
(494, 651),
(495, 101),
(497, 896),
(498, 616),
(500, 453),
(500, 572),
(501, 808),
(501, 871),
(503, 477),
(504, 393),
(504, 543),
(505, 502),
(507, 173),
(512, 32),
(512, 514),
(514, 807),
(516, 53),
(516, 443),
(517, 45),
(519, 51),
(528, 866),
(531, 599),
(538, 102),
(538, 391),
(540, 34),
(553, 129),
(556, 492),
(556, 507),
(557, 471),
(560, 192),
(561, 36),
(562, 627),
(562, 801),
(566, 407),
(569, 590),
(572, 52),
(572, 559),
(573, 805),
(574, 57),
(575, 615),
(578, 545),
(578, 854),
(579, 42),
(579, 56),
(581, 172),
(585, 469),
(588, 582),
(589, 596),
(589, 638),
(595, 603),
(595, 611),
(597, 553),
(599, 202),
(602, 575),
(603, 347),
(604, 181),
(608, 626),
(609, 131),
(610, 485),
(612, 138),
(617, 518),
(618, 537),
(620, 812),
(622, 374),
(625, 8),
(626, 376),
(626, 594),
(629, 118),
(630, 373),
(631, 178),
(632, 442),
(637, 798),
(637, 868),
(642, 105),
(642, 369),
(642, 404),
(642, 588),
(643, 641),
(647, 591),
(648, 5),
(653, 177),
(666, 113),
(669, 578),
(672, 127),
(672, 456),
(673, 848),
(677, 125),
(677, 508),
(679, 403),
(682, 157),
(682, 359),
(683, 26),
(684, 413),
(685, 581),
(686, 399),
(687, 38),
(687, 134),
(688, 50),
(688, 390),
(688, 645),
(689, 433),
(692, 528),
(693, 196),
(696, 887),
(697, 636),
(697, 819),
(698, 387),
(699, 168),
(699, 488),
(702, 558),
(704, 821),
(705, 882),
(710, 796),
(711, 564),
(717, 109),
(717, 551),
(719, 100),
(722, 37),
(722, 175),
(724, 439),
(727, 455),
(727, 538),
(727, 600),
(727, 614),
(728, 852),
(730, 473),
(732, 552),
(732, 605),
(733, 491),
(735, 104),
(736, 19),
(743, 635),
(744, 341),
(744, 811),
(746, 580),
(746, 602),
(746, 803),
(746, 806),
(752, 103),
(766, 18),
(766, 511),
(768, 838),
(769, 595),
(770, 408),
(773, 438),
(775, 823),
(779, 530),
(780, 124),
(781, 493),
(781, 525),
(782, 457),
(782, 563),
(782, 612),
(784, 145),
(791, 396),
(791, 885),
(792, 589),
(793, 363),
(797, 863),
(799, 203),
(800, 621),
(803, 415),
(805, 133),
(806, 416),
(810, 429),
(811, 556),
(816, 406),
(816, 513),
(816, 639),
(816, 895),
(817, 140),
(817, 436),
(818, 519),
(823, 111),
(823, 337),
(824, 357),
(825, 190),
(826, 117),
(827, 91),
(832, 386),
(834, 152),
(836, 478),
(836, 479),
(840, 873),
(841, 119),
(842, 12),
(842, 791),
(844, 522),
(848, 195),
(848, 888),
(849, 169),
(855, 869),
(859, 797),
(866, 397),
(869, 184),
(870, 428),
(871, 155),
(872, 512),
(873, 356),
(882, 201),
(884, 31),
(891, 495),
(893, 609),
(895, 628),
(896, 486),
(900, 107),
(901, 640),
(903, 174),
(903, 392),
(906, 121),
(906, 894),
(907, 598),
(911, 576),
(912, 167),
(912, 625),
(918, 44),
(920, 342),
(921, 437),
(924, 426),
(929, 411),
(931, 420),
(932, 345),
(932, 579),
(932, 623),
(934, 171),
(936, 584),
(936, 834),
(938, 162),
(943, 813),
(948, 824),
(955, 187),
(956, 446),
(958, 23),
(958, 573),
(958, 586),
(958, 817),
(959, 601),
(960, 176);

-- --------------------------------------------------------

--
-- Table structure for table `grade`
--

CREATE TABLE `grade` (
  `student_id` int(11) NOT NULL,
  `test_id` int(11) NOT NULL,
  `grade` int(11) DEFAULT 0
) ENGINE=InnoDB DEFAULT CHARSET=utf8mb4 COLLATE=utf8mb4_general_ci;

--
-- Dumping data for table `grade`
--

INSERT INTO `grade` (`student_id`, `test_id`, `grade`) VALUES
(1, 1, 0),
(2, 253, 20),
(2, 385, 86),
(4, 31, 29),
(8, 478, 67),
(9, 254, 50),
(10, 14, 47),
(15, 128, 68),
(15, 469, 45),
(17, 841, 90),
(18, 518, 38),
(19, 470, 35),
(25, 84, 58),
(26, 157, 32),
(26, 701, 51),
(27, 240, 92),
(29, 94, 29),
(29, 322, 60),
(29, 595, 84),
(29, 930, 82),
(30, 777, 51),
(34, 645, 95),
(36, 118, 91),
(36, 596, 42),
(38, 150, 42),
(40, 703, 29),
(40, 761, 70),
(43, 505, 83),
(43, 643, 29),
(45, 573, 40),
(46, 551, 38),
(46, 887, 62),
(47, 396, 53),
(47, 836, 39),
(48, 760, 94),
(51, 488, 25),
(53, 407, 61),
(53, 568, 58),
(53, 630, 49),
(54, 646, 55),
(57, 151, 51),
(58, 70, 95),
(58, 773, 46),
(60, 913, 38),
(61, 343, 80),
(61, 352, 60),
(62, 576, 29),
(63, 212, 50),
(65, 92, 75),
(67, 400, 46),
(67, 654, 22),
(69, 466, 26),
(69, 572, 22),
(69, 904, 97),
(71, 711, 78),
(74, 13, 85),
(77, 501, 58),
(79, 19, 65),
(79, 399, 70),
(80, 812, 66),
(92, 26, 60),
(93, 819, 41),
(96, 202, 74),
(96, 347, 87),
(98, 192, 95),
(100, 649, 50),
(102, 562, 60),
(103, 346, 43),
(104, 622, 47),
(104, 645, 80),
(106, 904, 84),
(108, 641, 23),
(108, 690, 62),
(109, 479, 94),
(113, 394, 25),
(115, 32, 74),
(117, 496, 62),
(117, 928, 66),
(118, 59, 36),
(118, 708, 53),
(120, 370, 81),
(122, 412, 97),
(122, 500, 67),
(122, 571, 82),
(122, 894, 20),
(124, 312, 76),
(124, 651, 51),
(125, 374, 84),
(125, 833, 86),
(129, 747, 66),
(134, 595, 38),
(136, 298, 65),
(137, 659, 99),
(139, 51, 24),
(139, 621, 96),
(140, 328, 26),
(140, 625, 75),
(140, 781, 71),
(141, 379, 69),
(146, 725, 49),
(147, 93, 56),
(148, 532, 28),
(150, 270, 89),
(150, 373, 30),
(152, 473, 92),
(153, 757, 32),
(155, 282, 26),
(157, 224, 82),
(159, 698, 65),
(161, 689, 45),
(164, 556, 30),
(164, 851, 47),
(166, 549, 22),
(168, 324, 52),
(168, 627, 94),
(171, 440, 90),
(171, 919, 53),
(172, 178, 50),
(173, 63, 47),
(174, 343, 89),
(174, 370, 67),
(176, 339, 75),
(176, 708, 77),
(177, 89, 42),
(177, 611, 67),
(177, 677, 49),
(178, 791, 53),
(179, 206, 59),
(179, 419, 74),
(180, 446, 72),
(181, 148, 57),
(182, 488, 84),
(182, 808, 24),
(182, 886, 92),
(183, 760, 63),
(184, 746, 93),
(185, 7, 46),
(185, 841, 35),
(188, 716, 69),
(189, 242, 55),
(191, 350, 60),
(191, 820, 30),
(192, 400, 91),
(193, 440, 99),
(196, 861, 94),
(198, 144, 41),
(200, 860, 92),
(201, 403, 37),
(201, 488, 46),
(201, 790, 60),
(202, 10, 58),
(204, 666, 78),
(205, 453, 78),
(205, 508, 23),
(207, 571, 55),
(209, 846, 47),
(209, 954, 24),
(210, 136, 35),
(213, 576, 89),
(214, 929, 54),
(215, 875, 78),
(216, 844, 53),
(218, 847, 28),
(219, 912, 76),
(221, 512, 34),
(222, 281, 42),
(222, 854, 52),
(229, 741, 33),
(230, 456, 57),
(232, 498, 51),
(234, 97, 66),
(235, 914, 33),
(238, 433, 61),
(239, 118, 73),
(240, 743, 20),
(241, 273, 65),
(242, 807, 37),
(242, 882, 92),
(243, 928, 97),
(245, 364, 93),
(247, 767, 42),
(252, 257, 89),
(253, 109, 65),
(253, 410, 43),
(254, 954, 96),
(255, 130, 77),
(256, 69, 88),
(256, 290, 46),
(257, 186, 58),
(258, 697, 50),
(259, 123, 46),
(259, 656, 98),
(259, 955, 45),
(260, 815, 95),
(260, 909, 80),
(261, 223, 59),
(266, 164, 49),
(266, 314, 48),
(266, 840, 54),
(267, 551, 73),
(267, 881, 41),
(268, 676, 20),
(268, 859, 100),
(269, 33, 32),
(275, 362, 70),
(276, 774, 74),
(280, 256, 39),
(282, 97, 36),
(284, 33, 25),
(284, 273, 81),
(284, 768, 65),
(284, 802, 83),
(285, 554, 56),
(286, 743, 68),
(287, 121, 77),
(287, 498, 92),
(288, 738, 64),
(289, 230, 55),
(289, 240, 37),
(289, 804, 86),
(289, 924, 60),
(290, 221, 45),
(292, 923, 59),
(298, 451, 32),
(299, 135, 56),
(300, 912, 87),
(303, 68, 73),
(303, 90, 36),
(303, 905, 42),
(305, 683, 30),
(306, 86, 63),
(309, 883, 91),
(314, 833, 25),
(316, 105, 79),
(320, 886, 38),
(322, 191, 74),
(322, 931, 36),
(323, 33, 30),
(323, 574, 86),
(324, 79, 82),
(324, 571, 56),
(325, 652, 75),
(327, 304, 63),
(331, 763, 69),
(331, 815, 71),
(332, 879, 57),
(333, 888, 26),
(334, 196, 94),
(334, 566, 85),
(335, 397, 79),
(336, 2, 73),
(336, 809, 92),
(336, 895, 46),
(339, 471, 79),
(342, 409, 24),
(342, 456, 99),
(343, 694, 71),
(345, 42, 72),
(346, 436, 47),
(348, 176, 38),
(351, 192, 20),
(352, 213, 37),
(353, 343, 23),
(353, 466, 55),
(355, 710, 73),
(356, 336, 30),
(356, 862, 69),
(357, 181, 24),
(357, 187, 40),
(358, 625, 44),
(359, 774, 90),
(360, 955, 65),
(361, 423, 39),
(362, 6, 32),
(362, 251, 64),
(362, 435, 98),
(363, 770, 81),
(366, 209, 34),
(366, 650, 57),
(368, 943, 75),
(372, 260, 50),
(372, 820, 68),
(374, 58, 86),
(374, 250, 57),
(378, 861, 44),
(384, 908, 46),
(386, 171, 99),
(386, 391, 94),
(386, 396, 66),
(387, 360, 75),
(389, 287, 95),
(389, 741, 36),
(390, 406, 59),
(390, 652, 76),
(391, 617, 97),
(391, 703, 52),
(393, 911, 58),
(393, 924, 23),
(398, 427, 96),
(398, 512, 73),
(400, 678, 82),
(401, 135, 80),
(401, 543, 29),
(402, 563, 99),
(403, 275, 83),
(404, 843, 63),
(405, 942, 97),
(406, 427, 75),
(410, 111, 21),
(410, 925, 93),
(411, 293, 59),
(417, 599, 36),
(421, 480, 43),
(422, 144, 59),
(423, 828, 96),
(424, 426, 94),
(424, 754, 35),
(426, 255, 47),
(426, 674, 94),
(427, 462, 74),
(430, 493, 91),
(431, 800, 31),
(433, 428, 51),
(439, 658, 30),
(439, 907, 39),
(439, 950, 33),
(440, 541, 50),
(441, 91, 87),
(441, 394, 86),
(445, 648, 37),
(446, 81, 75),
(446, 501, 22),
(448, 14, 84),
(448, 564, 68),
(450, 127, 81),
(450, 566, 30),
(451, 147, 30),
(451, 564, 58),
(452, 743, 27),
(453, 430, 35),
(454, 713, 84),
(459, 85, 74),
(460, 389, 86),
(460, 432, 22),
(461, 342, 58),
(461, 791, 36),
(462, 144, 43),
(463, 808, 53),
(465, 159, 96),
(465, 346, 99),
(466, 228, 62),
(469, 137, 89),
(470, 454, 84),
(470, 820, 38),
(471, 485, 55),
(472, 789, 100),
(473, 27, 22),
(473, 610, 87),
(475, 81, 65),
(476, 252, 70),
(478, 851, 38),
(479, 416, 63),
(482, 436, 39),
(482, 526, 75),
(483, 568, 36),
(484, 754, 87),
(484, 795, 47),
(484, 910, 97),
(485, 361, 56),
(486, 195, 31),
(486, 223, 44),
(488, 189, 51),
(490, 346, 55),
(495, 666, 47),
(496, 473, 99),
(497, 378, 72),
(498, 714, 79),
(500, 719, 65),
(501, 862, 82),
(504, 173, 20),
(505, 242, 56),
(507, 785, 39),
(508, 5, 80),
(508, 829, 50),
(509, 866, 48),
(510, 901, 56),
(512, 67, 36),
(512, 500, 65),
(514, 162, 82),
(515, 726, 97),
(516, 92, 56),
(519, 505, 39),
(521, 722, 54),
(522, 480, 83),
(526, 7, 42),
(526, 684, 52),
(527, 368, 51),
(527, 415, 24),
(528, 843, 53),
(530, 607, 90),
(532, 421, 84),
(535, 600, 57),
(535, 652, 21),
(535, 844, 29),
(536, 95, 88),
(536, 225, 37),
(538, 628, 42),
(539, 711, 25),
(540, 212, 57),
(542, 69, 80),
(542, 327, 82),
(542, 877, 64),
(542, 916, 69),
(543, 271, 77),
(548, 147, 30),
(548, 464, 86),
(548, 574, 67),
(549, 399, 46),
(549, 705, 92),
(549, 921, 39),
(550, 227, 52),
(550, 453, 90),
(551, 738, 42),
(552, 162, 86),
(552, 170, 89),
(552, 926, 30),
(554, 731, 80),
(555, 339, 80),
(556, 779, 55),
(556, 845, 44),
(558, 11, 73),
(558, 945, 51),
(562, 366, 65),
(562, 413, 74),
(562, 668, 75),
(563, 834, 72),
(564, 329, 34),
(564, 571, 73),
(565, 551, 30),
(567, 905, 64),
(568, 108, 39),
(568, 581, 87),
(568, 650, 33),
(568, 811, 39),
(569, 151, 32),
(570, 951, 51),
(571, 858, 86),
(573, 86, 26),
(574, 714, 49),
(575, 554, 96),
(575, 595, 31),
(577, 162, 88),
(577, 536, 26),
(577, 686, 55),
(577, 916, 49),
(583, 346, 48),
(583, 520, 85),
(586, 531, 52),
(586, 791, 97),
(587, 389, 65),
(589, 779, 32),
(593, 696, 89),
(595, 320, 73),
(596, 639, 38),
(597, 38, 65),
(597, 525, 87),
(599, 33, 20),
(600, 763, 89),
(601, 165, 58),
(601, 678, 39),
(602, 487, 69),
(605, 475, 79),
(606, 453, 94),
(606, 863, 33),
(607, 723, 20),
(609, 92, 25),
(609, 465, 88),
(610, 387, 92),
(611, 76, 40),
(611, 914, 86),
(612, 905, 39),
(614, 429, 81),
(616, 631, 31),
(619, 345, 48),
(619, 805, 56),
(620, 456, 40),
(620, 865, 73),
(622, 126, 23),
(628, 554, 81),
(629, 357, 76),
(630, 852, 82),
(631, 567, 24),
(632, 762, 68),
(635, 708, 85),
(640, 577, 95),
(641, 278, 31),
(642, 135, 21),
(643, 486, 50),
(643, 805, 23),
(644, 676, 22),
(646, 472, 67),
(647, 810, 97),
(650, 548, 36),
(651, 378, 64),
(651, 657, 53),
(651, 834, 26),
(652, 55, 53),
(652, 870, 62),
(653, 612, 100),
(653, 833, 54),
(654, 314, 96),
(655, 204, 34),
(657, 14, 84),
(657, 24, 69),
(657, 600, 90),
(657, 691, 43),
(658, 480, 90),
(659, 95, 75),
(660, 514, 37),
(661, 374, 54),
(664, 284, 24),
(664, 326, 70),
(665, 350, 60),
(665, 358, 27),
(665, 704, 68),
(667, 188, 52),
(670, 686, 69),
(671, 748, 85),
(672, 437, 33),
(672, 562, 84),
(673, 180, 48),
(674, 286, 94),
(674, 328, 75),
(674, 395, 25),
(674, 936, 69),
(676, 162, 36),
(677, 570, 62),
(680, 238, 85),
(681, 739, 21),
(681, 919, 23),
(682, 799, 71),
(685, 923, 62),
(688, 241, 94),
(689, 738, 50),
(690, 869, 96),
(693, 1, 64),
(693, 175, 47),
(693, 472, 49),
(694, 631, 84),
(694, 685, 81),
(695, 299, 58),
(696, 638, 72),
(697, 567, 89),
(698, 909, 92),
(700, 418, 29),
(700, 633, 76),
(700, 953, 97),
(701, 85, 30),
(702, 442, 59),
(703, 576, 76),
(704, 188, 78),
(704, 844, 54),
(706, 3, 100),
(707, 46, 99),
(707, 328, 75),
(708, 86, 68),
(709, 739, 41),
(710, 302, 20),
(712, 488, 49),
(713, 268, 28),
(713, 915, 25),
(715, 684, 20),
(718, 24, 34),
(718, 656, 85),
(721, 173, 55),
(723, 854, 47),
(724, 869, 79),
(724, 940, 68),
(725, 532, 58),
(727, 451, 94),
(729, 370, 30),
(733, 410, 30),
(733, 609, 84),
(733, 748, 40),
(738, 306, 97),
(738, 681, 65),
(740, 161, 91),
(742, 448, 93),
(742, 481, 39),
(744, 882, 64),
(745, 690, 69),
(750, 394, 36),
(750, 604, 65),
(751, 755, 44),
(751, 856, 78),
(754, 235, 30),
(754, 240, 62),
(755, 317, 42),
(756, 649, 61),
(757, 69, 64),
(760, 40, 28),
(762, 572, 82),
(764, 224, 42),
(764, 345, 99),
(766, 176, 88),
(771, 536, 70),
(771, 926, 72),
(772, 293, 59),
(773, 364, 78),
(773, 757, 97),
(774, 474, 35),
(775, 408, 30),
(776, 135, 46),
(776, 574, 64),
(780, 828, 56),
(782, 282, 38),
(782, 675, 54),
(783, 950, 72),
(786, 244, 66),
(786, 547, 25),
(787, 919, 71),
(788, 695, 33),
(790, 511, 40),
(791, 81, 90),
(792, 911, 50),
(794, 381, 85),
(795, 450, 59),
(795, 811, 51),
(796, 901, 69),
(797, 59, 25),
(797, 510, 45),
(797, 910, 41),
(798, 837, 49),
(799, 368, 88),
(800, 22, 50),
(800, 208, 60),
(800, 352, 64),
(800, 375, 87),
(801, 956, 89),
(802, 198, 91),
(803, 260, 57),
(803, 580, 43),
(807, 327, 100),
(808, 416, 66),
(808, 575, 53),
(809, 157, 90),
(809, 412, 99),
(811, 802, 29),
(812, 481, 62),
(812, 563, 57),
(816, 25, 36),
(817, 631, 63),
(818, 518, 89),
(823, 71, 72),
(824, 720, 53),
(824, 808, 63),
(824, 933, 76),
(825, 366, 67),
(825, 788, 88),
(826, 627, 33),
(828, 296, 67),
(828, 945, 64),
(830, 239, 100),
(832, 475, 30),
(833, 756, 35),
(835, 1, 44),
(836, 479, 21),
(837, 675, 41),
(838, 59, 90),
(840, 161, 62),
(844, 218, 63),
(845, 892, 99),
(847, 635, 49),
(849, 705, 100),
(850, 51, 31),
(851, 277, 22),
(852, 548, 72),
(855, 421, 44),
(856, 375, 47),
(857, 151, 57),
(859, 106, 81),
(861, 478, 95),
(861, 771, 28),
(864, 210, 36),
(865, 649, 58),
(865, 665, 68),
(866, 405, 75),
(866, 694, 86),
(866, 900, 99),
(869, 919, 88),
(873, 411, 67),
(873, 637, 33),
(877, 132, 94),
(878, 733, 33),
(879, 419, 90),
(879, 739, 96),
(880, 862, 37),
(881, 471, 47),
(882, 800, 59),
(884, 461, 52),
(885, 396, 39),
(885, 419, 63),
(887, 510, 91),
(888, 711, 80),
(890, 83, 21),
(892, 597, 54),
(892, 695, 92),
(892, 759, 85),
(897, 24, 59),
(897, 75, 86),
(899, 651, 88),
(902, 747, 51),
(903, 863, 40),
(903, 890, 35),
(905, 183, 45),
(905, 283, 26),
(905, 725, 75),
(906, 168, 36),
(907, 927, 47),
(908, 286, 47),
(908, 493, 58),
(909, 324, 95),
(909, 447, 64),
(910, 926, 51),
(912, 725, 92),
(912, 810, 37),
(915, 421, 22),
(915, 732, 73),
(915, 787, 88),
(917, 362, 27),
(918, 80, 67),
(918, 930, 32),
(920, 578, 99),
(921, 162, 58),
(922, 598, 84),
(930, 121, 23),
(931, 381, 72),
(931, 469, 40),
(932, 342, 60),
(932, 380, 28),
(933, 3, 65),
(934, 773, 100),
(937, 339, 25),
(937, 458, 42),
(940, 604, 39),
(940, 714, 91),
(945, 483, 73),
(946, 940, 38),
(948, 760, 75),
(949, 313, 92),
(949, 747, 92),
(950, 223, 69),
(951, 345, 26),
(951, 491, 89),
(954, 739, 25),
(956, 597, 37),
(959, 319, 95),
(961, 224, 90),
(962, 236, 28),
(965, 421, 98),
(966, 200, 22),
(966, 949, 80),
(967, 662, 76),
(967, 782, 75),
(968, 45, 20),
(969, 456, 52),
(969, 742, 65),
(970, 265, 93),
(970, 640, 78),
(973, 621, 76),
(974, 407, 78),
(974, 771, 64),
(975, 5, 27),
(978, 944, 97),
(979, 46, 62),
(979, 548, 58),
(981, 146, 59),
(983, 456, 90),
(983, 491, 69),
(983, 923, 41),
(984, 146, 28),
(984, 464, 38),
(984, 895, 51),
(985, 92, 76),
(985, 449, 97),
(985, 452, 29),
(985, 832, 49),
(985, 855, 51),
(986, 280, 67),
(987, 160, 52),
(988, 879, 91),
(989, 219, 98),
(990, 770, 84),
(990, 815, 72),
(990, 933, 31),
(991, 466, 97),
(992, 779, 87),
(993, 40, 50),
(994, 574, 78),
(994, 639, 81),
(996, 273, 55),
(998, 443, 64),
(998, 732, 62),
(999, 178, 48);

-- --------------------------------------------------------

--
-- Table structure for table `semester`
--

CREATE TABLE `semester` (
  `semester_id` int(11) NOT NULL,
  `semester_name` varchar(50) DEFAULT NULL,
  `start_date` date DEFAULT NULL,
  `end_date` date DEFAULT NULL
) ENGINE=InnoDB DEFAULT CHARSET=utf8mb4 COLLATE=utf8mb4_general_ci;

--
-- Dumping data for table `semester`
--

INSERT INTO `semester` (`semester_id`, `semester_name`, `start_date`, `end_date`) VALUES
(1, 'A', '2023-09-01', '2023-12-31'),
(2, 'B', '2023-11-21', '2023-07-01'),
(3, 'B', '2024-03-29', '2024-02-09'),
(4, 'ELUL', '2024-03-26', '2024-03-06'),
(5, 'ELUL', '2024-01-12', '2024-02-24'),
(6, 'B', '2024-05-03', '2023-09-09'),
(7, 'A', '2023-10-27', '2023-11-17'),
(8, 'B', '2023-12-11', '2023-10-10'),
(9, 'B', '2023-12-15', '2023-11-16'),
(10, 'ELUL', '2023-05-28', '2024-02-22'),
(11, 'B', '2024-01-02', '2023-07-03'),
(12, 'A', '2023-12-07', '2023-10-16'),
(13, 'B', '2024-01-08', '2024-02-04'),
(14, 'ELUL', '2024-03-07', '2024-01-22'),
(15, 'A', '2023-06-12', '2024-03-10'),
(16, 'B', '2023-08-02', '2023-11-02'),
(17, 'A', '2024-02-08', '2024-03-06'),
(18, 'B', '2023-08-31', '2023-09-10'),
(19, 'B', '2024-02-14', '2023-09-09'),
(20, 'A', '2023-06-25', '2024-04-24'),
(21, 'B', '2024-04-15', '2023-11-04'),
(22, 'A', '2024-03-04', '2023-06-22'),
(23, 'B', '2024-01-24', '2024-04-17'),
(24, 'ELUL', '2023-10-01', '2024-02-26'),
(25, 'A', '2024-02-18', '2023-09-18'),
(26, 'B', '2023-08-28', '2024-04-18'),
(27, 'A', '2023-07-20', '2024-04-14'),
(28, 'B', '2024-05-06', '2024-03-23'),
(29, 'A', '2023-11-02', '2023-12-28'),
(30, 'A', '2024-03-10', '2024-03-29'),
(31, 'B', '2023-12-06', '2023-11-22'),
(32, 'B', '2024-02-20', '2024-01-17'),
(33, 'B', '2024-01-15', '2023-09-04'),
(34, 'A', '2023-11-07', '2023-12-03'),
(35, 'ELUL', '2023-06-19', '2023-11-12'),
(36, 'A', '2023-06-10', '2023-10-29'),
(37, 'ELUL', '2023-06-04', '2023-11-01'),
(38, 'B', '2023-08-18', '2023-08-01'),
(39, 'ELUL', '2024-04-26', '2024-02-26'),
(40, 'A', '2023-07-30', '2024-01-30'),
(41, 'A', '2023-06-24', '2023-09-21'),
(42, 'B', '2023-05-28', '2023-09-16'),
(43, 'B', '2024-02-19', '2023-09-02'),
(44, 'ELUL', '2024-03-14', '2024-05-25'),
(45, 'A', '2023-08-21', '2024-02-04'),
(46, 'B', '2024-05-20', '2023-12-29'),
(47, 'A', '2023-06-11', '2023-12-17'),
(48, 'A', '2024-03-16', '2023-06-09'),
(49, 'ELUL', '2023-06-16', '2023-12-22'),
(50, 'A', '2024-05-07', '2023-10-04'),
(51, 'A', '2024-05-14', '2023-06-20'),
(52, 'B', '2023-05-28', '2023-06-27'),
(53, 'B', '2023-11-10', '2024-05-10'),
(54, 'B', '2023-06-23', '2023-12-31'),
(55, 'A', '2023-09-30', '2023-08-20'),
(56, 'A', '2024-03-21', '2023-09-01'),
(57, 'A', '2023-09-04', '2023-12-09'),
(58, 'ELUL', '2024-05-11', '2023-09-13'),
(59, 'A', '2023-11-29', '2024-03-31'),
(60, 'ELUL', '2024-04-15', '2024-05-16'),
(61, 'ELUL', '2024-04-02', '2023-09-09'),
(62, 'B', '2024-04-21', '2023-09-09'),
(63, 'ELUL', '2024-05-26', '2024-05-08'),
(64, 'B', '2024-04-27', '2023-08-11'),
(65, 'ELUL', '2024-05-13', '2023-07-13'),
(66, 'A', '2023-06-04', '2023-10-23'),
(67, 'A', '2024-05-02', '2023-06-29'),
(68, 'A', '2023-06-19', '2024-04-09'),
(69, 'A', '2023-10-18', '2024-04-04'),
(70, 'ELUL', '2024-03-27', '2023-12-23'),
(71, 'B', '2024-02-15', '2023-07-04'),
(72, 'A', '2023-12-25', '2023-07-06'),
(73, 'A', '2024-02-06', '2024-03-16'),
(74, 'ELUL', '2024-02-09', '2024-05-12'),
(75, 'B', '2024-02-14', '2023-05-28'),
(76, 'B', '2023-07-27', '2023-11-21'),
(77, 'A', '2024-05-25', '2023-06-27'),
(78, 'B', '2024-04-21', '2024-01-19'),
(79, 'A', '2023-05-28', '2023-07-05'),
(80, 'A', '2024-04-15', '2023-09-07'),
(81, 'B', '2023-10-05', '2023-12-27'),
(82, 'ELUL', '2023-12-15', '2023-11-26'),
(83, 'A', '2023-11-25', '2024-02-11'),
(84, 'B', '2024-04-07', '2023-12-10'),
(85, 'ELUL', '2023-07-31', '2023-12-24'),
(86, 'ELUL', '2023-06-01', '2023-09-30'),
(87, 'A', '2023-10-29', '2023-05-27'),
(88, 'ELUL', '2023-11-06', '2024-02-17'),
(89, 'ELUL', '2024-05-16', '2023-08-16'),
(90, 'ELUL', '2023-06-22', '2024-05-07'),
(91, 'ELUL', '2023-10-26', '2023-08-26'),
(92, 'A', '2023-12-25', '2023-10-22'),
(93, 'ELUL', '2023-11-03', '2024-01-05'),
(94, 'B', '2023-11-19', '2023-10-27'),
(95, 'B', '2024-05-11', '2023-07-15'),
(96, 'B', '2024-03-27', '2023-08-02'),
(97, 'ELUL', '2023-11-25', '2023-06-19'),
(98, 'ELUL', '2024-04-10', '2023-06-14'),
(99, 'A', '2024-01-13', '2024-05-06'),
(100, 'B', '2024-02-08', '2023-11-18'),
(101, 'ELUL', '2024-05-09', '2024-03-20'),
(102, 'B', '2023-06-02', '2023-11-28'),
(103, 'A', '2023-08-16', '2024-03-03'),
(104, 'B', '2024-01-22', '2023-09-26'),
(105, 'A', '2023-07-25', '2023-12-09'),
(106, 'A', '2023-09-17', '2024-01-08'),
(107, 'ELUL', '2023-06-20', '2023-06-19'),
(108, 'ELUL', '2024-03-04', '2023-11-26'),
(109, 'A', '2024-01-17', '2023-11-20'),
(110, 'ELUL', '2023-06-11', '2024-02-06'),
(111, 'ELUL', '2023-10-23', '2023-12-24'),
(112, 'B', '2024-05-15', '2024-01-14'),
(113, 'B', '2023-06-01', '2023-08-29'),
(114, 'B', '2023-07-04', '2024-02-09'),
(115, 'A', '2023-08-27', '2024-04-12'),
(116, 'B', '2023-07-09', '2023-09-11'),
(117, 'A', '2024-05-08', '2023-06-06'),
(118, 'A', '2024-05-06', '2023-06-04'),
(119, 'A', '2023-07-09', '2023-11-28'),
(120, 'A', '2023-08-14', '2024-02-02'),
(121, 'B', '2023-09-05', '2023-08-02'),
(122, 'B', '2023-06-07', '2024-02-09'),
(123, 'B', '2023-05-30', '2024-01-14'),
(124, 'B', '2024-02-19', '2023-12-06'),
(125, 'B', '2023-11-21', '2023-05-30'),
(126, 'A', '2024-02-02', '2023-10-05'),
(127, 'A', '2024-01-11', '2024-05-17'),
(128, 'B', '2023-08-09', '2024-02-26'),
(129, 'ELUL', '2023-12-16', '2024-02-15'),
(130, 'A', '2024-02-13', '2024-01-01'),
(131, 'A', '2023-07-16', '2023-10-17'),
(132, 'B', '2023-09-25', '2023-07-23'),
(133, 'A', '2023-08-15', '2023-08-07'),
(134, 'A', '2023-11-15', '2024-05-26'),
(135, 'A', '2023-12-16', '2024-03-19'),
(136, 'A', '2024-01-12', '2024-03-18'),
(137, 'ELUL', '2023-05-27', '2023-08-02'),
(138, 'B', '2024-05-20', '2023-08-25'),
(139, 'ELUL', '2023-10-24', '2023-06-06'),
(140, 'ELUL', '2023-09-18', '2023-08-12'),
(141, 'ELUL', '2024-03-07', '2024-05-23'),
(142, 'ELUL', '2023-06-03', '2023-12-17'),
(143, 'ELUL', '2024-05-07', '2024-05-26'),
(144, 'B', '2023-11-09', '2024-03-15'),
(145, 'ELUL', '2024-01-08', '2023-07-30'),
(146, 'A', '2023-09-15', '2023-09-11'),
(147, 'ELUL', '2023-11-11', '2023-07-01'),
(148, 'ELUL', '2024-04-17', '2024-03-05'),
(149, 'B', '2023-09-14', '2023-11-25'),
(150, 'B', '2023-07-05', '2024-03-04'),
(151, 'B', '2023-12-04', '2023-06-30'),
(152, 'B', '2023-06-18', '2023-10-16'),
(153, 'ELUL', '2024-02-25', '2024-03-30'),
(154, 'A', '2023-10-30', '2023-12-27'),
(155, 'A', '2024-01-30', '2024-01-22'),
(156, 'A', '2024-03-05', '2024-03-24'),
(157, 'A', '2023-08-16', '2023-06-11'),
(158, 'ELUL', '2023-11-03', '2023-07-25'),
(159, 'B', '2024-04-03', '2023-06-01'),
(160, 'ELUL', '2023-08-18', '2024-01-15'),
(161, 'ELUL', '2024-04-28', '2024-05-08'),
(162, 'A', '2024-01-29', '2023-12-05'),
(163, 'B', '2024-03-29', '2023-09-03'),
(164, 'A', '2024-02-03', '2024-02-15'),
(165, 'B', '2024-02-22', '2023-11-06'),
(166, 'ELUL', '2023-08-07', '2024-02-14'),
(167, 'ELUL', '2023-08-12', '2023-10-15'),
(168, 'ELUL', '2024-03-10', '2023-12-22'),
(169, 'ELUL', '2023-06-12', '2023-08-27'),
(170, 'B', '2024-01-23', '2024-03-05'),
(171, 'A', '2023-08-31', '2023-08-30'),
(172, 'B', '2023-09-04', '2023-08-15'),
(173, 'B', '2024-01-22', '2024-01-07'),
(174, 'ELUL', '2023-08-04', '2024-05-18'),
(175, 'ELUL', '2024-03-19', '2023-12-26'),
(176, 'A', '2023-07-25', '2023-12-22'),
(177, 'A', '2023-06-23', '2023-12-20'),
(178, 'B', '2024-04-02', '2023-06-27'),
(179, 'B', '2023-06-27', '2023-11-04'),
(180, 'B', '2023-07-15', '2024-03-31'),
(181, 'B', '2024-04-07', '2024-04-12'),
(182, 'B', '2023-06-23', '2024-03-15'),
(183, 'A', '2024-02-05', '2023-10-13'),
(184, 'ELUL', '2024-02-28', '2024-05-22'),
(185, 'B', '2023-10-12', '2023-12-25'),
(186, 'A', '2024-02-08', '2024-01-02'),
(187, 'ELUL', '2023-09-19', '2024-01-23'),
(188, 'ELUL', '2024-05-09', '2023-10-26'),
(189, 'A', '2023-10-19', '2024-05-20'),
(190, 'A', '2024-03-31', '2023-07-27'),
(191, 'B', '2023-11-08', '2024-01-27'),
(192, 'ELUL', '2024-05-13', '2023-07-05'),
(193, 'B', '2023-06-20', '2023-06-05'),
(194, 'B', '2023-09-28', '2023-08-08'),
(195, 'B', '2023-07-09', '2024-03-31'),
(196, 'A', '2023-07-02', '2023-10-07'),
(197, 'A', '2023-12-01', '2023-06-27'),
(198, 'ELUL', '2023-09-21', '2023-06-12'),
(199, 'A', '2024-05-16', '2023-08-13'),
(200, 'B', '2024-03-23', '2024-05-11'),
(201, 'B', '2024-02-27', '2023-12-01'),
(202, 'A', '2023-09-20', '2023-12-26'),
(203, 'ELUL', '2023-10-10', '2024-02-11'),
(204, 'B', '2024-04-29', '2024-02-01'),
(205, 'ELUL', '2024-02-24', '2023-08-11'),
(206, 'A', '2023-12-22', '2024-03-08'),
(207, 'A', '2024-03-15', '2023-11-24'),
(208, 'A', '2023-10-27', '2023-08-23'),
(209, 'ELUL', '2023-07-08', '2023-08-07'),
(210, 'B', '2024-05-18', '2024-02-06'),
(211, 'B', '2023-09-08', '2023-07-13'),
(212, 'ELUL', '2023-06-15', '2023-12-15'),
(213, 'B', '2024-01-12', '2023-07-24'),
(214, 'B', '2024-03-08', '2024-03-15'),
(215, 'B', '2024-02-08', '2023-08-24'),
(216, 'ELUL', '2023-11-24', '2023-11-08'),
(217, 'B', '2024-05-03', '2023-11-28'),
(218, 'B', '2024-05-11', '2024-05-08'),
(219, 'ELUL', '2024-02-21', '2023-06-10'),
(220, 'ELUL', '2024-02-18', '2023-08-15'),
(221, 'B', '2023-10-05', '2024-02-25'),
(222, 'ELUL', '2024-03-02', '2024-04-12'),
(223, 'A', '2023-12-22', '2024-04-14'),
(224, 'A', '2024-05-08', '2024-02-21'),
(225, 'A', '2023-06-24', '2023-07-19'),
(226, 'ELUL', '2024-01-20', '2024-01-30'),
(227, 'A', '2023-06-27', '2023-10-26'),
(228, 'A', '2024-05-01', '2023-10-08'),
(229, 'B', '2024-01-03', '2023-11-29'),
(230, 'ELUL', '2023-11-05', '2023-11-13'),
(231, 'ELUL', '2023-07-24', '2024-03-30'),
(232, 'B', '2023-11-16', '2023-12-14'),
(233, 'A', '2024-03-08', '2023-06-17'),
(234, 'B', '2023-08-07', '2023-09-17'),
(235, 'ELUL', '2023-10-20', '2023-07-19'),
(236, 'ELUL', '2023-09-25', '2023-08-02'),
(237, 'B', '2023-11-06', '2023-08-06'),
(238, 'B', '2024-03-30', '2023-12-25'),
(239, 'A', '2024-04-04', '2024-03-15'),
(240, 'A', '2024-03-26', '2023-10-16'),
(241, 'ELUL', '2023-08-07', '2024-01-26'),
(242, 'ELUL', '2024-02-09', '2023-06-19'),
(243, 'A', '2023-07-08', '2024-01-23'),
(244, 'A', '2023-09-15', '2024-01-07'),
(245, 'B', '2023-07-18', '2023-06-08'),
(246, 'ELUL', '2024-01-17', '2023-11-25'),
(247, 'B', '2024-03-27', '2024-03-19'),
(248, 'A', '2024-04-14', '2024-04-14'),
(249, 'A', '2023-08-26', '2023-06-24'),
(250, 'B', '2023-09-22', '2023-07-03'),
(251, 'ELUL', '2023-11-10', '2023-11-01'),
(252, 'ELUL', '2023-12-15', '2024-04-27'),
(253, 'B', '2023-07-01', '2023-12-29'),
(254, 'A', '2023-07-30', '2024-01-07'),
(255, 'ELUL', '2023-08-27', '2023-08-21'),
(256, 'B', '2024-04-18', '2023-10-24'),
(257, 'B', '2024-03-05', '2023-11-25'),
(258, 'ELUL', '2024-03-05', '2023-11-16'),
(259, 'B', '2023-11-03', '2024-02-19'),
(260, 'B', '2023-12-22', '2024-04-05'),
(261, 'A', '2023-06-25', '2024-03-15'),
(262, 'B', '2024-04-11', '2023-07-30'),
(263, 'ELUL', '2024-03-09', '2023-11-11'),
(264, 'A', '2023-12-19', '2023-06-20'),
(265, 'A', '2024-03-28', '2023-10-22'),
(266, 'B', '2024-03-06', '2023-10-21'),
(267, 'A', '2023-09-09', '2023-07-05'),
(268, 'ELUL', '2023-10-21', '2024-02-14'),
(269, 'B', '2023-07-06', '2023-12-30'),
(270, 'B', '2023-08-20', '2024-01-04'),
(271, 'ELUL', '2024-04-06', '2023-06-06'),
(272, 'B', '2024-02-23', '2023-11-25'),
(273, 'ELUL', '2023-11-27', '2023-09-04'),
(274, 'B', '2024-01-05', '2023-07-30'),
(275, 'ELUL', '2023-08-23', '2023-09-10'),
(276, 'B', '2024-03-02', '2024-03-29'),
(277, 'A', '2024-05-12', '2023-12-16'),
(278, 'A', '2023-09-01', '2024-01-09'),
(279, 'A', '2024-04-04', '2023-07-13'),
(280, 'B', '2023-12-20', '2023-10-10'),
(281, 'ELUL', '2024-05-22', '2023-12-16'),
(282, 'B', '2023-08-03', '2023-05-30'),
(283, 'ELUL', '2024-04-05', '2023-09-26'),
(284, 'A', '2023-11-20', '2023-07-24'),
(285, 'B', '2023-06-27', '2023-09-27'),
(286, 'B', '2024-05-09', '2024-05-24'),
(287, 'B', '2024-03-22', '2023-09-02'),
(288, 'A', '2023-08-09', '2023-09-24'),
(289, 'ELUL', '2023-07-19', '2024-04-11'),
(290, 'ELUL', '2023-08-22', '2023-07-04'),
(291, 'B', '2023-09-10', '2023-07-03'),
(292, 'B', '2024-01-07', '2023-07-12'),
(293, 'ELUL', '2023-07-17', '2023-12-29'),
(294, 'B', '2024-05-17', '2023-08-16'),
(295, 'A', '2024-05-24', '2023-06-30'),
(296, 'A', '2024-04-23', '2023-07-24'),
(297, 'B', '2023-06-30', '2024-04-30'),
(298, 'ELUL', '2024-04-10', '2024-01-02'),
(299, 'ELUL', '2024-02-13', '2024-05-16'),
(300, 'ELUL', '2023-08-15', '2024-01-26'),
(301, 'B', '2024-03-04', '2024-05-08'),
(302, 'ELUL', '2024-04-20', '2023-11-19'),
(303, 'ELUL', '2023-07-31', '2024-03-31'),
(304, 'B', '2023-08-30', '2023-10-31'),
(305, 'ELUL', '2023-09-08', '2024-05-14'),
(306, 'B', '2024-01-14', '2023-10-17'),
(307, 'A', '2024-02-27', '2023-07-29'),
(308, 'A', '2023-10-08', '2024-01-31'),
(309, 'ELUL', '2023-09-15', '2023-11-08'),
(310, 'ELUL', '2024-04-25', '2024-02-02'),
(311, 'ELUL', '2023-06-16', '2023-09-05'),
(312, 'B', '2023-12-20', '2023-09-13'),
(313, 'ELUL', '2023-10-15', '2023-07-01'),
(314, 'A', '2023-07-04', '2023-06-24'),
(315, 'A', '2023-06-20', '2023-10-06'),
(316, 'ELUL', '2024-02-17', '2024-05-21'),
(317, 'A', '2023-09-21', '2024-04-03'),
(318, 'ELUL', '2024-01-09', '2024-02-02'),
(319, 'A', '2023-10-14', '2023-06-26'),
(320, 'ELUL', '2023-12-22', '2023-07-18'),
(321, 'A', '2023-08-19', '2024-04-30'),
(322, 'ELUL', '2023-07-04', '2024-01-10'),
(323, 'B', '2023-11-04', '2023-10-27'),
(324, 'B', '2024-04-19', '2024-01-16'),
(325, 'B', '2024-05-03', '2023-08-12'),
(326, 'ELUL', '2024-03-10', '2024-02-05'),
(327, 'ELUL', '2024-04-18', '2024-05-05'),
(328, 'A', '2023-07-03', '2024-03-05'),
(329, 'A', '2023-06-28', '2024-05-09'),
(330, 'ELUL', '2024-05-12', '2023-12-07'),
(331, 'ELUL', '2023-12-16', '2024-03-16'),
(332, 'B', '2023-06-12', '2024-02-09'),
(333, 'B', '2023-11-01', '2023-11-20'),
(334, 'A', '2023-12-24', '2024-05-13'),
(335, 'B', '2024-04-03', '2024-03-15'),
(336, 'A', '2023-08-26', '2024-01-20'),
(337, 'B', '2024-05-23', '2023-12-29'),
(338, 'ELUL', '2023-09-29', '2023-12-29'),
(339, 'A', '2024-03-12', '2024-04-26'),
(340, 'A', '2023-09-21', '2024-02-01'),
(341, 'A', '2023-07-23', '2024-03-27'),
(342, 'A', '2023-07-31', '2023-08-23'),
(343, 'B', '2023-11-27', '2023-12-07'),
(344, 'B', '2024-01-16', '2023-08-14'),
(345, 'ELUL', '2024-05-12', '2024-03-23'),
(346, 'B', '2024-04-13', '2023-06-15'),
(347, 'A', '2024-04-15', '2024-02-13'),
(348, 'B', '2024-01-17', '2024-04-11'),
(349, 'A', '2024-04-20', '2024-04-02'),
(350, 'A', '2023-07-14', '2024-03-25'),
(351, 'B', '2023-08-25', '2023-12-30'),
(352, 'A', '2023-06-27', '2023-11-27'),
(353, 'ELUL', '2024-03-10', '2023-06-13'),
(354, 'A', '2023-09-27', '2024-02-26'),
(355, 'A', '2024-01-11', '2024-02-13'),
(356, 'ELUL', '2024-01-20', '2023-10-14'),
(357, 'A', '2023-11-09', '2023-08-08'),
(358, 'B', '2024-02-25', '2023-09-15'),
(359, 'B', '2023-06-15', '2024-01-30'),
(360, 'B', '2023-08-03', '2024-01-28'),
(361, 'B', '2023-05-28', '2024-03-04'),
(362, 'ELUL', '2023-11-09', '2023-12-02'),
(363, 'B', '2023-11-02', '2023-07-22'),
(364, 'A', '2023-07-23', '2023-10-07'),
(365, 'B', '2024-03-18', '2023-10-17'),
(366, 'B', '2023-09-11', '2024-01-24'),
(367, 'ELUL', '2023-10-07', '2023-06-23'),
(368, 'ELUL', '2023-05-31', '2023-06-02'),
(369, 'B', '2024-02-02', '2023-11-03'),
(370, 'A', '2023-10-13', '2023-12-08'),
(371, 'B', '2023-11-18', '2023-06-07'),
(372, 'B', '2023-06-27', '2023-06-16'),
(373, 'B', '2024-03-02', '2024-05-11'),
(374, 'A', '2023-09-11', '2023-06-15'),
(375, 'ELUL', '2024-04-20', '2023-08-12'),
(376, 'A', '2023-08-20', '2023-07-02'),
(377, 'A', '2023-12-06', '2024-04-24'),
(378, 'ELUL', '2023-11-28', '2023-08-04'),
(379, 'A', '2024-05-10', '2023-11-02'),
(380, 'A', '2024-05-19', '2023-11-08'),
(381, 'ELUL', '2023-11-12', '2024-02-17'),
(382, 'B', '2023-10-23', '2024-01-15'),
(383, 'A', '2023-11-06', '2023-10-14'),
(384, 'ELUL', '2024-05-24', '2023-08-16'),
(385, 'ELUL', '2023-08-06', '2023-07-15'),
(386, 'ELUL', '2023-07-18', '2024-02-02'),
(387, 'B', '2023-07-02', '2023-06-05'),
(388, 'ELUL', '2023-12-12', '2023-09-18'),
(389, 'B', '2023-08-13', '2024-02-07'),
(390, 'A', '2024-04-10', '2024-05-23'),
(391, 'B', '2023-07-04', '2023-12-06'),
(392, 'B', '2023-07-04', '2023-08-28'),
(393, 'B', '2023-10-03', '2023-11-28'),
(394, 'A', '2023-09-14', '2023-10-08'),
(395, 'ELUL', '2023-08-09', '2024-04-20'),
(396, 'A', '2024-05-20', '2023-06-14'),
(397, 'B', '2024-01-23', '2024-01-01'),
(398, 'A', '2023-05-28', '2023-11-24'),
(399, 'A', '2023-06-25', '2023-12-13'),
(400, 'ELUL', '2023-06-25', '2023-09-05'),
(401, 'ELUL', '2023-10-28', '2023-08-02'),
(402, 'B', '2023-11-22', '2023-05-30'),
(403, 'A', '2023-08-01', '2023-11-20'),
(404, 'ELUL', '2023-06-09', '2023-12-25'),
(405, 'A', '2024-04-20', '2024-01-15'),
(406, 'ELUL', '2024-02-23', '2023-06-01'),
(407, 'A', '2023-07-05', '2023-12-01'),
(408, 'ELUL', '2023-07-14', '2023-07-16'),
(409, 'A', '2023-12-01', '2023-06-10'),
(410, 'A', '2024-01-23', '2023-07-19'),
(411, 'ELUL', '2023-11-28', '2023-07-08'),
(412, 'A', '2024-03-13', '2024-03-06'),
(413, 'ELUL', '2024-05-01', '2024-02-24'),
(414, 'B', '2023-06-13', '2024-01-12'),
(415, 'B', '2024-03-22', '2023-12-15'),
(416, 'B', '2023-12-23', '2024-04-14'),
(417, 'ELUL', '2024-02-16', '2024-02-07'),
(418, 'B', '2023-06-13', '2024-02-01'),
(419, 'A', '2023-08-02', '2023-06-14'),
(420, 'B', '2023-12-21', '2024-01-15'),
(421, 'B', '2024-04-26', '2023-10-26'),
(422, 'B', '2024-04-08', '2023-06-07'),
(423, 'B', '2023-06-08', '2023-07-18'),
(424, 'A', '2024-01-13', '2024-05-19'),
(425, 'A', '2024-04-10', '2023-10-10'),
(426, 'B', '2023-07-06', '2024-05-08'),
(427, 'ELUL', '2024-05-06', '2023-07-03'),
(428, 'B', '2024-02-27', '2023-06-25'),
(429, 'ELUL', '2023-11-28', '2024-05-18'),
(430, 'B', '2023-10-12', '2023-07-24'),
(431, 'B', '2024-03-29', '2024-01-04'),
(432, 'A', '2023-12-21', '2023-10-06'),
(433, 'A', '2024-02-20', '2023-07-31'),
(434, 'ELUL', '2023-09-24', '2023-12-09'),
(435, 'ELUL', '2024-01-25', '2023-06-09'),
(436, 'B', '2024-01-23', '2023-06-04'),
(437, 'A', '2023-11-26', '2023-09-27'),
(438, 'A', '2024-05-01', '2023-10-08'),
(439, 'ELUL', '2023-07-02', '2023-09-05'),
(440, 'B', '2023-11-20', '2024-01-30'),
(441, 'A', '2023-10-17', '2023-10-25'),
(442, 'ELUL', '2023-08-15', '2024-02-17'),
(443, 'A', '2023-07-10', '2024-05-16'),
(444, 'B', '2024-03-14', '2024-04-06'),
(445, 'A', '2024-02-08', '2023-07-21'),
(446, 'B', '2023-12-16', '2023-12-27'),
(447, 'A', '2023-07-08', '2024-02-22'),
(448, 'B', '2023-07-05', '2023-05-27'),
(449, 'ELUL', '2023-05-29', '2024-04-08'),
(450, 'ELUL', '2024-03-21', '2023-07-30'),
(451, 'A', '2024-05-16', '2023-07-27'),
(452, 'B', '2023-08-03', '2024-01-20'),
(453, 'A', '2023-08-10', '2023-11-14'),
(454, 'A', '2024-03-08', '2023-09-11'),
(455, 'B', '2023-07-20', '2024-01-22'),
(456, 'ELUL', '2024-04-06', '2023-08-14'),
(457, 'ELUL', '2024-01-30', '2024-01-18'),
(458, 'A', '2024-05-20', '2023-10-28'),
(459, 'ELUL', '2024-01-09', '2023-07-14'),
(460, 'B', '2024-02-02', '2023-11-09'),
(461, 'A', '2024-01-23', '2024-03-06'),
(462, 'ELUL', '2023-12-31', '2023-06-08'),
(463, 'A', '2024-02-27', '2024-04-13'),
(464, 'A', '2023-07-17', '2024-03-05'),
(465, 'ELUL', '2024-04-26', '2023-10-12'),
(466, 'ELUL', '2024-02-07', '2023-06-29'),
(467, 'A', '2023-08-13', '2024-02-05'),
(468, 'B', '2023-07-25', '2024-05-04'),
(469, 'B', '2024-02-07', '2023-10-06'),
(470, 'B', '2024-01-12', '2023-10-24'),
(471, 'A', '2024-05-22', '2023-06-29'),
(472, 'A', '2023-09-05', '2023-10-24'),
(473, 'ELUL', '2024-04-30', '2024-02-27'),
(474, 'ELUL', '2024-04-05', '2024-03-18'),
(475, 'B', '2023-08-18', '2023-07-06'),
(476, 'ELUL', '2023-08-01', '2024-04-15'),
(477, 'B', '2023-12-11', '2023-07-25'),
(478, 'B', '2024-03-13', '2023-11-12'),
(479, 'ELUL', '2024-02-24', '2023-07-22'),
(480, 'A', '2024-02-27', '2024-01-07'),
(481, 'B', '2024-04-11', '2023-06-13'),
(482, 'A', '2023-06-20', '2024-01-24'),
(483, 'B', '2023-12-29', '2023-11-19'),
(484, 'A', '2024-02-05', '2024-04-22'),
(485, 'ELUL', '2023-09-28', '2023-08-16'),
(486, 'ELUL', '2024-01-12', '2024-05-15'),
(487, 'A', '2024-01-22', '2024-01-29'),
(488, 'ELUL', '2023-07-18', '2023-10-27'),
(489, 'ELUL', '2023-09-24', '2023-07-04'),
(490, 'B', '2024-03-16', '2024-03-30'),
(491, 'A', '2023-11-30', '2023-06-12'),
(492, 'ELUL', '2023-06-18', '2024-04-21'),
(493, 'B', '2023-12-30', '2023-10-18'),
(494, 'B', '2023-07-20', '2023-12-16'),
(495, 'B', '2024-01-08', '2024-03-26'),
(496, 'ELUL', '2024-02-25', '2024-03-12'),
(497, 'A', '2024-04-14', '2023-11-22'),
(498, 'B', '2024-05-10', '2023-10-06'),
(499, 'ELUL', '2023-08-27', '2024-02-01'),
(500, 'B', '2024-04-20', '2023-07-08'),
(501, 'ELUL', '2023-06-21', '2023-11-14'),
(502, 'B', '2023-07-04', '2024-04-02'),
(503, 'ELUL', '2024-05-17', '2023-09-02'),
(504, 'B', '2024-01-20', '2024-04-14'),
(505, 'B', '2024-03-18', '2024-02-26'),
(506, 'ELUL', '2023-08-08', '2023-09-12'),
(507, 'B', '2024-03-14', '2024-03-09'),
(508, 'ELUL', '2023-10-14', '2023-10-15'),
(509, 'ELUL', '2024-04-04', '2023-12-01'),
(510, 'A', '2023-08-12', '2024-03-08'),
(511, 'B', '2023-09-25', '2023-07-09'),
(512, 'B', '2023-09-21', '2024-05-08'),
(513, 'B', '2024-03-30', '2024-02-07'),
(514, 'B', '2023-07-23', '2024-01-15'),
(515, 'A', '2023-12-15', '2024-02-16'),
(516, 'ELUL', '2023-12-20', '2023-08-29'),
(517, 'A', '2023-07-18', '2024-02-20'),
(518, 'B', '2023-12-03', '2024-04-07'),
(519, 'ELUL', '2024-02-26', '2024-02-17'),
(520, 'A', '2023-07-13', '2024-02-12'),
(521, 'A', '2024-01-14', '2024-05-03'),
(522, 'ELUL', '2024-01-31', '2024-03-09'),
(523, 'B', '2023-10-16', '2024-04-05'),
(524, 'A', '2023-11-24', '2023-08-05'),
(525, 'A', '2024-01-02', '2023-07-21'),
(526, 'ELUL', '2024-05-16', '2023-07-18'),
(527, 'B', '2023-12-15', '2024-04-29'),
(528, 'A', '2024-01-15', '2024-03-31'),
(529, 'ELUL', '2023-09-17', '2024-01-11'),
(530, 'ELUL', '2024-01-19', '2024-01-01'),
(531, 'B', '2023-06-08', '2023-06-21'),
(532, 'A', '2023-10-08', '2023-12-04'),
(533, 'ELUL', '2024-03-18', '2023-06-25'),
(534, 'B', '2023-09-23', '2023-07-23'),
(535, 'A', '2024-02-05', '2024-03-18'),
(536, 'A', '2024-05-09', '2024-05-02'),
(537, 'A', '2023-08-12', '2024-03-09'),
(538, 'ELUL', '2023-12-20', '2023-12-02'),
(539, 'B', '2023-09-11', '2023-09-17'),
(540, 'A', '2024-04-23', '2023-09-30'),
(541, 'A', '2023-08-28', '2024-03-27'),
(542, 'A', '2024-04-16', '2023-09-16'),
(543, 'B', '2023-11-18', '2023-08-07'),
(544, 'B', '2023-09-09', '2024-01-29'),
(545, 'B', '2024-05-06', '2023-10-18'),
(546, 'A', '2023-11-04', '2024-05-24'),
(547, 'B', '2023-10-05', '2023-12-14'),
(548, 'B', '2024-04-22', '2023-08-08'),
(549, 'B', '2023-12-12', '2023-10-22'),
(550, 'B', '2024-02-12', '2023-10-17'),
(551, 'B', '2023-11-26', '2023-07-30'),
(552, 'B', '2024-02-14', '2024-04-06'),
(553, 'ELUL', '2023-12-03', '2024-01-07'),
(554, 'ELUL', '2024-04-07', '2023-09-26'),
(555, 'A', '2024-04-05', '2023-09-15'),
(556, 'ELUL', '2023-11-23', '2023-10-20'),
(557, 'ELUL', '2023-12-31', '2023-07-27'),
(558, 'B', '2024-03-26', '2023-08-31'),
(559, 'A', '2023-08-05', '2023-12-14'),
(560, 'A', '2023-08-28', '2023-06-23'),
(561, 'A', '2023-12-17', '2023-10-23'),
(562, 'A', '2023-08-14', '2024-05-16'),
(563, 'A', '2024-05-25', '2024-04-08'),
(564, 'B', '2023-06-04', '2024-02-02'),
(565, 'A', '2023-08-27', '2023-09-07'),
(566, 'B', '2024-02-19', '2023-06-22'),
(567, 'ELUL', '2024-01-17', '2023-11-17'),
(568, 'A', '2024-01-11', '2023-07-12'),
(569, 'A', '2023-11-28', '2023-12-12'),
(570, 'A', '2024-03-03', '2023-06-25'),
(571, 'B', '2023-12-11', '2023-06-17'),
(572, 'ELUL', '2024-05-24', '2024-03-30'),
(573, 'ELUL', '2023-09-28', '2024-05-14'),
(574, 'B', '2024-03-22', '2023-09-12'),
(575, 'B', '2024-01-09', '2023-06-07'),
(576, 'B', '2023-12-08', '2023-09-19'),
(577, 'ELUL', '2024-03-11', '2024-05-02'),
(578, 'B', '2023-09-27', '2024-04-27'),
(579, 'A', '2023-10-07', '2024-01-05'),
(580, 'ELUL', '2024-05-22', '2024-03-28'),
(581, 'A', '2023-10-30', '2024-04-22'),
(582, 'A', '2023-10-02', '2024-05-19'),
(583, 'A', '2023-07-04', '2024-03-15'),
(584, 'B', '2023-10-11', '2024-03-25'),
(585, 'A', '2023-12-06', '2023-12-09'),
(586, 'B', '2023-10-31', '2023-07-02'),
(587, 'A', '2024-05-07', '2024-03-10'),
(588, 'B', '2023-10-04', '2024-05-20'),
(589, 'A', '2024-03-14', '2023-06-11'),
(590, 'B', '2023-11-18', '2023-06-03'),
(591, 'B', '2023-10-20', '2023-06-08'),
(592, 'ELUL', '2023-12-04', '2023-07-28'),
(593, 'ELUL', '2023-09-28', '2024-05-25'),
(594, 'ELUL', '2024-01-18', '2024-03-26'),
(595, 'A', '2023-12-28', '2024-05-06'),
(596, 'ELUL', '2024-01-12', '2023-10-20'),
(597, 'ELUL', '2023-07-22', '2023-05-27'),
(598, 'ELUL', '2023-12-31', '2024-02-26'),
(599, 'ELUL', '2023-08-19', '2024-03-26'),
(600, 'ELUL', '2024-03-05', '2024-05-02'),
(601, 'B', '2023-12-31', '2023-12-20'),
(602, 'A', '2023-06-17', '2024-03-08'),
(603, 'B', '2024-04-03', '2023-11-04'),
(604, 'A', '2023-08-09', '2023-11-05'),
(605, 'ELUL', '2023-10-07', '2023-07-08'),
(606, 'A', '2023-06-18', '2023-06-29'),
(607, 'ELUL', '2024-03-02', '2024-05-17'),
(608, 'B', '2023-10-29', '2023-10-03'),
(609, 'A', '2024-04-15', '2023-06-09'),
(610, 'A', '2023-12-19', '2023-08-26'),
(611, 'A', '2024-04-16', '2023-10-29'),
(612, 'A', '2024-01-19', '2023-07-27'),
(613, 'ELUL', '2023-08-09', '2024-04-20'),
(614, 'A', '2023-06-14', '2023-06-03'),
(615, 'A', '2023-11-06', '2023-10-31'),
(616, 'ELUL', '2023-10-08', '2023-09-25'),
(617, 'ELUL', '2024-05-08', '2024-01-21'),
(618, 'B', '2024-01-24', '2024-03-13'),
(619, 'B', '2023-08-27', '2023-06-01'),
(620, 'ELUL', '2023-09-19', '2023-07-27'),
(621, 'ELUL', '2024-05-22', '2023-12-28'),
(622, 'ELUL', '2023-09-18', '2024-02-27'),
(623, 'ELUL', '2024-01-09', '2023-12-21'),
(624, 'ELUL', '2024-02-07', '2024-04-30'),
(625, 'A', '2023-08-13', '2023-12-12'),
(626, 'ELUL', '2023-12-27', '2023-08-23'),
(627, 'A', '2023-05-29', '2023-05-27'),
(628, 'A', '2024-05-17', '2024-04-21'),
(629, 'ELUL', '2023-07-17', '2023-06-25'),
(630, 'ELUL', '2024-03-25', '2024-02-21'),
(631, 'ELUL', '2024-03-18', '2024-04-18'),
(632, 'B', '2024-05-13', '2023-11-27'),
(633, 'A', '2024-04-19', '2023-07-11'),
(634, 'ELUL', '2024-05-14', '2024-01-25'),
(635, 'ELUL', '2023-10-26', '2024-04-17'),
(636, 'A', '2024-04-29', '2023-07-19'),
(637, 'B', '2024-03-24', '2023-09-25'),
(638, 'ELUL', '2024-02-21', '2023-06-16'),
(639, 'ELUL', '2023-07-09', '2024-01-19'),
(640, 'B', '2023-10-08', '2023-11-02'),
(641, 'A', '2023-07-25', '2024-04-19'),
(642, 'A', '2024-02-09', '2023-11-23'),
(643, 'A', '2023-11-22', '2023-07-28'),
(644, 'ELUL', '2024-01-23', '2024-03-02'),
(645, 'B', '2024-01-31', '2023-06-18'),
(646, 'A', '2023-09-05', '2023-07-10'),
(647, 'ELUL', '2023-08-11', '2023-06-27'),
(648, 'B', '2023-07-29', '2024-03-11'),
(649, 'B', '2023-07-01', '2024-04-11'),
(650, 'A', '2024-02-07', '2024-03-21'),
(651, 'A', '2024-03-26', '2024-01-07'),
(652, 'ELUL', '2023-11-04', '2024-03-25'),
(653, 'ELUL', '2023-12-21', '2023-12-08'),
(654, 'A', '2023-07-14', '2023-11-04'),
(655, 'A', '2023-06-30', '2024-04-10'),
(656, 'B', '2024-01-24', '2023-10-17'),
(657, 'B', '2024-04-18', '2024-02-04'),
(658, 'B', '2023-10-08', '2024-02-20'),
(659, 'ELUL', '2024-02-12', '2024-01-12'),
(660, 'B', '2024-04-14', '2024-02-20'),
(661, 'ELUL', '2023-09-20', '2023-06-17'),
(662, 'A', '2023-06-17', '2023-08-12'),
(663, 'ELUL', '2023-10-20', '2023-12-08'),
(664, 'A', '2023-08-09', '2023-10-29'),
(665, 'A', '2023-09-17', '2023-08-25'),
(666, 'ELUL', '2024-01-17', '2023-09-30'),
(667, 'ELUL', '2023-11-20', '2023-10-31'),
(668, 'ELUL', '2024-02-17', '2024-01-25'),
(669, 'A', '2024-02-14', '2024-01-22'),
(670, 'A', '2023-11-15', '2023-12-26'),
(671, 'B', '2023-10-23', '2023-09-21'),
(672, 'A', '2023-08-03', '2024-01-26'),
(673, 'B', '2024-04-13', '2024-04-19'),
(674, 'A', '2024-03-14', '2024-03-29'),
(675, 'A', '2024-03-28', '2024-01-17'),
(676, 'B', '2024-01-21', '2023-11-19'),
(677, 'ELUL', '2024-01-11', '2023-07-14'),
(678, 'B', '2023-12-28', '2023-10-12'),
(679, 'A', '2024-05-21', '2023-12-25'),
(680, 'B', '2023-09-15', '2024-02-08'),
(681, 'ELUL', '2024-01-12', '2023-09-29'),
(682, 'A', '2023-07-22', '2024-04-07'),
(683, 'B', '2024-05-16', '2023-07-12'),
(684, 'A', '2023-09-12', '2023-08-11'),
(685, 'A', '2023-08-09', '2023-12-23'),
(686, 'ELUL', '2024-05-21', '2024-05-15'),
(687, 'A', '2023-10-27', '2023-06-09'),
(688, 'ELUL', '2023-12-29', '2024-05-20'),
(689, 'A', '2023-08-06', '2023-10-14'),
(690, 'ELUL', '2023-12-22', '2024-01-25'),
(691, 'ELUL', '2023-09-11', '2023-09-06'),
(692, 'B', '2023-10-11', '2024-03-13'),
(693, 'B', '2024-01-18', '2024-03-01'),
(694, 'A', '2024-04-24', '2023-06-20'),
(695, 'B', '2023-06-04', '2024-05-02'),
(696, 'A', '2024-01-28', '2023-06-02'),
(697, 'ELUL', '2023-11-20', '2024-04-07'),
(698, 'B', '2023-10-06', '2023-06-04'),
(699, 'ELUL', '2023-08-01', '2023-06-20'),
(700, 'A', '2023-10-06', '2024-05-07'),
(701, 'A', '2024-04-10', '2023-10-03'),
(702, 'A', '2024-03-23', '2024-02-08'),
(703, 'ELUL', '2024-03-07', '2023-08-23'),
(704, 'ELUL', '2024-05-15', '2024-02-08'),
(705, 'ELUL', '2023-10-22', '2024-04-04'),
(706, 'A', '2024-01-20', '2024-02-16'),
(707, 'ELUL', '2023-12-14', '2024-01-27'),
(708, 'ELUL', '2024-04-30', '2024-04-04'),
(709, 'A', '2024-04-03', '2024-04-25'),
(710, 'ELUL', '2024-02-05', '2023-08-17'),
(711, 'ELUL', '2024-04-16', '2023-06-11'),
(712, 'B', '2024-01-23', '2024-05-02'),
(713, 'ELUL', '2024-01-08', '2023-12-08'),
(714, 'A', '2023-12-24', '2023-09-21'),
(715, 'A', '2023-08-22', '2023-08-29'),
(716, 'B', '2024-02-14', '2023-08-28'),
(717, 'B', '2024-02-15', '2024-02-22'),
(718, 'ELUL', '2024-01-26', '2023-07-23'),
(719, 'A', '2024-02-29', '2023-12-23'),
(720, 'B', '2023-11-16', '2024-02-09'),
(721, 'B', '2023-09-27', '2023-07-13'),
(722, 'B', '2024-04-09', '2023-07-28'),
(723, 'ELUL', '2024-05-01', '2024-03-25'),
(724, 'A', '2024-04-27', '2024-02-14'),
(725, 'B', '2024-02-16', '2023-10-01'),
(726, 'B', '2024-03-18', '2024-02-05'),
(727, 'A', '2023-12-23', '2023-09-03'),
(728, 'B', '2023-08-19', '2024-05-17'),
(729, 'ELUL', '2024-01-22', '2024-02-11'),
(730, 'A', '2024-04-20', '2024-01-29'),
(731, 'B', '2024-02-19', '2023-07-18'),
(732, 'A', '2023-08-19', '2023-12-04'),
(733, 'ELUL', '2023-09-26', '2023-05-27'),
(734, 'ELUL', '2024-01-10', '2023-09-23'),
(735, 'A', '2024-01-12', '2023-09-15'),
(736, 'A', '2023-10-14', '2024-03-19'),
(737, 'A', '2023-06-05', '2024-01-29'),
(738, 'A', '2023-11-28', '2024-01-05'),
(739, 'ELUL', '2024-05-12', '2023-11-02'),
(740, 'A', '2023-09-21', '2024-02-08'),
(741, 'ELUL', '2023-09-20', '2024-04-09'),
(742, 'B', '2024-04-21', '2023-07-20'),
(743, 'B', '2024-02-22', '2024-04-09'),
(744, 'B', '2023-10-16', '2024-02-14'),
(745, 'ELUL', '2023-11-24', '2023-11-01'),
(746, 'B', '2023-08-12', '2023-08-04'),
(747, 'A', '2023-10-10', '2023-09-05'),
(748, 'ELUL', '2024-02-22', '2023-08-23'),
(749, 'ELUL', '2023-10-27', '2024-03-02'),
(750, 'ELUL', '2023-11-20', '2023-09-06'),
(751, 'A', '2024-01-24', '2023-10-09'),
(752, 'B', '2023-06-03', '2024-04-08'),
(753, 'B', '2024-01-16', '2024-04-11'),
(754, 'A', '2024-01-09', '2023-11-10'),
(755, 'B', '2023-09-13', '2023-11-07'),
(756, 'B', '2024-05-21', '2023-10-30'),
(757, 'B', '2023-08-09', '2024-05-24'),
(758, 'A', '2024-01-14', '2024-04-19'),
(759, 'ELUL', '2024-02-03', '2024-02-27'),
(760, 'A', '2023-06-28', '2023-10-03'),
(761, 'B', '2023-09-25', '2024-05-09'),
(762, 'B', '2024-01-07', '2023-06-05'),
(763, 'ELUL', '2023-11-25', '2023-07-17'),
(764, 'A', '2023-06-18', '2023-11-12'),
(765, 'B', '2023-08-29', '2023-09-18'),
(766, 'ELUL', '2024-01-23', '2023-08-01'),
(767, 'B', '2024-05-20', '2024-05-24'),
(768, 'B', '2023-06-19', '2023-11-15'),
(769, 'B', '2023-12-27', '2023-08-07'),
(770, 'B', '2023-08-24', '2023-12-07'),
(771, 'A', '2023-11-19', '2024-04-30'),
(772, 'B', '2024-01-19', '2024-05-10'),
(773, 'ELUL', '2023-11-26', '2023-09-16'),
(774, 'B', '2024-02-01', '2023-10-31'),
(775, 'ELUL', '2023-09-29', '2023-10-10'),
(776, 'A', '2024-01-14', '2023-06-24'),
(777, 'A', '2023-06-18', '2024-04-06'),
(778, 'ELUL', '2023-10-17', '2023-11-03'),
(779, 'B', '2024-01-11', '2023-10-17'),
(780, 'A', '2023-08-15', '2024-05-05'),
(781, 'ELUL', '2023-10-20', '2024-03-16'),
(782, 'B', '2023-11-13', '2024-03-23'),
(783, 'ELUL', '2023-12-18', '2023-11-29'),
(784, 'A', '2023-11-14', '2024-04-05'),
(785, 'B', '2023-09-26', '2023-10-27'),
(786, 'A', '2024-05-24', '2024-01-21'),
(787, 'B', '2023-12-24', '2024-04-13'),
(788, 'B', '2024-03-08', '2023-10-24'),
(789, 'ELUL', '2023-08-13', '2023-10-04'),
(790, 'B', '2023-08-04', '2023-10-04'),
(791, 'B', '2023-08-25', '2024-05-19'),
(792, 'ELUL', '2023-12-17', '2024-02-24'),
(793, 'ELUL', '2024-01-19', '2023-11-21'),
(794, 'B', '2024-04-11', '2024-03-31'),
(795, 'ELUL', '2023-05-31', '2023-09-06'),
(796, 'A', '2023-07-12', '2023-12-27'),
(797, 'A', '2023-06-26', '2024-02-15'),
(798, 'B', '2023-08-05', '2023-10-27'),
(799, 'ELUL', '2023-12-24', '2024-04-29'),
(800, 'ELUL', '2024-01-22', '2024-03-01'),
(801, 'A', '2023-10-03', '2024-04-01'),
(802, 'ELUL', '2023-09-24', '2024-04-27'),
(803, 'B', '2023-06-22', '2024-04-27'),
(804, 'B', '2024-01-28', '2023-10-20'),
(805, 'ELUL', '2023-07-19', '2024-04-19'),
(806, 'B', '2023-10-01', '2023-09-08'),
(807, 'B', '2023-07-28', '2024-01-16'),
(808, 'A', '2023-11-17', '2024-05-01'),
(809, 'A', '2023-12-07', '2023-08-09'),
(810, 'B', '2024-05-17', '2023-06-24'),
(811, 'A', '2023-07-10', '2023-12-23'),
(812, 'ELUL', '2024-02-22', '2024-02-11'),
(813, 'ELUL', '2024-02-07', '2024-04-20'),
(814, 'A', '2023-06-28', '2023-12-03'),
(815, 'A', '2024-03-21', '2023-09-08'),
(816, 'ELUL', '2024-01-15', '2024-03-13'),
(817, 'B', '2024-02-13', '2023-06-05'),
(818, 'ELUL', '2023-09-10', '2024-03-11'),
(819, 'B', '2024-02-10', '2024-02-19'),
(820, 'B', '2024-03-09', '2024-03-05'),
(821, 'A', '2023-10-18', '2023-09-21'),
(822, 'ELUL', '2023-06-18', '2024-02-07'),
(823, 'B', '2023-06-01', '2024-05-07'),
(824, 'A', '2023-06-16', '2023-08-10'),
(825, 'B', '2024-05-02', '2024-02-10'),
(826, 'A', '2023-10-11', '2024-01-22'),
(827, 'B', '2023-05-29', '2023-06-04'),
(828, 'ELUL', '2023-07-30', '2024-02-09'),
(829, 'A', '2024-03-21', '2023-09-20'),
(830, 'B', '2024-04-29', '2023-07-12'),
(831, 'B', '2023-08-19', '2024-02-13'),
(832, 'B', '2024-02-07', '2023-12-07'),
(833, 'B', '2023-06-22', '2023-12-02'),
(834, 'ELUL', '2024-01-30', '2024-04-10'),
(835, 'ELUL', '2023-12-08', '2024-05-10'),
(836, 'A', '2023-10-10', '2024-01-31'),
(837, 'B', '2023-06-07', '2023-09-08'),
(838, 'ELUL', '2023-12-17', '2023-12-12'),
(839, 'B', '2023-09-05', '2024-04-22'),
(840, 'ELUL', '2023-09-26', '2023-06-19'),
(841, 'ELUL', '2023-10-05', '2023-07-28'),
(842, 'B', '2024-02-21', '2023-08-27'),
(843, 'ELUL', '2023-08-27', '2023-05-28'),
(844, 'ELUL', '2023-06-14', '2024-01-30'),
(845, 'ELUL', '2024-04-23', '2023-08-26'),
(846, 'ELUL', '2023-12-15', '2023-08-13'),
(847, 'B', '2023-06-01', '2024-05-16'),
(848, 'ELUL', '2023-12-19', '2023-11-03'),
(849, 'B', '2023-10-06', '2024-01-10'),
(850, 'B', '2024-05-26', '2023-12-09'),
(851, 'ELUL', '2023-06-29', '2023-07-02'),
(852, 'B', '2023-08-03', '2023-06-12'),
(853, 'B', '2024-02-24', '2023-10-29'),
(854, 'ELUL', '2024-03-16', '2023-08-22'),
(855, 'B', '2024-01-25', '2024-04-03'),
(856, 'B', '2023-10-02', '2024-04-17'),
(857, 'A', '2023-10-20', '2024-05-26'),
(858, 'ELUL', '2023-11-11', '2023-09-01'),
(859, 'ELUL', '2024-05-15', '2023-06-09'),
(860, 'ELUL', '2024-05-01', '2024-01-29'),
(861, 'A', '2024-05-17', '2023-08-24'),
(862, 'A', '2023-09-08', '2023-05-30'),
(863, 'ELUL', '2024-03-16', '2024-04-04'),
(864, 'A', '2023-10-28', '2023-11-17'),
(865, 'A', '2024-04-16', '2024-01-30'),
(866, 'B', '2024-02-18', '2023-10-30'),
(867, 'ELUL', '2024-05-14', '2024-03-04'),
(868, 'B', '2024-03-01', '2024-03-08'),
(869, 'A', '2024-01-31', '2024-02-02'),
(870, 'ELUL', '2023-07-10', '2023-11-20'),
(871, 'A', '2023-11-13', '2024-03-14'),
(872, 'B', '2023-06-03', '2023-11-21'),
(873, 'ELUL', '2024-03-17', '2023-07-29'),
(874, 'B', '2024-01-03', '2023-08-12'),
(875, 'ELUL', '2024-01-06', '2024-02-19'),
(876, 'ELUL', '2023-06-04', '2024-03-16'),
(877, 'A', '2023-08-27', '2023-11-01'),
(878, 'A', '2023-12-14', '2023-06-09'),
(879, 'B', '2023-07-07', '2024-05-16'),
(880, 'A', '2024-04-29', '2023-11-11'),
(881, 'B', '2024-04-18', '2024-05-22'),
(882, 'B', '2023-10-13', '2023-06-16'),
(883, 'B', '2023-11-17', '2024-05-16'),
(884, 'ELUL', '2024-05-01', '2024-02-05'),
(885, 'ELUL', '2023-09-21', '2023-12-22'),
(886, 'B', '2023-06-07', '2023-07-02'),
(887, 'A', '2023-11-01', '2023-11-12'),
(888, 'A', '2023-06-29', '2023-07-25'),
(889, 'B', '2023-06-21', '2023-06-23'),
(890, 'ELUL', '2023-06-17', '2024-03-30'),
(891, 'B', '2023-07-25', '2024-05-17'),
(892, 'A', '2024-02-24', '2023-12-23'),
(893, 'A', '2023-10-21', '2023-11-12'),
(894, 'B', '2023-11-09', '2024-03-30'),
(895, 'ELUL', '2023-08-13', '2023-07-22'),
(896, 'B', '2024-01-10', '2023-07-14'),
(897, 'B', '2023-12-10', '2023-07-15'),
(898, 'B', '2023-12-27', '2023-06-08'),
(899, 'B', '2023-11-22', '2024-05-26'),
(900, 'ELUL', '2024-05-01', '2023-06-27'),
(901, 'A', '2024-05-25', '2023-10-30'),
(902, 'ELUL', '2023-07-03', '2024-01-09'),
(903, 'B', '2023-11-07', '2023-08-10'),
(904, 'ELUL', '2024-01-24', '2024-03-18'),
(905, 'B', '2024-05-25', '2023-08-24'),
(906, 'B', '2024-02-20', '2023-08-29'),
(907, 'ELUL', '2024-03-16', '2024-01-26'),
(908, 'B', '2023-08-10', '2023-08-14'),
(909, 'A', '2023-08-04', '2023-06-11'),
(910, 'ELUL', '2024-04-29', '2023-10-16'),
(911, 'ELUL', '2023-10-15', '2023-07-16'),
(912, 'B', '2024-03-19', '2023-11-04'),
(913, 'ELUL', '2024-02-23', '2023-12-06'),
(914, 'A', '2023-10-10', '2024-01-12'),
(915, 'B', '2023-11-22', '2023-11-01'),
(916, 'A', '2023-08-15', '2023-11-28'),
(917, 'ELUL', '2024-02-03', '2024-01-18'),
(918, 'ELUL', '2023-08-24', '2024-04-14'),
(919, 'A', '2024-04-02', '2023-06-27'),
(920, 'B', '2023-11-11', '2023-12-29'),
(921, 'ELUL', '2023-11-10', '2024-03-04'),
(922, 'ELUL', '2024-01-17', '2023-12-05'),
(923, 'ELUL', '2023-09-17', '2023-06-11'),
(924, 'ELUL', '2023-11-13', '2024-03-04'),
(925, 'A', '2024-01-07', '2024-03-04'),
(926, 'A', '2024-03-31', '2024-02-29'),
(927, 'A', '2024-01-13', '2024-01-11'),
(928, 'ELUL', '2023-07-09', '2024-05-10'),
(929, 'A', '2024-01-14', '2024-04-24'),
(930, 'B', '2024-03-15', '2024-02-04'),
(931, 'A', '2023-06-13', '2024-01-20'),
(932, 'B', '2023-08-09', '2023-11-11'),
(933, 'A', '2024-03-19', '2023-12-09'),
(934, 'ELUL', '2023-07-21', '2023-07-17'),
(935, 'B', '2023-11-09', '2024-05-19'),
(936, 'A', '2024-02-15', '2023-06-06'),
(937, 'A', '2023-10-01', '2023-07-01'),
(938, 'B', '2024-04-07', '2023-06-25'),
(939, 'A', '2024-04-23', '2024-05-11'),
(940, 'A', '2024-04-21', '2024-05-22'),
(941, 'ELUL', '2024-02-27', '2023-07-02'),
(942, 'ELUL', '2024-02-03', '2023-08-20'),
(943, 'B', '2024-05-22', '2023-11-11'),
(944, 'B', '2024-04-01', '2023-09-03'),
(945, 'B', '2023-11-06', '2023-06-28'),
(946, 'B', '2024-02-15', '2024-05-21'),
(947, 'B', '2023-11-08', '2023-11-05'),
(948, 'A', '2023-05-28', '2023-11-11'),
(949, 'A', '2024-01-10', '2023-10-19'),
(950, 'A', '2023-08-26', '2023-09-01'),
(951, 'A', '2023-06-29', '2023-08-16'),
(952, 'ELUL', '2023-10-16', '2023-11-07'),
(953, 'B', '2023-09-22', '2024-01-18'),
(954, 'A', '2023-09-20', '2023-12-28'),
(955, 'ELUL', '2023-06-16', '2024-04-01'),
(956, 'B', '2023-06-14', '2023-06-10'),
(957, 'B', '2023-09-15', '2024-03-18'),
(958, 'B', '2024-04-03', '2023-08-25'),
(959, 'A', '2023-09-09', '2024-02-09'),
(960, 'ELUL', '2023-09-29', '2024-02-10'),
(961, 'A', '2024-04-28', '2024-01-17'),
(962, 'B', '2023-11-06', '2024-05-01'),
(963, 'ELUL', '2024-01-23', '2023-07-17'),
(964, 'ELUL', '2023-10-08', '2023-09-26'),
(965, 'A', '2023-08-07', '2023-12-21'),
(966, 'B', '2023-06-28', '2023-11-21'),
(967, 'ELUL', '2024-01-17', '2024-03-31'),
(968, 'A', '2023-10-04', '2024-04-13'),
(969, 'ELUL', '2024-03-13', '2023-09-28'),
(970, 'ELUL', '2023-08-07', '2023-09-04'),
(971, 'ELUL', '2024-05-21', '2024-01-28'),
(972, 'B', '2024-04-24', '2024-02-22'),
(973, 'ELUL', '2023-10-01', '2023-07-05'),
(974, 'A', '2023-09-18', '2023-10-15'),
(975, 'A', '2024-02-03', '2023-10-29'),
(976, 'B', '2024-01-11', '2023-12-01'),
(977, 'ELUL', '2023-09-04', '2023-06-14'),
(978, 'A', '2023-11-05', '2023-06-22'),
(979, 'A', '2023-10-04', '2023-06-17'),
(980, 'ELUL', '2023-12-15', '2024-04-04'),
(981, 'B', '2023-06-17', '2023-12-30'),
(982, 'ELUL', '2023-10-16', '2023-08-17'),
(983, 'ELUL', '2023-10-13', '2024-01-21'),
(984, 'ELUL', '2024-03-14', '2023-10-22'),
(985, 'A', '2023-11-09', '2024-03-30'),
(986, 'B', '2023-08-25', '2023-08-02'),
(987, 'ELUL', '2024-01-27', '2023-08-31'),
(988, 'A', '2023-10-28', '2023-09-06'),
(989, 'ELUL', '2023-07-10', '2024-01-28'),
(990, 'A', '2024-02-15', '2024-05-23'),
(991, 'ELUL', '2023-10-27', '2023-09-08'),
(992, 'B', '2024-01-10', '2023-09-22'),
(993, 'ELUL', '2023-10-06', '2024-04-25'),
(994, 'ELUL', '2024-05-03', '2023-09-16'),
(995, 'A', '2023-09-26', '2024-01-26'),
(996, 'B', '2023-09-24', '2024-04-11'),
(997, 'ELUL', '2023-11-22', '2024-02-13'),
(998, 'A', '2024-03-30', '2023-09-05'),
(999, 'ELUL', '2023-07-21', '2023-09-22'),
(1000, 'B', '2023-11-11', '2024-05-25');

-- --------------------------------------------------------

--
-- Table structure for table `students`
--

CREATE TABLE `students` (
  `id` int(11) NOT NULL,
  `first_name` varchar(50) NOT NULL,
  `last_name` varchar(50) DEFAULT NULL,
  `date_of_birth` date DEFAULT NULL,
  `start_of_study` int(11) DEFAULT NULL
) ENGINE=InnoDB DEFAULT CHARSET=utf8mb4 COLLATE=utf8mb4_general_ci;

--
-- Dumping data for table `students`
--

INSERT INTO `students` (`id`, `first_name`, `last_name`, `date_of_birth`, `start_of_study`) VALUES
(1, 'Dannel', 'Wrassell', '2024-02-05', 2001),
(2, 'Zachery', 'Lyffe', '2023-07-26', 1999),
(3, 'Cybil', 'Novello', '2024-01-14', 1994),
(4, 'Adrianna', 'Joslow', '2024-05-25', 2004),
(5, 'Nichols', 'Sharplin', '2024-02-14', 1984),
(6, 'Ericha', 'Evitt', '2023-08-03', 1997),
(7, 'Lonnard', 'Scollick', '2024-04-13', 2007),
(8, 'Franchot', 'Gluyus', '2023-09-12', 1994),
(9, 'Barron', 'Broseman', '2023-12-15', 2001),
(10, 'Barbette', 'Jodrelle', '2023-09-18', 2002),
(11, 'Thatcher', 'Bursell', '2024-04-23', 1993),
(12, 'Tootsie', 'O\'Quin', '2023-12-05', 2006),
(13, 'Charo', 'Hillen', '2023-07-26', 2011),
(14, 'Yolanthe', 'Looks', '2024-04-18', 2003),
(15, 'Imelda', 'Kimbell', '2024-01-27', 2006),
(16, 'De', 'Critzen', '2024-01-21', 2011),
(17, 'Ervin', 'Rainon', '2023-11-25', 1992),
(18, 'Ezekiel', 'Gebby', '2023-11-06', 2002),
(19, 'Jorey', 'Caughan', '2024-04-07', 1994),
(20, 'Warren', 'Bondesen', '2023-07-17', 1995),
(21, 'Tildie', 'Aleevy', '2023-07-20', 1995),
(22, 'Tish', 'Pock', '2023-06-21', 1986),
(23, 'Oneida', 'Billows', '2023-07-26', 1983),
(24, 'Clark', 'Cavalier', '2024-02-16', 2002),
(25, 'Ondrea', 'Rothert', '2023-12-07', 2009),
(26, 'Mikey', 'Orrock', '2024-04-25', 1993),
(27, 'Verina', 'Bugden', '2024-03-29', 1991),
(28, 'Oswald', 'Brolechan', '2023-12-02', 2013),
(29, 'Nataline', 'Cade', '2023-09-03', 1998),
(30, 'Maye', 'M\'Chirrie', '2023-06-29', 2004),
(31, 'Tresa', 'Bris', '2024-03-26', 1998),
(32, 'Salim', 'Schoales', '2024-05-09', 2012),
(33, 'Dasie', 'Temlett', '2024-05-01', 1993),
(34, 'Annabell', 'Audrey', '2023-05-27', 1996),
(35, 'Brunhilde', 'MacDunlevy', '2023-10-21', 2012),
(36, 'Shadow', 'Windebank', '2023-12-27', 2003),
(37, 'Royall', 'Champness', '2024-02-25', 1994),
(38, 'Stearn', 'Klawi', '2023-12-17', 1990),
(39, 'Nert', 'Adamowitz', '2024-02-15', 1994),
(40, 'Ignacio', 'Vaux', '2023-08-14', 2008),
(41, 'Meyer', 'Matei', '2023-09-09', 1999),
(42, 'Robby', 'Benmore', '2024-04-22', 2001),
(43, 'Oswell', 'Beardow', '2023-12-25', 1999),
(44, 'Lyndsie', 'Foddy', '2024-02-22', 1992),
(45, 'Buddy', 'Crippen', '2023-12-30', 1993),
(46, 'Christoffer', 'Seamarke', '2023-07-23', 2007),
(47, 'Nyssa', 'Northleigh', '2023-06-29', 1998),
(48, 'Kesley', 'Dy', '2023-12-20', 2012),
(49, 'Roberto', 'Filgate', '2024-04-16', 2011),
(50, 'Zelma', 'Trask', '2023-08-16', 2008),
(51, 'Raoul', 'Raise', '2023-09-08', 2001),
(52, 'Halli', 'Angove', '2023-09-29', 1995),
(53, 'Virgie', 'Ivakhin', '2023-07-07', 2010),
(54, 'Josiah', 'Bortolazzi', '2023-08-29', 1993),
(55, 'Dan', 'Licciardo', '2024-04-16', 2012),
(56, 'Patricia', 'Headington', '2023-09-09', 2009),
(57, 'Alexi', 'Harbidge', '2023-11-29', 2009),
(58, 'Farrell', 'Castanyer', '2023-09-14', 2001),
(59, 'Tania', 'Siseland', '2023-06-30', 2006),
(60, 'Marrissa', 'Trineman', '2024-04-22', 1988),
(61, 'Brendon', 'Quarrie', '2023-07-09', 1993),
(62, 'Luca', 'Hast', '2024-05-18', 1984),
(63, 'Maurice', 'Senett', '2024-03-14', 2012),
(64, 'Baldwin', 'Rotherforth', '2024-04-07', 1995),
(65, 'Roanne', 'Callendar', '2023-12-14', 2004),
(66, 'Dorena', 'Ashurst', '2023-09-05', 2000),
(67, 'Concettina', 'Western', '2023-06-04', 2009),
(68, 'Anderea', 'Creamer', '2023-09-07', 2010),
(69, 'Araldo', 'Klimshuk', '2023-10-25', 1992),
(70, 'Aeriell', 'Hucks', '2024-02-01', 2006),
(71, 'Maurita', 'Higgan', '2023-12-10', 1992),
(72, 'Robinett', 'Cristofanini', '2023-06-06', 1993),
(73, 'Kath', 'Cockarill', '2023-12-19', 1995),
(74, 'Reider', 'Gott', '2024-01-07', 1971),
(75, 'Wallie', 'Feronet', '2023-08-10', 1995),
(76, 'Eleanora', 'Hugle', '2023-10-02', 2009),
(77, 'Hall', 'Doole', '2024-03-21', 1984),
(78, 'Burr', 'Croley', '2023-08-11', 2005),
(79, 'Christen', 'Firpi', '2024-04-09', 1998),
(80, 'Lanie', 'Allbones', '2023-12-26', 2006),
(81, 'Wake', 'Dollman', '2024-04-08', 2008),
(82, 'Bondie', 'Cutcliffe', '2024-01-01', 2011),
(83, 'Juli', 'MacNalley', '2023-08-31', 2009),
(84, 'Bernetta', 'Spary', '2023-07-02', 1998),
(85, 'Gwendolin', 'Stripp', '2024-03-01', 2008),
(86, 'Brianne', 'Kirvell', '2023-10-15', 2011),
(87, 'Callida', 'Ascrofte', '2023-09-12', 2005),
(88, 'Reta', 'Cobley', '2023-08-24', 1993),
(89, 'Errick', 'McShea', '2023-08-29', 1977),
(90, 'Hadria', 'Gothard', '2023-08-05', 2008),
(91, 'Phelia', 'McAsgill', '2023-10-09', 1997),
(92, 'Lacie', 'Ettles', '2023-10-31', 2003),
(93, 'Sherwin', 'Juliano', '2024-05-05', 1997),
(94, 'Gabie', 'Cowperthwaite', '2023-12-18', 1991),
(95, 'Monah', 'Pauncefort', '2023-12-21', 2007),
(96, 'Moyna', 'Labadini', '2023-09-20', 2003),
(97, 'Ricardo', 'Pattison', '2024-04-21', 1997),
(98, 'Darcee', 'Allery', '2023-12-03', 2008),
(99, 'Byrle', 'Krop', '2023-11-23', 2001),
(100, 'Farlee', 'Bolter', '2023-06-07', 2012),
(101, 'Jannel', 'McNeely', '2023-10-08', 2010),
(102, 'Dani', 'Mawford', '2023-12-09', 1975),
(103, 'Sylvia', 'Cuberley', '2024-01-10', 1997),
(104, 'Katee', 'Pointer', '2023-08-26', 1961),
(105, 'Esma', 'Parnell', '2023-06-25', 1980),
(106, 'Salim', 'Georges', '2024-01-01', 2009),
(107, 'Alyssa', 'Boteman', '2024-04-30', 1989),
(108, 'Florette', 'Slimon', '2024-02-23', 2009),
(109, 'Morgan', 'Stockman', '2023-07-31', 2009),
(110, 'Byran', 'Hurrion', '2023-06-26', 1998),
(111, 'Cirillo', 'Wykes', '2023-09-25', 2004),
(112, 'Lida', 'Rallings', '2023-12-16', 1993),
(113, 'Johann', 'Madeley', '2024-01-29', 1992),
(114, 'Valdemar', 'Fairlem', '2024-02-13', 2007),
(115, 'Demetri', 'Swiffan', '2023-10-22', 2000),
(116, 'Elaina', 'Teare', '2024-01-24', 2010),
(117, 'Ted', 'Flather', '2024-03-09', 2001),
(118, 'Janelle', 'Allwell', '2023-12-04', 1997),
(119, 'Harv', 'McConnel', '2023-11-21', 2005),
(120, 'Prudence', 'Elloy', '2023-08-07', 1987),
(121, 'Domeniga', 'Hanington', '2023-06-28', 2003),
(122, 'Siouxie', 'Iacovuzzi', '2024-02-23', 1995),
(123, 'Karie', 'Aronstam', '2023-06-14', 1987),
(124, 'Georgianna', 'Dealy', '2024-05-11', 2007),
(125, 'Miquela', 'Samworth', '2024-01-09', 2007),
(126, 'Hugh', 'Peckitt', '2023-07-30', 2009),
(127, 'Randie', 'Fontell', '2024-01-09', 2001),
(128, 'Elfie', 'Terzza', '2024-02-08', 1991),
(129, 'Shannah', 'Bickerstaff', '2024-03-19', 2000),
(130, 'Annette', 'Hunton', '2023-05-28', 2005),
(131, 'Aluin', 'Becke', '2023-06-26', 1996),
(132, 'Aldon', 'Lockyer', '2024-04-05', 2009),
(133, 'Muffin', 'MacGray', '2023-07-15', 1988),
(134, 'Shayla', 'Hanks', '2023-12-29', 2003),
(135, 'Britt', 'Rummins', '2024-03-31', 2006),
(136, 'Ricard', 'Dormer', '2023-07-30', 2009),
(137, 'Torre', 'Pedican', '2023-10-08', 2012),
(138, 'Kerby', 'Gillanders', '2023-07-07', 1997),
(139, 'Orion', 'Granham', '2024-02-10', 2003),
(140, 'Carmina', 'Dilon', '2023-12-08', 1986),
(141, 'Bonnee', 'Aspey', '2023-10-11', 2006),
(142, 'Nadine', 'Bernhardi', '2023-09-23', 2005),
(143, 'Barbabra', 'Hanretty', '2024-02-04', 2004),
(144, 'Marty', 'Merwede', '2023-06-07', 1992),
(145, 'Lynea', 'Cawsby', '2024-02-17', 1998),
(146, 'Porty', 'Durrett', '2024-04-23', 2008),
(147, 'Chilton', 'Anderson', '2023-11-19', 1991),
(148, 'Melessa', 'Galbraeth', '2023-11-18', 2009),
(149, 'Vania', 'Bolland', '2023-10-23', 2005),
(150, 'Marion', 'Saltern', '2024-04-30', 1995),
(151, 'Gabriellia', 'Casson', '2023-11-29', 2005),
(152, 'Leticia', 'Chatterton', '2023-12-08', 1995),
(153, 'Brook', 'Joontjes', '2024-02-13', 1994),
(154, 'Victoria', 'Stihl', '2023-11-20', 2001),
(155, 'Johnnie', 'Wissby', '2024-03-26', 2000),
(156, 'Blair', 'Kepe', '2023-12-29', 2011),
(157, 'Sallyann', 'Lythgoe', '2024-05-03', 2011),
(158, 'Ricoriki', 'Normanvill', '2024-05-11', 2007),
(159, 'Ikey', 'Schulz', '2024-01-19', 2007),
(160, 'Tobi', 'Pibsworth', '2024-01-15', 2006),
(161, 'Akim', 'Syversen', '2023-12-30', 2011),
(162, 'Kameko', 'Osanne', '2024-03-11', 1993),
(163, 'Neville', 'MacGee', '2024-04-08', 2012),
(164, 'Willa', 'Charteris', '2023-08-11', 1993),
(165, 'Marline', 'Fudger', '2024-05-17', 2000),
(166, 'Gertrude', 'Mercey', '2023-10-29', 1987),
(167, 'Rollo', 'Filppetti', '2023-07-25', 2011),
(168, 'Sebastiano', 'Bloxholm', '2023-12-29', 1992),
(169, 'Terrill', 'ducarme', '2023-09-07', 2007),
(170, 'Barbara-anne', 'Galego', '2024-01-29', 1983),
(171, 'Adelaide', 'Tames', '2023-11-14', 2006),
(172, 'Cymbre', 'Maddie', '2024-02-02', 2007),
(173, 'Prue', 'Segoe', '2024-02-05', 2003),
(174, 'Genevra', 'Kettlewell', '2023-11-30', 1995),
(175, 'Chandal', 'Wildgoose', '2024-02-05', 2001),
(176, 'Corina', 'Wyard', '2024-04-08', 2012),
(177, 'Abbye', 'Carnow', '2023-09-16', 1993),
(178, 'Allie', 'Cruddace', '2023-08-09', 1999),
(179, 'Loralee', 'McMylor', '2023-12-25', 1985),
(180, 'Leola', 'Goult', '2023-06-13', 1998),
(181, 'Maddalena', 'Murty', '2024-01-18', 1991),
(182, 'Gaylor', 'Snoddy', '2024-01-06', 1993),
(183, 'Brett', 'Gaymer', '2024-03-15', 2007),
(184, 'Chucho', 'Freezer', '2023-06-24', 2009),
(185, 'Hanna', 'Arnowicz', '2023-12-30', 2008),
(186, 'Byrom', 'Krates', '2023-12-04', 1988),
(187, 'Mellisent', 'Antonnikov', '2023-06-07', 2001),
(188, 'Ferdinanda', 'Harg', '2024-03-06', 1973),
(189, 'Gael', 'Wewell', '2023-08-05', 2012),
(190, 'Abbye', 'Elvey', '2023-07-04', 2001),
(191, 'Renado', 'Binford', '2023-12-17', 2000),
(192, 'Ravi', 'Stronough', '2023-12-29', 1993),
(193, 'Nicoli', 'Quibell', '2023-11-04', 2005),
(194, 'Ivie', 'Navein', '2024-03-01', 2001),
(195, 'Gerladina', 'Farrance', '2023-08-01', 2001),
(196, 'Stefan', 'Finnick', '2024-03-17', 1993),
(197, 'Brody', 'Skechley', '2023-09-28', 1997),
(198, 'Fulvia', 'Allchorn', '2024-04-27', 2009),
(199, 'Hartwell', 'Collum', '2023-06-20', 2007),
(200, 'Helen-elizabeth', 'Lorenzini', '2023-08-21', 1995),
(201, 'Suellen', 'Smart', '2023-09-11', 2009),
(202, 'Eda', 'Harrowell', '2024-02-29', 1992),
(203, 'Charmain', 'Denny', '2024-05-15', 2006),
(204, 'Viola', 'Knill', '2024-01-22', 2003),
(205, 'Bearnard', 'Todd', '2024-05-09', 1997),
(206, 'Wadsworth', 'de Marco', '2024-02-08', 2006),
(207, 'Nealon', 'McGready', '2024-04-03', 2005),
(208, 'May', 'Lundon', '2023-10-01', 1992),
(209, 'Melonie', 'McPaike', '2024-01-18', 1970),
(210, 'Valera', 'Dabel', '2023-10-07', 2003),
(211, 'Violante', 'Chadderton', '2024-04-13', 1998),
(212, 'Dulcea', 'Dunsmuir', '2023-10-19', 1999),
(213, 'Rustin', 'Riggott', '2023-10-20', 1985),
(214, 'Preston', 'Blues', '2023-06-19', 2003),
(215, 'Jobie', 'O\'Currigan', '2023-09-03', 2011),
(216, 'Gram', 'Ruston', '2023-11-26', 1985),
(217, 'Andreana', 'Braune', '2023-06-03', 2005),
(218, 'Gabbey', 'Glasbey', '2023-10-25', 2001),
(219, 'Brynna', 'Sellers', '2023-06-20', 2008),
(220, 'Agathe', 'Wheildon', '2023-10-14', 2005),
(221, 'Jaclin', 'Pringour', '2024-05-16', 1990),
(222, 'Duffie', 'Carnock', '2023-09-04', 2011),
(223, 'Johan', 'Stirley', '2023-09-22', 1997),
(224, 'Daron', 'Sandhill', '2023-07-08', 1994),
(225, 'Kerianne', 'Walkinshaw', '2023-07-16', 1992),
(226, 'Zelda', 'Paish', '2023-06-11', 1994),
(227, 'Kriste', 'Schulkins', '2023-11-06', 2011),
(228, 'Etta', 'Zambonini', '2024-01-26', 2005),
(229, 'Sylvan', 'O\'Fielly', '2024-03-29', 1999),
(230, 'Tildie', 'Parry', '2023-09-13', 2002),
(231, 'Thekla', 'Tungay', '2024-04-16', 1993),
(232, 'Tony', 'Metheringham', '2023-11-29', 1996),
(233, 'Valma', 'Heathcote', '2023-12-23', 2001),
(234, 'Lucina', 'Chalcot', '2023-09-28', 1985),
(235, 'Martina', 'Bodle', '2024-02-17', 2000),
(236, 'Kissiah', 'Goaks', '2023-07-01', 1983),
(237, 'Janene', 'Raselles', '2023-10-27', 1990),
(238, 'Maureen', 'Dowley', '2023-06-24', 1986),
(239, 'Heidie', 'Morgon', '2023-11-15', 1998),
(240, 'Haskell', 'Jilliss', '2023-08-01', 2003),
(241, 'Benedict', 'Cruddace', '2024-04-10', 1995),
(242, 'Lane', 'Firbank', '2023-11-14', 1993),
(243, 'Joelle', 'Setford', '2024-04-15', 1999),
(244, 'Lindy', 'Hedworth', '2023-08-30', 1997),
(245, 'Timoteo', 'Jerrams', '2024-02-16', 2007),
(246, 'Valaria', 'Goodsir', '2023-12-16', 2001),
(247, 'Halley', 'Yokel', '2024-03-12', 2005),
(248, 'Iggy', 'Pritty', '2024-02-08', 1997),
(249, 'Nancie', 'Ringham', '2023-08-15', 2012),
(250, 'Adrianne', 'Splevins', '2024-01-31', 2008),
(251, 'Artur', 'Garroch', '2023-10-29', 2002),
(252, 'Nap', 'Redihalgh', '2023-11-12', 1992),
(253, 'Sylvester', 'Fawcett', '2023-12-11', 2001),
(254, 'Vaclav', 'Melliard', '2023-10-20', 2002),
(255, 'Dolph', 'Rustan', '2023-10-29', 2010),
(256, 'Marla', 'Rawstorn', '2023-12-28', 1994),
(257, 'Harriott', 'Elman', '2023-09-14', 2006),
(258, 'Mace', 'Loveard', '2023-12-27', 2009),
(259, 'Hannis', 'Senussi', '2023-09-14', 1992),
(260, 'Angie', 'Veschi', '2024-01-16', 2008),
(261, 'Kerstin', 'McDonald', '2024-01-18', 2006),
(262, 'Elvira', 'Waterstone', '2023-10-02', 2007),
(263, 'Sher', 'Shurmer', '2023-06-03', 2010),
(264, 'Sigfried', 'Shovelbottom', '2024-01-17', 2010),
(265, 'Adrienne', 'Benedick', '2024-03-06', 2010),
(266, 'Selie', 'Borless', '2024-05-10', 2010),
(267, 'Barbaraanne', 'O\'Feeny', '2024-03-06', 1995),
(268, 'Byrann', 'Iffe', '2023-07-05', 1995),
(269, 'Glendon', 'Kinmond', '2023-06-28', 1994),
(270, 'Farley', 'Human', '2023-12-13', 1999),
(271, 'Ethelred', 'Ledrun', '2024-02-10', 2008),
(272, 'Sharla', 'Cruden', '2023-11-26', 1999),
(273, 'Avram', 'Forsaith', '2023-12-21', 1995),
(274, 'Theodosia', 'Kinrade', '2023-09-02', 1978),
(275, 'Karl', 'Burkhill', '2023-06-17', 2010),
(276, 'Sybila', 'Knowling', '2023-12-13', 2010),
(277, 'Ericka', 'Poulden', '2024-01-08', 2012),
(278, 'Ari', 'Vipan', '2023-07-24', 2004),
(279, 'Derby', 'Brilon', '2023-08-02', 1984),
(280, 'Any', 'Wardley', '2023-08-12', 2009),
(281, 'Bradford', 'Rossborough', '2023-07-14', 1996),
(282, 'Pierre', 'Whitelock', '2023-11-09', 2011),
(283, 'Zia', 'Dudhill', '2023-07-06', 2011),
(284, 'Dianna', 'Renwick', '2024-01-05', 1994),
(285, 'Maure', 'Bischop', '2023-11-24', 2007),
(286, 'Rosamond', 'Iglesias', '2023-05-29', 2011),
(287, 'Matthaeus', 'Rain', '2024-03-28', 2009),
(288, 'Doris', 'Moreland', '2023-07-28', 1998),
(289, 'Gerry', 'Sallan', '2024-03-30', 1987),
(290, 'Trueman', 'Johnston', '2023-09-21', 2007),
(291, 'Pinchas', 'Arnaez', '2024-05-14', 1996),
(292, 'Simone', 'McGivena', '2023-06-08', 1978),
(293, 'Marylinda', 'Esterbrook', '2024-04-16', 2004),
(294, 'Johny', 'Tunnicliff', '2023-09-18', 2001),
(295, 'Emmerich', 'Benyan', '2023-07-11', 1992),
(296, 'Sybila', 'Watting', '2023-08-05', 1994),
(297, 'Morey', 'Kayzer', '2023-10-27', 1993),
(298, 'Dalt', 'Durante', '2023-06-27', 1984),
(299, 'Jannel', 'Hartle', '2023-10-03', 1993),
(300, 'Robbert', 'Maceur', '2023-07-08', 2005),
(301, 'Amata', 'Vye', '2024-05-09', 1992),
(302, 'Alicea', 'Hammerberg', '2023-12-02', 2010),
(303, 'Arly', 'Studholme', '2023-10-22', 1998),
(304, 'Glen', 'Godon', '2024-04-02', 2008),
(305, 'Ciro', 'MacNess', '2024-04-16', 2008),
(306, 'Carmine', 'Reimer', '2024-04-27', 1999),
(307, 'Ward', 'Gouldbourn', '2023-06-11', 2008),
(308, 'Amy', 'Gledhill', '2023-06-05', 1993),
(309, 'Glenn', 'Runchman', '2024-04-30', 1976),
(310, 'Walton', 'Wandrey', '2023-09-04', 1995),
(311, 'Saul', 'Newport', '2023-06-22', 1968),
(312, 'Benyamin', 'Standfield', '2024-01-21', 1991),
(313, 'Mata', 'Bains', '2024-04-20', 2008),
(314, 'Fernando', 'Treweek', '2023-06-07', 1992),
(315, 'Vick', 'Howe', '2024-05-03', 2006),
(316, 'Val', 'Sigart', '2023-10-10', 2003),
(317, 'Catarina', 'Arbon', '2023-08-10', 2012),
(318, 'Thibaut', 'Davidson', '2024-02-02', 2011),
(319, 'Rochette', 'Davers', '2023-11-10', 1994),
(320, 'Lyon', 'Quenby', '2024-04-20', 2004),
(321, 'Reider', 'Farden', '2023-08-06', 2006),
(322, 'Thornie', 'Swettenham', '2023-06-03', 2008),
(323, 'Carol-jean', 'McBayne', '2023-10-10', 2010),
(324, 'Christa', 'Frackiewicz', '2024-01-11', 2004),
(325, 'Bobette', 'Rishworth', '2023-06-01', 1986),
(326, 'Lea', 'Wheatman', '2023-12-03', 1997),
(327, 'Guillermo', 'Overnell', '2023-08-01', 1996),
(328, 'Patric', 'Chable', '2024-05-14', 1998),
(329, 'Lelia', 'Scranny', '2024-01-13', 1992),
(330, 'Chan', 'Bachelar', '2023-09-16', 2007),
(331, 'Berti', 'Paskerful', '2023-08-30', 2006),
(332, 'Rubina', 'Twinning', '2023-11-26', 2007),
(333, 'Sidoney', 'Kunkel', '2023-11-15', 2002),
(334, 'Florencia', 'Bellam', '2024-01-20', 2003),
(335, 'Lee', 'Placidi', '2023-06-06', 2005),
(336, 'Alleen', 'Cuer', '2024-02-19', 1988),
(337, 'Norene', 'Rorke', '2023-09-24', 2003),
(338, 'Carin', 'McGrey', '2023-07-18', 2010),
(339, 'Gareth', 'Lantuff', '2023-06-10', 2009),
(340, 'Isabelle', 'Fishe', '2023-07-24', 2000),
(341, 'Zorana', 'Wait', '2023-12-07', 2004),
(342, 'Shaylah', 'Conichie', '2023-07-07', 1998),
(343, 'Dael', 'Mimmack', '2023-10-29', 1976),
(344, 'Darbie', 'Shambrooke', '2023-10-27', 1990),
(345, 'Selle', 'Ranyard', '2024-03-26', 2010),
(346, 'Renaud', 'Gildersleaves', '2023-06-15', 1995),
(347, 'Jacki', 'Mathevet', '2023-11-09', 2001),
(348, 'Clarey', 'Oxby', '2024-01-18', 1994),
(349, 'Erroll', 'Benam', '2024-03-12', 2008),
(350, 'Tanney', 'Cursey', '2023-11-07', 2004),
(351, 'Gwynne', 'McGerr', '2023-10-30', 2009),
(352, 'Elke', 'Yukhtin', '2024-04-21', 1995),
(353, 'Lester', 'Villar', '2023-08-04', 1984),
(354, 'Molli', 'Duchesne', '2024-05-15', 2012),
(355, 'Lesya', 'Hestrop', '2024-03-10', 2012),
(356, 'Raina', 'Ryding', '2023-12-13', 2010),
(357, 'Ive', 'Haryngton', '2023-11-06', 2010),
(358, 'Care', 'Meins', '2023-12-06', 1959),
(359, 'Dayle', 'Benger', '2024-01-28', 2002),
(360, 'Kayley', 'Coleby', '2024-01-22', 1990),
(361, 'Cathy', 'Mazella', '2023-08-05', 1993),
(362, 'Lori', 'Papachristophorou', '2023-10-08', 1972),
(363, 'Christian', 'Phillp', '2023-09-06', 1997),
(364, 'Bryan', 'Shoosmith', '2024-02-19', 1999),
(365, 'Alister', 'Pracy', '2024-01-28', 1997),
(366, 'Norman', 'Dallinder', '2023-10-09', 1989),
(367, 'Christean', 'Blything', '2023-09-17', 1986),
(368, 'Hussein', 'Bausmann', '2023-10-07', 2004),
(369, 'Carolina', 'Lindroos', '2023-07-08', 1996),
(370, 'Max', 'Thornhill', '2024-02-06', 1993),
(371, 'Dirk', 'Sirett', '2023-08-13', 2011),
(372, 'Darcie', 'Pfeuffer', '2024-05-18', 2000),
(373, 'Lexi', 'Cattellion', '2023-09-01', 2000),
(374, 'Maddy', 'Devey', '2023-12-11', 1995),
(375, 'Robby', 'Beckers', '2023-10-26', 1995),
(376, 'Ruthi', 'Schnitter', '2023-11-15', 2010),
(377, 'Grange', 'Artharg', '2024-01-21', 2009),
(378, 'Birdie', 'Rickerby', '2024-04-09', 1995),
(379, 'Joann', 'Leighfield', '2024-05-16', 2006),
(380, 'Kathy', 'Rewan', '2023-12-09', 2003),
(381, 'Doro', 'Horbart', '2024-03-30', 2006),
(382, 'Carlynn', 'Gallop', '2023-07-21', 2010),
(383, 'Tonye', 'Wallsworth', '2024-02-28', 1990),
(384, 'Martica', 'Larkworthy', '2024-03-17', 2008),
(385, 'Holden', 'Hackley', '2023-12-28', 2006),
(386, 'Dean', 'Dowman', '2023-07-10', 2009),
(387, 'Donelle', 'Daud', '2023-10-23', 2011),
(388, 'Dallas', 'Clutton', '2023-12-22', 2000),
(389, 'Roddy', 'Billington', '2024-04-20', 2009),
(390, 'Kearney', 'Britney', '2023-05-27', 1992),
(391, 'Jobie', 'Haldane', '2024-01-20', 1998),
(392, 'Joel', 'Kitchiner', '2023-12-20', 2009),
(393, 'Maia', 'Broadwell', '2024-02-09', 2003),
(394, 'Hoyt', 'Rumford', '2023-06-27', 2003),
(395, 'Jasmine', 'Hertwell', '2024-02-14', 1991),
(396, 'Trudey', 'Chittie', '2023-10-06', 2005),
(397, 'Roselle', 'Passingham', '2023-09-09', 2002),
(398, 'Renato', 'Bexley', '2023-11-22', 2003),
(399, 'Rebeca', 'Alejo', '2023-12-13', 2001),
(400, 'Garland', 'Wernher', '2023-08-31', 2012),
(401, 'Adelina', 'Woollaston', '2024-02-17', 2002),
(402, 'Dre', 'Dmitrievski', '2023-07-19', 2009),
(403, 'Casi', 'Caught', '2023-10-21', 1994),
(404, 'Wainwright', 'Dubs', '2023-08-29', 1989),
(405, 'Dyanne', 'De Bischof', '2023-12-09', 1995),
(406, 'Shannen', 'Meus', '2023-11-25', 2005),
(407, 'Clarence', 'Bamsey', '2024-01-17', 2001),
(408, 'Roselle', 'Odger', '2024-01-05', 1999),
(409, 'Elwyn', 'Fenelon', '2024-02-26', 2010),
(410, 'Levi', 'Klimentov', '2023-11-23', 1998),
(411, 'Lanni', 'Lethley', '2024-02-10', 1997),
(412, 'Nixie', 'Mead', '2024-03-26', 2000),
(413, 'Joceline', 'Poznan', '2023-05-30', 1999),
(414, 'Roxy', 'Durie', '2024-01-28', 1995),
(415, 'Salli', 'Chaffe', '2023-12-16', 2013),
(416, 'Arte', 'Strongitharm', '2023-07-08', 2007),
(417, 'Isac', 'Paynton', '2023-11-29', 2007),
(418, 'Maria', 'Kielt', '2024-03-21', 2007),
(419, 'Bellanca', 'Simants', '2023-09-13', 1997),
(420, 'Kelcey', 'Fasler', '2024-04-22', 2000),
(421, 'Benjy', 'Kachel', '2023-07-27', 2003),
(422, 'Morena', 'Leuren', '2023-12-31', 2001),
(423, 'Lonni', 'Springett', '2023-06-29', 1998),
(424, 'Troy', 'Rapsey', '2024-03-15', 1985),
(425, 'Kayne', 'Petrakov', '2024-04-27', 1995),
(426, 'Lyndsay', 'Hanney', '2023-07-16', 2010),
(427, 'Neila', 'Elson', '2024-04-13', 1994),
(428, 'Jess', 'Klimochkin', '2023-12-26', 2005),
(429, 'Wolfgang', 'McGuckin', '2024-01-30', 1985),
(430, 'Letty', 'Ciccarelli', '2024-01-07', 2012),
(431, 'Giana', 'Sansome', '2023-07-04', 2004),
(432, 'Roshelle', 'Darwood', '2023-12-12', 2008),
(433, 'Winnifred', 'Seegar', '2023-09-09', 2006),
(434, 'Adi', 'Dalliwatr', '2024-01-10', 1999),
(435, 'Keith', 'Allchin', '2023-08-19', 2003),
(436, 'Aubrey', 'Medlin', '2024-03-23', 2005),
(437, 'Haleigh', 'Gauche', '2024-01-11', 2011),
(438, 'Shellie', 'Boosey', '2023-12-02', 2000),
(439, 'Valentijn', 'Balassi', '2023-07-27', 1997),
(440, 'Jenine', 'Disdel', '2023-11-03', 1998),
(441, 'Fredelia', 'Waslin', '2024-04-03', 1985),
(442, 'Cortie', 'Bolingbroke', '2023-12-06', 2006),
(443, 'Ellissa', 'Ivett', '2023-09-02', 2007),
(444, 'Constantine', 'Nibley', '2024-02-04', 2004),
(445, 'Jayme', 'Kubik', '2024-03-04', 2004),
(446, 'Ailis', 'Spradbery', '2023-11-14', 1998),
(447, 'Gretchen', 'De Blasio', '2023-09-08', 1967),
(448, 'Antons', 'Becraft', '2023-06-09', 2004),
(449, 'Corey', 'Muckersie', '2023-12-19', 2007),
(450, 'Clemmie', 'Berzin', '2023-08-16', 2006),
(451, 'Inness', 'Bassil', '2024-03-20', 1984),
(452, 'Tim', 'Crauford', '2023-08-12', 2008),
(453, 'Carly', 'Croson', '2023-09-04', 1992),
(454, 'Evvy', 'Delort', '2023-11-22', 1994),
(455, 'Eli', 'Ranns', '2024-02-25', 1994),
(456, 'Jacquelynn', 'Lundberg', '2024-05-26', 2011),
(457, 'Marrissa', 'Tarbett', '2024-04-07', 1984),
(458, 'Archambault', 'Loxley', '2023-07-28', 1998),
(459, 'Logan', 'Hinckes', '2023-12-28', 1997),
(460, 'Gaynor', 'Olrenshaw', '2023-06-16', 2001),
(461, 'Daron', 'Haysman', '2024-03-23', 2002),
(462, 'Nancey', 'Bezzant', '2023-09-19', 2007),
(463, 'Obidiah', 'Fonzone', '2023-07-02', 1989),
(464, 'Abba', 'Smithe', '2024-01-29', 1994),
(465, 'Zena', 'Merck', '2023-07-29', 1982),
(466, 'Ivie', 'Postlethwaite', '2023-12-24', 2011),
(467, 'Tabbatha', 'Feldbrin', '2023-08-24', 1993),
(468, 'Lavena', 'Dudney', '2023-10-04', 2005),
(469, 'Wynn', 'McKeurtan', '2024-04-12', 2008),
(470, 'Adrianna', 'Garret', '2023-11-10', 2011),
(471, 'Alisun', 'Prattin', '2023-07-22', 2004),
(472, 'Donia', 'Jovis', '2024-03-11', 1992),
(473, 'Adiana', 'Ashard', '2023-11-06', 2009),
(474, 'Mitchael', 'Murdie', '2023-07-18', 1993),
(475, 'Codee', 'Self', '2024-02-18', 2001),
(476, 'Angelia', 'Hodjetts', '2023-05-29', 2006),
(477, 'Terencio', 'Schlagh', '2023-07-05', 1993),
(478, 'Jaine', 'Lloyds', '2023-07-28', 2002),
(479, 'Cortney', 'Silwood', '2023-11-13', 2009),
(480, 'Amargo', 'Norsworthy', '2024-04-25', 2006),
(481, 'Price', 'O\' Reagan', '2023-11-26', 2007),
(482, 'Skipper', 'de Vaen', '2023-10-03', 2007),
(483, 'Yvon', 'Davitt', '2023-10-05', 2002),
(484, 'Aron', 'Heale', '2024-03-31', 2004),
(485, 'Bobette', 'Spalton', '2023-10-07', 1992),
(486, 'Fanechka', 'Peltz', '2023-09-16', 1998),
(487, 'Travers', 'Reach', '2023-11-11', 2002),
(488, 'Ade', 'Glanister', '2024-04-15', 2004),
(489, 'Ax', 'Westhead', '2023-06-06', 2011),
(490, 'Shelton', 'Legges', '2024-04-29', 1995),
(491, 'Shelagh', 'O\'Hartnett', '2023-07-26', 1993),
(492, 'Tabor', 'Fylan', '2023-11-24', 2011),
(493, 'Jedidiah', 'Slaymaker', '2023-12-26', 2009),
(494, 'Vale', 'Rallings', '2024-05-22', 1995),
(495, 'Royce', 'Mowsdell', '2024-03-12', 2002),
(496, 'Roth', 'Elsegood', '2024-04-25', 1988),
(497, 'Melva', 'Bril', '2023-06-13', 1998),
(498, 'Kathrine', 'Sherratt', '2024-04-04', 2000),
(499, 'Averyl', 'Sautter', '2023-10-18', 2001),
(500, 'Sarine', 'Offer', '2023-07-13', 2009),
(501, 'Tatum', 'Pavy', '2024-01-20', 2006),
(502, 'Michail', 'Colegrove', '2023-06-10', 1993),
(503, 'Kirby', 'Dudman', '2024-04-15', 1985),
(504, 'Alessandra', 'Hoppner', '2023-09-09', 2006),
(505, 'Evin', 'Bigly', '2023-12-28', 1998),
(506, 'Quent', 'Dallas', '2023-12-20', 1967),
(507, 'Mikael', 'Vause', '2023-09-08', 2001),
(508, 'Yetta', 'Simmig', '2024-02-25', 2011),
(509, 'Harli', 'Le Monnier', '2023-10-31', 2009),
(510, 'Etienne', 'Whitecross', '2023-12-22', 2006),
(511, 'Stu', 'Twentyman', '2024-05-12', 1997),
(512, 'Zsa zsa', 'Fergyson', '2024-03-28', 1992),
(513, 'Wilie', 'Grumble', '2024-03-24', 1986),
(514, 'Blayne', 'Bettaney', '2024-04-12', 2012),
(515, 'Georgia', 'Rattenbury', '2023-08-08', 2004),
(516, 'Vladimir', 'Pfiffer', '2023-07-31', 2001),
(517, 'Katlin', 'Romke', '2023-08-07', 2008),
(518, 'Gavan', 'Farlham', '2023-08-24', 2008),
(519, 'Harriet', 'McCreagh', '2023-07-30', 2011),
(520, 'Phyllida', 'Bottinelli', '2023-09-06', 2010),
(521, 'Kaila', 'Wakefield', '2023-10-30', 1964),
(522, 'Kerri', 'Kingsworth', '2023-09-11', 1996),
(523, 'Ingaborg', 'Darleston', '2023-10-01', 2000),
(524, 'Tilly', 'Hiom', '2023-11-28', 1987),
(525, 'Cordy', 'Sheward', '2024-02-17', 1999),
(526, 'Babbette', 'Sammes', '2023-11-21', 1999),
(527, 'Ernesto', 'Brussels', '2023-12-01', 1992),
(528, 'Geri', 'Gove', '2023-07-26', 1997),
(529, 'Lia', 'Sidary', '2023-06-26', 1994),
(530, 'Sanderson', 'Stelfox', '2024-03-04', 2004),
(531, 'Payton', 'Walwood', '2024-03-02', 2005),
(532, 'Jada', 'Izsak', '2023-11-03', 2012),
(533, 'Anet', 'Axcell', '2023-09-30', 2006),
(534, 'Cordie', 'Choudhury', '2023-07-12', 2009),
(535, 'Trix', 'Thoresby', '2023-06-07', 1998),
(536, 'Thadeus', 'Morant', '2024-01-20', 2009),
(537, 'Pepita', 'Sine', '2023-08-20', 1990),
(538, 'Sabina', 'Riche', '2024-01-10', 1993),
(539, 'Stanleigh', 'Castangia', '2024-03-16', 1994),
(540, 'Myrvyn', 'Soldner', '2024-03-15', 1991),
(541, 'Ola', 'Yearby', '2024-05-02', 2007),
(542, 'Halsy', 'Doveston', '2024-03-06', 2010),
(543, 'Filide', 'Verryan', '2023-06-05', 2012),
(544, 'Smith', 'Norkett', '2023-08-27', 1995),
(545, 'Johanna', 'Sarfass', '2024-04-26', 2003),
(546, 'Lorenzo', 'Gibby', '2023-11-25', 2009),
(547, 'Beau', 'Iacobetto', '2023-08-06', 2011),
(548, 'Cedric', 'Volet', '2024-02-16', 1998),
(549, 'Asher', 'Diess', '2023-06-28', 2009),
(550, 'Loria', 'Coxall', '2023-12-04', 1995),
(551, 'Daffy', 'Nodes', '2024-05-25', 2013),
(552, 'Alice', 'Ruggieri', '2024-02-11', 2006),
(553, 'Dorotea', 'Lanney', '2023-11-22', 2002),
(554, 'Lynea', 'Chinery', '2024-03-02', 2006),
(555, 'Hugh', 'Symms', '2023-06-13', 1999),
(556, 'Amargo', 'Roser', '2024-02-16', 1990),
(557, 'Jacqui', 'Joddins', '2023-07-10', 1993),
(558, 'Tobye', 'Owen', '2024-02-07', 2005),
(559, 'Dennison', 'Ogus', '2024-05-11', 2007),
(560, 'Raddy', 'Silley', '2023-07-30', 2005),
(561, 'Alon', 'Trees', '2024-02-05', 2012),
(562, 'Gaultiero', 'Geraldo', '2024-01-24', 2004),
(563, 'Esmaria', 'Codi', '2023-11-06', 2008),
(564, 'Roscoe', 'Lawful', '2023-07-24', 1994),
(565, 'Cobby', 'MacIlwrick', '2023-10-21', 1991),
(566, 'Kaycee', 'Lorenzetti', '2023-09-16', 1995),
(567, 'Mercie', 'Balden', '2023-06-07', 1986),
(568, 'Bari', 'Greir', '2023-12-26', 1965),
(569, 'Benson', 'Tapper', '2024-02-13', 2010),
(570, 'Virgie', 'Baudoux', '2024-01-10', 1998),
(571, 'Natal', 'Cadwallader', '2023-11-30', 2013),
(572, 'Harv', 'Feeham', '2023-12-30', 1997),
(573, 'Mordy', 'Conman', '2023-12-15', 2009),
(574, 'Whit', 'Spritt', '2023-10-11', 1999),
(575, 'Stanford', 'Danter', '2023-11-06', 2001),
(576, 'Bartie', 'Tortoishell', '2024-01-04', 2006),
(577, 'Robers', 'Soeiro', '2023-09-08', 2004),
(578, 'Randal', 'Gariff', '2024-03-16', 2009),
(579, 'Crysta', 'Laviss', '2023-08-08', 2005),
(580, 'Howard', 'Figgins', '2023-09-10', 2009),
(581, 'Selina', 'Dauby', '2023-10-07', 2003),
(582, 'Julie', 'Kidds', '2023-10-06', 1986),
(583, 'Shae', 'Bodimeade', '2023-12-12', 2008),
(584, 'Lyndsie', 'Robb', '2024-03-18', 2000),
(585, 'Garvy', 'Cheson', '2024-05-11', 1996),
(586, 'Sibylle', 'Spanton', '2024-02-10', 1988),
(587, 'Josiah', 'Orniz', '2024-01-10', 1997),
(588, 'Roselin', 'Durran', '2023-08-26', 1994),
(589, 'Ki', 'Ridel', '2024-02-15', 1994),
(590, 'Margareta', 'Loffel', '2023-07-17', 1994),
(591, 'Finn', 'Britton', '2023-11-28', 1997),
(592, 'Hurleigh', 'Straniero', '2024-05-19', 1993),
(593, 'Esther', 'Wordsworth', '2024-01-28', 2013),
(594, 'Janenna', 'Brookfield', '2023-09-30', 1989),
(595, 'Mart', 'Casse', '2024-04-26', 2003),
(596, 'Vanny', 'Tombleson', '2023-06-20', 2001),
(597, 'Shelley', 'Marder', '2024-05-22', 1993),
(598, 'Ange', 'Lamplough', '2023-08-12', 2005),
(599, 'Ethel', 'Alabaster', '2023-06-24', 2000),
(600, 'Netti', 'McGovern', '2023-08-07', 1993),
(601, 'Cleveland', 'Aronson', '2023-08-05', 1983),
(602, 'Arie', 'Loan', '2024-03-28', 2003),
(603, 'Lyda', 'Esslement', '2024-05-26', 2007),
(604, 'Daphne', 'Pavlishchev', '2024-04-12', 2009),
(605, 'Lolly', 'Seagood', '2024-05-02', 1997),
(606, 'Dukie', 'Bryceson', '2023-11-14', 1995),
(607, 'Lizzy', 'Roscrigg', '2024-04-14', 1999),
(608, 'Christiana', 'Lithcow', '2023-10-07', 2012),
(609, 'Westbrook', 'Hulk', '2023-07-18', 1993),
(610, 'Janis', 'Tethacot', '2023-05-31', 2010),
(611, 'Catina', 'Tynemouth', '2024-04-07', 1999),
(612, 'Constancia', 'Culver', '2024-03-10', 1995),
(613, 'Adiana', 'Pedder', '2024-01-25', 1994),
(614, 'Prue', 'Cready', '2023-11-15', 1984),
(615, 'Tiphanie', 'Florentine', '2023-11-05', 1998),
(616, 'Reagen', 'Fowells', '2023-08-04', 1999),
(617, 'Jammal', 'Macbeth', '2024-02-19', 1988),
(618, 'Lavena', 'Petrowsky', '2024-05-04', 1993),
(619, 'Myrta', 'Castelletti', '2023-08-06', 1992),
(620, 'Grethel', 'Naulls', '2023-10-25', 2012),
(621, 'Brianne', 'Spofford', '2023-11-18', 2011),
(622, 'Madella', 'Creese', '2023-10-21', 2012),
(623, 'Karie', 'Snazel', '2023-07-28', 1994),
(624, 'Elisa', 'Try', '2023-09-10', 1989),
(625, 'Garwood', 'Devanny', '2023-08-06', 2005),
(626, 'Tamiko', 'Emmens', '2023-10-11', 2003),
(627, 'Killie', 'Mockett', '2023-12-30', 2003),
(628, 'Krishnah', 'Dowry', '2023-09-09', 1993),
(629, 'Pierrette', 'Szymon', '2024-02-05', 2009),
(630, 'Winnie', 'Dyshart', '2023-07-08', 1998),
(631, 'Cicily', 'O\'Brollachain', '2023-07-18', 1991),
(632, 'Merlina', 'Luetkemeyers', '2023-09-29', 2011),
(633, 'Giffard', 'Yeiles', '2023-08-04', 1992),
(634, 'Adair', 'Younie', '2023-12-04', 1995),
(635, 'Aline', 'Scarr', '2024-03-15', 1995),
(636, 'Orville', 'Thorrington', '2023-07-27', 2008),
(637, 'Averill', 'Collum', '2024-03-09', 2010),
(638, 'Bartholemy', 'Netherclift', '2024-01-03', 1992),
(639, 'Sallyann', 'Raffan', '2024-04-17', 1998),
(640, 'Court', 'O\'Scannill', '2023-08-02', 1997),
(641, 'Clotilda', 'Galbreth', '2024-02-27', 1997),
(642, 'Perla', 'Sandford', '2024-05-03', 1997),
(643, 'Edyth', 'Valasek', '2024-03-21', 1998),
(644, 'Crystal', 'Sasser', '2023-09-23', 2005),
(645, 'Basilius', 'Jobbing', '2024-02-28', 1995),
(646, 'Liesa', 'Garmston', '2024-04-24', 1989),
(647, 'Billi', 'Esslemont', '2024-01-15', 1991),
(648, 'Ulrick', 'Goadbie', '2024-04-29', 2004),
(649, 'Jedediah', 'Inkpen', '2023-08-11', 2010),
(650, 'Ronni', 'Hriinchenko', '2023-08-28', 1992),
(651, 'Romonda', 'McGavin', '2023-06-06', 2006),
(652, 'Forest', 'Manhare', '2024-04-28', 2004),
(653, 'Alasteir', 'Allberry', '2023-06-10', 1999),
(654, 'Pietrek', 'McKerton', '2024-02-10', 1999),
(655, 'Hillel', 'Onthank', '2024-05-24', 2006),
(656, 'Junia', 'Schwanden', '2024-01-28', 2007),
(657, 'Ellwood', 'Noraway', '2023-10-04', 2012),
(658, 'Bernard', 'Ship', '2024-01-05', 2006),
(659, 'Con', 'Lerwell', '2024-01-23', 2006),
(660, 'Claude', 'Brooksbie', '2023-09-01', 1995),
(661, 'Arlina', 'Durdle', '2024-05-24', 2005),
(662, 'Shandee', 'Littell', '2023-11-16', 1989),
(663, 'Edythe', 'Skep', '2023-10-08', 2008),
(664, 'Adriana', 'Shapera', '2024-05-12', 1997),
(665, 'Averill', 'Piscopiello', '2023-08-04', 1998),
(666, 'Caritta', 'Ofen', '2024-02-28', 2002),
(667, 'Elfrida', 'Teague', '2023-08-11', 1955),
(668, 'Adelina', 'McQuillen', '2024-04-28', 2006),
(669, 'Carmine', 'Alvarez', '2024-05-15', 2003),
(670, 'Starlin', 'Berthomier', '2024-03-05', 2006),
(671, 'Danell', 'Howship', '2024-03-04', 1994),
(672, 'Darby', 'McAlpine', '2023-11-10', 1976),
(673, 'Wendy', 'Sogg', '2024-03-02', 2010),
(674, 'Kathryn', 'Adamovitz', '2023-10-24', 1995),
(675, 'Sharron', 'Vodden', '2023-07-09', 2006),
(676, 'Lindsay', 'Fanning', '2024-05-11', 2004),
(677, 'Jaquenetta', 'De Bernardis', '2024-05-16', 2012),
(678, 'Nadia', 'Harral', '2024-02-11', 2005),
(679, 'Caitrin', 'Jenkison', '2023-06-28', 1995),
(680, 'Lesya', 'Vasyukov', '2023-09-04', 2006),
(681, 'Lebbie', 'Galilee', '2024-03-11', 1991),
(682, 'Gwynne', 'Spaduzza', '2023-07-04', 2000),
(683, 'Timmie', 'Brandle', '2023-08-19', 2011),
(684, 'Maegan', 'Quidenham', '2024-04-25', 1993),
(685, 'Ash', 'Pachmann', '2024-02-12', 2008),
(686, 'Reinald', 'Gerrietz', '2023-12-11', 2012),
(687, 'Shea', 'Fogt', '2024-03-20', 2006),
(688, 'Scarface', 'Perroni', '2023-09-12', 2000),
(689, 'Boyce', 'Duggon', '2023-08-27', 1987),
(690, 'Shari', 'Giabucci', '2023-09-03', 2010),
(691, 'Schuyler', 'Fraczek', '2024-02-09', 2003),
(692, 'Gaylor', 'Taylot', '2024-05-02', 2002),
(693, 'Carrie', 'Le Marquis', '2023-10-12', 2009),
(694, 'Alethea', 'Plowman', '2023-11-21', 2003),
(695, 'Padget', 'Housen', '2023-09-18', 2000),
(696, 'Kesley', 'Remington', '2023-11-04', 2010),
(697, 'Normy', 'Charrett', '2023-09-11', 2000),
(698, 'Lowell', 'Rosier', '2023-12-26', 1999),
(699, 'Bertrando', 'Lougheed', '2024-02-10', 2005),
(700, 'Kirk', 'Potes', '2024-04-08', 1993),
(701, 'Annabelle', 'Lathleiff', '2023-11-12', 1988),
(702, 'Katey', 'Eloi', '2024-05-17', 1999),
(703, 'Karlee', 'Colman', '2024-03-29', 1995),
(704, 'Livvyy', 'Given', '2023-12-22', 1999),
(705, 'Antonietta', 'Dunn', '2024-02-20', 1997),
(706, 'Delia', 'Toppin', '2023-10-22', 2012),
(707, 'Reine', 'Loblie', '2024-03-21', 2008),
(708, 'Alie', 'Wildgoose', '2023-10-05', 2000),
(709, 'Wilie', 'Poland', '2024-04-20', 2004),
(710, 'Alena', 'McFadden', '2024-01-06', 1995),
(711, 'Tabb', 'Pain', '2023-09-08', 2012),
(712, 'Clarence', 'Lambourn', '2024-04-09', 2004),
(713, 'Robby', 'Bagnold', '2023-11-17', 2003),
(714, 'Moritz', 'Sumpton', '2023-06-11', 2010),
(715, 'Seana', 'Fryer', '2023-11-01', 2006),
(716, 'Jocko', 'Wakley', '2023-12-05', 2005),
(717, 'Latrina', 'Wanell', '2023-11-02', 1984),
(718, 'Clayborne', 'Czaja', '2023-07-29', 2009),
(719, 'Carmelle', 'Huske', '2023-09-01', 2004),
(720, 'Charyl', 'Vail', '2024-04-11', 2000),
(721, 'Jefferey', 'Kimbley', '2024-05-24', 1994),
(722, 'Lizabeth', 'Shenfish', '2024-02-15', 2010),
(723, 'Eddy', 'Choppin', '2024-04-20', 1976),
(724, 'Paulette', 'Guierre', '2023-06-26', 2009),
(725, 'Estrella', 'Ronchetti', '2024-01-15', 1996),
(726, 'Arv', 'Morena', '2023-08-01', 2007),
(727, 'Barnebas', 'Marnane', '2024-05-14', 2007),
(728, 'Alain', 'Wakenshaw', '2023-12-02', 2010),
(729, 'Hadria', 'Schulter', '2023-10-10', 2011),
(730, 'Illa', 'Ezzy', '2023-11-24', 2007),
(731, 'Toby', 'McHugh', '2023-08-19', 2000),
(732, 'Aimil', 'Orans', '2023-07-11', 2003),
(733, 'Caril', 'Vost', '2023-07-18', 2003),
(734, 'Kurtis', 'MacIlraith', '2023-11-15', 2009),
(735, 'Lexine', 'Werrilow', '2023-08-22', 2007),
(736, 'Lorrie', 'Gregersen', '2023-08-12', 1992),
(737, 'Klarrisa', 'Zamorrano', '2023-06-19', 2007),
(738, 'Kevyn', 'Stillert', '2023-11-05', 2000),
(739, 'Muhammad', 'Isham', '2023-06-12', 1987),
(740, 'Spence', 'Toulamain', '2023-12-14', 2009),
(741, 'Hildagarde', 'Bramhill', '2023-10-02', 2006),
(742, 'Garnet', 'Sackur', '2023-08-23', 2005),
(743, 'Alikee', 'Fluger', '2023-12-24', 2008),
(744, 'Thatch', 'Doggrell', '2024-01-07', 2003),
(745, 'Tyler', 'Dancy', '2023-10-24', 1990),
(746, 'Barty', 'Welbrock', '2023-06-07', 1997),
(747, 'Felic', 'Millington', '2023-07-11', 2007),
(748, 'Redd', 'Ubsdall', '2024-02-04', 1967),
(749, 'Issie', 'Beaushaw', '2023-12-22', 2012),
(750, 'Farr', 'Huddles', '2024-03-30', 1997),
(751, 'Brandise', 'Evison', '2023-09-29', 1996),
(752, 'Bria', 'Lawtie', '2023-10-06', 2004),
(753, 'Bibi', 'Wallbank', '2023-09-24', 2013),
(754, 'Nickolai', 'Comolli', '2023-10-09', 1998),
(755, 'Magdalene', 'Bignell', '2023-08-29', 2011),
(756, 'Husein', 'Limbert', '2024-03-18', 1993),
(757, 'Moe', 'Honnan', '2023-10-30', 1999),
(758, 'Briny', 'Witchard', '2024-01-16', 1994),
(759, 'Petronille', 'Andor', '2024-01-17', 1995),
(760, 'Belicia', 'Snedker', '2024-03-01', 2011),
(761, 'Daisi', 'Twining', '2023-09-02', 2010),
(762, 'Felecia', 'Thonger', '2023-07-26', 2009),
(763, 'Gretel', 'Ca', '2023-07-05', 1993),
(764, 'Latisha', 'Clowes', '2023-12-24', 1996),
(765, 'Maritsa', 'Lounds', '2024-05-23', 2007),
(766, 'Caritta', 'Tracy', '2023-11-14', 2008),
(767, 'Quintina', 'Hopkins', '2023-11-02', 2012),
(768, 'Lorenzo', 'Molnar', '2024-05-19', 2011),
(769, 'Zonda', 'Orrell', '2024-04-19', 2007),
(770, 'Hyman', 'Issacoff', '2023-06-03', 1993),
(771, 'Terri-jo', 'Binder', '2023-10-06', 2011),
(772, 'Roselin', 'Zuan', '2024-04-23', 1983),
(773, 'Hew', 'Medcalf', '2023-06-15', 1996),
(774, 'Romona', 'Gow', '2023-05-27', 2006),
(775, 'Bridgette', 'Bogges', '2023-08-06', 1996),
(776, 'Randal', 'Cawte', '2023-10-01', 1998),
(777, 'Quintana', 'Bunson', '2024-01-09', 1986),
(778, 'Hestia', 'Clarridge', '2023-07-22', 1986),
(779, 'Roberto', 'Le Marchant', '2024-04-21', 2012),
(780, 'Joscelin', 'Slayford', '2023-07-22', 2009),
(781, 'Randene', 'Embery', '2024-02-03', 2012),
(782, 'Glen', 'Swetmore', '2023-12-24', 2002),
(783, 'Stanford', 'Gerbl', '2024-03-14', 1995),
(784, 'Prue', 'LeEstut', '2024-01-02', 1994),
(785, 'Kinnie', 'Daskiewicz', '2023-12-21', 2011),
(786, 'Maxwell', 'Ruzicka', '2023-09-16', 2009),
(787, 'Ike', 'Segges', '2023-10-21', 2012),
(788, 'Bellanca', 'Sofe', '2024-05-07', 2005),
(789, 'Marius', 'Gouda', '2023-06-07', 2000),
(790, 'Courtnay', 'Faughny', '2023-11-05', 2002),
(791, 'Roxane', 'Stringfellow', '2023-12-26', 1994),
(792, 'Derk', 'Ilyinykh', '2023-05-27', 2006),
(793, 'Addie', 'Gianolini', '2023-06-16', 2007),
(794, 'Ardene', 'Vallow', '2023-08-11', 1993),
(795, 'Chandra', 'Towersey', '2023-07-02', 2004),
(796, 'Jorgan', 'Osgorby', '2023-08-31', 2006),
(797, 'Florette', 'McClure', '2024-03-31', 1993),
(798, 'Gabbie', 'Cud', '2023-07-31', 1996),
(799, 'Lance', 'Effemy', '2024-03-27', 2000),
(800, 'Yasmeen', 'Lillicrap', '2024-01-30', 2004),
(801, 'Heinrick', 'Bather', '2023-07-25', 2007),
(802, 'Gusta', 'Pardy', '2024-02-01', 2004),
(803, 'Natty', 'Giraldon', '2024-05-12', 1995),
(804, 'Milka', 'Keijser', '2023-08-28', 2002),
(805, 'Harman', 'Bevis', '2023-11-29', 2012),
(806, 'Odell', 'Sodeau', '2023-10-14', 2012),
(807, 'Alanna', 'Edmonstone', '2024-01-24', 2011),
(808, 'Any', 'Wing', '2023-11-01', 2010),
(809, 'Ezmeralda', 'Marde', '2023-08-29', 1999),
(810, 'Saundra', 'Liddel', '2024-04-02', 1998),
(811, 'Terencio', 'Adrianello', '2024-02-27', 2003),
(812, 'Deanne', 'Morrison', '2024-01-13', 1999),
(813, 'Martica', 'Shorey', '2023-07-10', 1995),
(814, 'Marty', 'Gebbie', '2023-05-27', 2005),
(815, 'Letti', 'Cuniffe', '2024-01-07', 2000),
(816, 'Veronike', 'Inglesant', '2024-05-18', 2012),
(817, 'Sheri', 'Dykes', '2024-05-18', 1988),
(818, 'Saxon', 'Wykey', '2023-08-09', 1984),
(819, 'Theodore', 'Perkins', '2023-09-14', 1996),
(820, 'Linnea', 'MacConneely', '2023-07-13', 2001),
(821, 'Joella', 'D\'eathe', '2024-03-05', 2010),
(822, 'Amie', 'Nellen', '2024-03-11', 2011),
(823, 'Ericka', 'Dmtrovic', '2024-02-09', 1994),
(824, 'Flossi', 'Yter', '2023-06-03', 2008),
(825, 'Ivette', 'Huggons', '2023-12-17', 1992),
(826, 'Glenda', 'Baignard', '2023-11-27', 1991),
(827, 'Mordy', 'Angrock', '2023-11-11', 2011),
(828, 'Robinette', 'Boness', '2023-07-28', 1996),
(829, 'Salem', 'Angel', '2024-03-17', 1988),
(830, 'Benn', 'Dottridge', '2023-09-07', 1992),
(831, 'Mignon', 'Bramhall', '2023-12-15', 1994),
(832, 'Dill', 'Brimman', '2023-07-26', 2012),
(833, 'Diann', 'Mainland', '2024-02-17', 2009),
(834, 'Garret', 'Zanetello', '2024-04-24', 2004),
(835, 'Atlanta', 'Ronan', '2024-04-17', 1995),
(836, 'Isabeau', 'Trythall', '2023-08-22', 2002),
(837, 'Francis', 'Martellini', '2023-07-11', 2009),
(838, 'Dina', 'Beardall', '2023-11-26', 1996),
(839, 'Cammi', 'Golds', '2023-08-22', 1994),
(840, 'Delcina', 'Hendrickson', '2023-12-25', 2002),
(841, 'Meggie', 'Moppett', '2023-10-07', 1993),
(842, 'Hermie', 'Sabattier', '2024-03-16', 2006),
(843, 'Ulrick', 'Howerd', '2023-12-11', 2012),
(844, 'Artemis', 'Ingley', '2024-04-12', 2006),
(845, 'Sully', 'Betser', '2023-09-29', 2007),
(846, 'Daron', 'Gurnay', '2023-08-21', 2005),
(847, 'Nadeen', 'Beton', '2023-08-17', 2012),
(848, 'Ker', 'Stainton', '2024-04-07', 1989),
(849, 'Bendicty', 'Gristwood', '2023-11-03', 2007),
(850, 'Craig', 'Masselin', '2023-09-13', 2002),
(851, 'Pattie', 'Duguid', '2024-04-23', 1997),
(852, 'Godwin', 'Swire', '2024-02-06', 2001),
(853, 'Sheridan', 'Cranfield', '2023-07-06', 2008),
(854, 'Elwira', 'Bonnor', '2023-12-06', 2006),
(855, 'Wrennie', 'Hazeldene', '2024-02-01', 1990),
(856, 'Inglebert', 'Farden', '2024-05-06', 2010),
(857, 'Filippo', 'Killen', '2023-08-16', 2007),
(858, 'Ermin', 'Nansom', '2023-11-20', 1996),
(859, 'Honoria', 'Larcher', '2024-04-02', 2012),
(860, 'Lita', 'Cadden', '2023-12-22', 2000),
(861, 'Dorree', 'Fogarty', '2023-10-05', 2006),
(862, 'Letta', 'Carmont', '2023-06-28', 2001),
(863, 'Indira', 'Daice', '2023-08-23', 1964),
(864, 'Lanita', 'Christofor', '2023-07-29', 1996),
(865, 'Ransell', 'Skelhorn', '2024-04-09', 1988),
(866, 'Melanie', 'Kienl', '2024-03-08', 1997),
(867, 'Daisi', 'Tsar', '2024-04-30', 2012),
(868, 'Jemie', 'Spiaggia', '2024-02-07', 1985),
(869, 'Adelle', 'Snaith', '2023-06-10', 2002),
(870, 'Miguela', 'Whitfeld', '2023-06-06', 1998),
(871, 'Lindi', 'Lawton', '2024-02-08', 2004),
(872, 'Betta', 'Attkins', '2024-04-20', 1984),
(873, 'Randene', 'Thebeau', '2024-04-06', 2003),
(874, 'Gasper', 'Coultish', '2024-05-19', 1998),
(875, 'Gabriell', 'Eglin', '2023-09-21', 2010),
(876, 'Gordan', 'Rao', '2024-05-19', 2001),
(877, 'Kennith', 'Bithell', '2023-10-28', 1988),
(878, 'Trey', 'Ferreo', '2023-08-13', 2001),
(879, 'Arlan', 'Runnalls', '2023-06-03', 1996),
(880, 'Hallsy', 'Clac', '2023-11-15', 2009),
(881, 'Beau', 'Tellenbrook', '2024-05-14', 2010),
(882, 'Prentiss', 'Cordelette', '2024-05-16', 1998),
(883, 'Pepita', 'Cinavas', '2024-01-20', 2004),
(884, 'Hortense', 'Allright', '2023-11-07', 1988),
(885, 'Millisent', 'Biermatowicz', '2023-07-22', 1994),
(886, 'Lacey', 'Hadcroft', '2024-01-13', 2007),
(887, 'Petey', 'Antat', '2023-11-10', 2001),
(888, 'Ruprecht', 'Rainsden', '2023-09-11', 2001),
(889, 'Gabrielle', 'Hodge', '2023-12-30', 1999),
(890, 'Melessa', 'Hurrell', '2023-08-04', 1984),
(891, 'Bryon', 'Bruntjen', '2024-01-20', 2006),
(892, 'Marven', 'Paler', '2024-01-17', 1999),
(893, 'Natale', 'Winchcomb', '2023-08-20', 1997),
(894, 'Dorena', 'Neno', '2023-06-03', 1997),
(895, 'Gaylene', 'Collicott', '2023-12-10', 1987),
(896, 'Dayna', 'Phayre', '2023-08-07', 2003),
(897, 'Dulcie', 'Scotchmoor', '2023-08-01', 2002),
(898, 'Carolina', 'Ingre', '2023-08-12', 1993),
(899, 'Van', 'Rominov', '2024-04-04', 1995),
(900, 'Helge', 'Beevens', '2023-09-02', 1999),
(901, 'Ayn', 'Leidl', '2023-09-14', 2007),
(902, 'Matty', 'Jain', '2023-12-23', 1999),
(903, 'Page', 'Heyward', '2023-05-27', 2003),
(904, 'Chryste', 'Storer', '2024-04-25', 1985),
(905, 'Vanny', 'Bullene', '2024-03-25', 1989),
(906, 'Olva', 'Caine', '2024-03-29', 2009),
(907, 'Alphonso', 'Flowers', '2024-02-09', 1998),
(908, 'Thomasa', 'Lezemore', '2024-01-26', 2007),
(909, 'Bertha', 'Carreck', '2023-08-19', 1991),
(910, 'Vittoria', 'Wharlton', '2024-03-28', 1992),
(911, 'Jaquelyn', 'Palffrey', '2024-04-24', 2001),
(912, 'Bernie', 'Struijs', '2024-04-28', 2000),
(913, 'Bess', 'Jay', '2023-08-15', 2004),
(914, 'Emmey', 'Wesker', '2023-12-31', 1984),
(915, 'Otha', 'Blight', '2024-01-15', 2008),
(916, 'Glennis', 'Andreutti', '2023-11-13', 2008),
(917, 'Delmer', 'Trays', '2024-01-13', 1968),
(918, 'Tyler', 'Matzen', '2023-07-18', 2008),
(919, 'Janet', 'Katz', '2024-02-26', 1990),
(920, 'Gabbie', 'Mackro', '2023-09-03', 2010),
(921, 'Kylie', 'Havoc', '2023-06-11', 2010),
(922, 'Kacey', 'Leatham', '2024-03-13', 2007),
(923, 'Darcie', 'Sheehan', '2024-01-23', 1990),
(924, 'Thaine', 'Surguine', '2023-07-21', 2004),
(925, 'Griswold', 'Burdon', '2023-11-09', 2007),
(926, 'Judith', 'Drewett', '2024-05-20', 2002),
(927, 'Braden', 'Dimitru', '2024-04-28', 1997),
(928, 'Barrett', 'Philippart', '2023-09-27', 1991),
(929, 'Willyt', 'Berre', '2024-01-26', 1990),
(930, 'Fonzie', 'Offill', '2023-08-14', 2004),
(931, 'Dave', 'Giffkins', '2024-01-24', 1992),
(932, 'Jessie', 'Meikle', '2024-02-20', 2008),
(933, 'Cassi', 'Flowith', '2024-04-21', 1982),
(934, 'Selig', 'Wignall', '2023-09-06', 2012),
(935, 'Rosetta', 'Becks', '2023-08-25', 2011),
(936, 'Marrilee', 'Nussen', '2024-03-26', 1967),
(937, 'Gaylord', 'Earengey', '2024-01-27', 2004),
(938, 'Blanche', 'Cristofol', '2024-01-28', 1998),
(939, 'Rica', 'Dundendale', '2023-10-05', 2001),
(940, 'Kip', 'Eddowis', '2024-05-25', 2006),
(941, 'Richy', 'Alwin', '2024-02-19', 1996),
(942, 'Abigael', 'Juliano', '2024-05-25', 2007),
(943, 'Derward', 'Duchart', '2023-12-02', 1996),
(944, 'Neely', 'Blazey', '2023-08-26', 1993),
(945, 'Raychel', 'Meldon', '2024-03-12', 2007),
(946, 'Khalil', 'Bricksey', '2024-04-07', 2009),
(947, 'Winny', 'Cardoso', '2024-02-03', 1991),
(948, 'Gregoire', 'Mannion', '2023-10-31', 2001),
(949, 'Sherline', 'Nicholes', '2023-11-14', 2002),
(950, 'Corene', 'Graffin', '2024-05-09', 1997),
(951, 'Drona', 'Masters', '2024-01-06', 1987),
(952, 'Desmund', 'Geratasch', '2024-01-18', 1992),
(953, 'Jenni', 'Wrassell', '2024-05-01', 2000),
(954, 'Broderic', 'Josse', '2023-10-01', 1989),
(955, 'Tracee', 'Horsfield', '2023-08-03', 1992),
(956, 'Boigie', 'Dunbar', '2023-10-23', 1997),
(957, 'Lydon', 'Gatlin', '2023-12-14', 2005),
(958, 'Thelma', 'Herries', '2023-11-26', 1984),
(959, 'Leeland', 'Laviss', '2024-05-07', 1996),
(960, 'Cornie', 'Steffan', '2024-05-05', 1999),
(961, 'Byrann', 'Knewstubb', '2023-05-29', 2008),
(962, 'Alain', 'Benit', '2024-03-30', 1988),
(963, 'Dela', 'Stoggles', '2024-01-28', 1998),
(964, 'Ashton', 'Gummer', '2023-08-05', 2003),
(965, 'Tanya', 'Rodear', '2023-06-16', 2010),
(966, 'Florinda', 'Waby', '2024-05-25', 2008),
(967, 'Zorah', 'Crowther', '2023-10-02', 1996),
(968, 'Norbie', 'Klais', '2023-08-30', 1996),
(969, 'Franklyn', 'D\'Onise', '2024-03-05', 1994),
(970, 'Cherice', 'Carrane', '2024-04-27', 1999),
(971, 'Nadia', 'Sibbert', '2024-02-07', 2000),
(972, 'Goldia', 'Nott', '2023-09-29', 2004),
(973, 'Twila', 'Isenor', '2023-08-10', 2008),
(974, 'Rodie', 'Vasyatkin', '2024-01-29', 1995),
(975, 'Roanna', 'Hannis', '2023-06-08', 2011),
(976, 'Clemence', 'Samme', '2023-07-28', 2012),
(977, 'Leone', 'Anselmi', '2023-11-15', 1995),
(978, 'Dionne', 'Patkin', '2023-09-02', 1988),
(979, 'Aurel', 'Esland', '2023-06-27', 2002),
(980, 'Oralee', 'Valek', '2024-03-22', 1992),
(981, 'Roley', 'Grahl', '2024-04-05', 2007),
(982, 'Stephanie', 'Franses', '2023-06-24', 2010),
(983, 'Wylma', 'Ashworth', '2024-03-01', 2012),
(984, 'Tabby', 'Lippett', '2024-05-16', 2011),
(985, 'Annabella', 'Heineking', '2023-06-24', 2009),
(986, 'Taddeo', 'Grzes', '2023-06-20', 2005),
(987, 'Maddalena', 'Lammers', '2023-09-15', 2003),
(988, 'Fairleigh', 'De Andisie', '2023-06-17', 2008),
(989, 'Raye', 'Bassingden', '2023-09-04', 2009),
(990, 'Steven', 'Jaye', '2023-11-30', 1999),
(991, 'Ricki', 'Swayton', '2023-08-13', 2004),
(992, 'Kinsley', 'Jeves', '2023-05-31', 2009),
(993, 'Jorie', 'Bonafacino', '2023-07-12', 1985),
(994, 'Hetty', 'Jeans', '2024-03-05', 1990),
(995, 'Dallas', 'Conduit', '2024-04-16', 1992),
(996, 'Darcy', 'Claussen', '2023-09-21', 1998),
(997, 'Saundra', 'Johnstone', '2023-11-06', 1992),
(998, 'Kenon', 'MacCourt', '2023-10-01', 2001),
(999, 'Elna', 'Bransom', '2024-04-25', 2001),
(1000, 'Maribel', 'Baron', '2024-01-31', 2008),
(1111, '', NULL, NULL, NULL);

-- --------------------------------------------------------

--
-- Table structure for table `student_course_registration`
--

CREATE TABLE `student_course_registration` (
  `student_id` int(11) NOT NULL,
  `course_id` int(11) NOT NULL,
  `semester_id` int(11) NOT NULL,
  `teacher_id` int(11) DEFAULT NULL
) ENGINE=InnoDB DEFAULT CHARSET=utf8mb4 COLLATE=utf8mb4_general_ci;

-- --------------------------------------------------------

--
-- Table structure for table `student_test_participation`
--

CREATE TABLE `student_test_participation` (
  `student_id` int(11) NOT NULL,
  `test_id` int(11) NOT NULL
) ENGINE=InnoDB DEFAULT CHARSET=utf8mb4 COLLATE=utf8mb4_general_ci;

--
-- Dumping data for table `student_test_participation`
--

INSERT INTO `student_test_participation` (`student_id`, `test_id`) VALUES
(1, 63),
(1, 729),
(3, 423),
(5, 370),
(7, 105),
(8, 393),
(9, 530),
(10, 414),
(10, 815),
(10, 862),
(10, 895),
(13, 102),
(13, 288),
(14, 13),
(14, 857),
(16, 32),
(16, 74),
(17, 68),
(18, 379),
(19, 500),
(20, 193),
(20, 599),
(22, 85),
(22, 849),
(23, 67),
(25, 339),
(25, 627),
(27, 763),
(28, 200),
(29, 271),
(29, 640),
(31, 138),
(31, 942),
(32, 464),
(32, 472),
(32, 484),
(33, 888),
(36, 50),
(36, 256),
(38, 697),
(43, 746),
(47, 324),
(52, 680),
(53, 744),
(53, 933),
(54, 168),
(55, 162),
(58, 125),
(58, 732),
(61, 579),
(62, 683),
(62, 859),
(63, 187),
(63, 689),
(64, 908),
(69, 798),
(71, 381),
(72, 845),
(73, 520),
(74, 922),
(75, 163),
(75, 282),
(77, 2),
(82, 10),
(82, 829),
(83, 159),
(83, 657),
(83, 762),
(85, 479),
(86, 265),
(86, 771),
(86, 816),
(91, 419),
(94, 30),
(95, 90),
(95, 927),
(97, 711),
(98, 832),
(99, 655),
(99, 770),
(101, 39),
(103, 173),
(103, 314),
(103, 941),
(105, 186),
(110, 108),
(112, 276),
(113, 22),
(113, 660),
(114, 547),
(115, 449),
(116, 303),
(116, 646),
(119, 101),
(120, 537),
(121, 52),
(121, 70),
(121, 751),
(122, 1),
(125, 661),
(125, 678),
(126, 372),
(127, 312),
(128, 367),
(129, 104),
(130, 944),
(131, 69),
(131, 325),
(134, 578),
(134, 720),
(136, 588),
(140, 459),
(140, 524),
(140, 569),
(140, 756),
(141, 389),
(144, 3),
(144, 909),
(145, 57),
(145, 462),
(145, 488),
(149, 826),
(149, 928),
(150, 136),
(151, 27),
(151, 83),
(151, 516),
(152, 768),
(153, 202),
(155, 563),
(156, 123),
(156, 827),
(158, 254),
(159, 305),
(159, 684),
(160, 609),
(162, 297),
(163, 151),
(163, 795),
(163, 839),
(164, 300),
(167, 360),
(167, 467),
(167, 572),
(168, 167),
(170, 132),
(170, 306),
(170, 844),
(171, 287),
(172, 525),
(173, 409),
(174, 36),
(174, 95),
(174, 515),
(174, 699),
(177, 237),
(177, 258),
(178, 451),
(182, 628),
(183, 896),
(184, 821),
(185, 238),
(186, 149),
(188, 326),
(191, 870),
(193, 853),
(194, 694),
(194, 864),
(195, 718),
(196, 809),
(197, 208),
(201, 543),
(201, 607),
(201, 611),
(202, 846),
(202, 946),
(203, 573),
(203, 801),
(204, 682),
(205, 447),
(207, 600),
(209, 347),
(210, 155),
(210, 886),
(212, 491),
(213, 196),
(215, 346),
(216, 540),
(216, 554),
(218, 322),
(219, 215),
(219, 676),
(220, 841),
(221, 129),
(222, 837),
(223, 212),
(226, 440),
(228, 33),
(228, 80),
(228, 416),
(228, 567),
(229, 691),
(231, 511),
(232, 88),
(232, 907),
(232, 932),
(233, 337),
(233, 774),
(235, 160),
(235, 690),
(235, 792),
(236, 302),
(238, 633),
(242, 223),
(242, 730),
(243, 474),
(246, 881),
(247, 368),
(250, 219),
(252, 158),
(253, 246),
(256, 431),
(257, 533),
(257, 616),
(258, 916),
(261, 93),
(261, 384),
(261, 812),
(262, 257),
(262, 811),
(263, 195),
(264, 643),
(264, 717),
(265, 210),
(267, 581),
(267, 644),
(267, 806),
(270, 82),
(270, 568),
(270, 913),
(272, 128),
(276, 546),
(276, 625),
(278, 366),
(282, 46),
(282, 410),
(285, 564),
(285, 747),
(290, 235),
(292, 24),
(293, 405),
(294, 189),
(294, 460),
(295, 394),
(295, 631),
(296, 498),
(300, 620),
(303, 17),
(304, 526),
(304, 894),
(306, 517),
(309, 819),
(310, 584),
(311, 181),
(312, 141),
(312, 315),
(312, 820),
(314, 47),
(314, 100),
(314, 719),
(316, 929),
(317, 728),
(320, 192),
(320, 767),
(321, 91),
(322, 371),
(322, 438),
(322, 527),
(325, 349),
(325, 355),
(326, 245),
(327, 313),
(328, 897),
(329, 350),
(330, 185),
(330, 373),
(336, 35),
(337, 912),
(339, 204),
(340, 144),
(340, 284),
(340, 943),
(340, 948),
(342, 638),
(342, 721),
(343, 514),
(343, 603),
(345, 49),
(345, 435),
(346, 617),
(347, 188),
(347, 249),
(347, 869),
(349, 76),
(349, 89),
(349, 308),
(349, 492),
(350, 814),
(351, 604),
(351, 898),
(353, 429),
(353, 940),
(354, 277),
(355, 483),
(356, 548),
(357, 863),
(359, 945),
(359, 947),
(360, 635),
(361, 786),
(362, 293),
(363, 396),
(365, 571),
(371, 924),
(373, 154),
(373, 773),
(374, 583),
(377, 66),
(377, 157),
(377, 659),
(378, 283),
(381, 789),
(382, 712),
(383, 800),
(384, 833),
(386, 510),
(387, 146),
(388, 7),
(390, 338),
(390, 848),
(392, 882),
(393, 420),
(394, 470),
(394, 637),
(397, 501),
(398, 99),
(399, 406),
(400, 765),
(400, 871),
(401, 670),
(401, 759),
(405, 665),
(406, 791),
(407, 493),
(408, 111),
(408, 117),
(411, 94),
(413, 412),
(416, 736),
(416, 787),
(417, 97),
(417, 714),
(419, 309),
(419, 348),
(419, 445),
(419, 662),
(419, 910),
(419, 931),
(420, 794),
(426, 499),
(428, 251),
(428, 873),
(429, 390),
(433, 427),
(434, 242),
(435, 675),
(437, 328),
(437, 365),
(437, 799),
(440, 764),
(441, 433),
(442, 692),
(445, 669),
(446, 808),
(447, 220),
(452, 26),
(453, 528),
(453, 534),
(455, 432),
(456, 124),
(456, 413),
(456, 473),
(456, 495),
(456, 585),
(458, 329),
(462, 486),
(462, 575),
(464, 71),
(466, 422),
(467, 294),
(468, 16),
(468, 456),
(469, 421),
(472, 18),
(474, 197),
(474, 301),
(474, 698),
(476, 174),
(477, 766),
(479, 630),
(479, 803),
(480, 706),
(481, 397),
(482, 333),
(484, 84),
(487, 904),
(488, 709),
(489, 594),
(489, 900),
(491, 304),
(491, 840),
(492, 291),
(494, 14),
(495, 64),
(495, 902),
(497, 444),
(497, 885),
(498, 508),
(498, 541),
(498, 872),
(499, 535),
(501, 905),
(502, 25),
(502, 741),
(503, 318),
(503, 443),
(503, 458),
(505, 545),
(506, 512),
(508, 96),
(512, 229),
(516, 164),
(517, 551),
(519, 481),
(521, 45),
(521, 539),
(521, 742),
(522, 118),
(525, 496),
(526, 44),
(530, 879),
(531, 955),
(534, 224),
(535, 797),
(536, 453),
(539, 165),
(539, 505),
(539, 810),
(540, 51),
(540, 855),
(541, 614),
(542, 120),
(542, 782),
(542, 867),
(547, 230),
(550, 98),
(550, 386),
(553, 645),
(554, 439),
(554, 700),
(555, 490),
(555, 866),
(556, 923),
(562, 37),
(563, 590),
(564, 641),
(566, 649),
(568, 487),
(570, 804),
(572, 243),
(572, 727),
(575, 327),
(576, 553),
(580, 686),
(582, 126),
(582, 874),
(582, 956),
(584, 861),
(585, 919),
(586, 485),
(586, 494),
(588, 175),
(589, 295),
(589, 374),
(591, 42),
(591, 269),
(594, 131),
(594, 450),
(597, 843),
(598, 696),
(599, 779),
(599, 802),
(601, 211),
(603, 31),
(603, 598),
(604, 252),
(605, 852),
(606, 713),
(607, 378),
(608, 55),
(608, 752),
(608, 834),
(609, 255),
(610, 375),
(611, 574),
(611, 677),
(613, 954),
(617, 480),
(618, 418),
(619, 221),
(619, 320),
(619, 918),
(620, 576),
(621, 261),
(622, 228),
(623, 506),
(623, 596),
(624, 457),
(626, 307),
(626, 387),
(629, 642),
(631, 343),
(631, 748),
(632, 731),
(633, 106),
(633, 296),
(633, 618),
(634, 209),
(634, 716),
(635, 127),
(635, 362),
(638, 86),
(639, 610),
(643, 364),
(643, 466),
(643, 745),
(646, 580),
(648, 369),
(648, 925),
(649, 950),
(650, 656),
(652, 788),
(653, 363),
(657, 114),
(658, 20),
(659, 110),
(662, 178),
(662, 589),
(664, 693),
(665, 236),
(665, 442),
(665, 544),
(666, 290),
(668, 62),
(668, 137),
(670, 531),
(670, 570),
(670, 892),
(671, 4),
(671, 612),
(672, 273),
(673, 40),
(673, 586),
(674, 281),
(677, 549),
(678, 250),
(678, 650),
(680, 739),
(683, 523),
(685, 319),
(687, 606),
(687, 830),
(688, 502),
(689, 299),
(690, 376),
(692, 213),
(694, 53),
(694, 454),
(697, 133),
(697, 353),
(697, 430),
(699, 889),
(700, 856),
(704, 354),
(704, 926),
(706, 87),
(707, 203),
(708, 130),
(708, 593),
(708, 785),
(709, 345),
(709, 681),
(711, 176),
(711, 323),
(712, 595),
(715, 391),
(715, 824),
(718, 518),
(719, 191),
(720, 562),
(721, 668),
(723, 781),
(725, 463),
(728, 704),
(729, 658),
(730, 901),
(731, 385),
(732, 289),
(732, 468),
(737, 777),
(739, 148),
(739, 536),
(741, 805),
(742, 952),
(743, 529),
(745, 198),
(745, 247),
(745, 342),
(746, 519),
(749, 772),
(750, 532),
(752, 455),
(757, 232),
(757, 426),
(758, 629),
(758, 708),
(761, 883),
(762, 666),
(766, 465),
(767, 687),
(768, 239),
(768, 865),
(770, 577),
(771, 417),
(775, 227),
(777, 654),
(778, 81),
(778, 336),
(780, 538),
(780, 937),
(781, 5),
(783, 270),
(784, 75),
(785, 73),
(785, 860),
(787, 648),
(792, 6),
(792, 275),
(794, 441),
(796, 592),
(798, 241),
(799, 60),
(799, 949),
(800, 914),
(802, 58),
(803, 109),
(803, 722),
(803, 884),
(806, 12),
(806, 915),
(808, 707),
(809, 140),
(809, 201),
(809, 280),
(811, 331),
(811, 591),
(813, 266),
(815, 755),
(816, 147),
(816, 357),
(816, 436),
(816, 542),
(817, 43),
(817, 145),
(817, 750),
(818, 107),
(818, 317),
(819, 887),
(822, 183),
(823, 817),
(825, 400),
(825, 437),
(827, 597),
(828, 380),
(829, 253),
(829, 428),
(830, 615),
(831, 321),
(832, 358),
(833, 244),
(833, 906),
(834, 206),
(836, 411),
(836, 936),
(842, 351),
(843, 651),
(843, 899),
(844, 113),
(844, 143),
(844, 639),
(845, 469),
(846, 395),
(846, 478),
(846, 653),
(846, 842),
(847, 79),
(847, 278),
(850, 56),
(850, 836),
(850, 953),
(854, 352),
(856, 703),
(857, 184),
(857, 851),
(858, 169),
(859, 461),
(861, 135),
(862, 471),
(862, 807),
(865, 392),
(867, 41),
(871, 207),
(873, 672),
(875, 685),
(876, 260),
(876, 475),
(877, 377),
(878, 725),
(879, 559),
(879, 679),
(881, 240),
(882, 225),
(882, 268),
(884, 733),
(885, 822),
(887, 171),
(889, 557),
(896, 921),
(897, 446),
(897, 705),
(899, 332),
(899, 561),
(900, 828),
(902, 205),
(905, 710),
(905, 890),
(906, 177),
(908, 8),
(909, 743),
(911, 477),
(911, 854),
(913, 674),
(914, 448),
(915, 180),
(916, 776),
(918, 738),
(919, 875),
(920, 621),
(921, 407),
(925, 552),
(928, 858),
(931, 951),
(933, 757),
(934, 214),
(937, 754),
(938, 753),
(939, 286),
(942, 734),
(942, 790),
(943, 619),
(944, 399),
(946, 92),
(951, 361),
(951, 878),
(952, 624),
(952, 920),
(954, 566),
(954, 652),
(957, 161),
(957, 778),
(957, 796),
(962, 780),
(967, 760),
(968, 382),
(968, 476),
(969, 634),
(970, 119),
(972, 11),
(972, 868),
(974, 695),
(975, 403),
(977, 622),
(977, 930),
(979, 298),
(979, 602),
(979, 761),
(980, 847),
(981, 59),
(983, 156),
(986, 121),
(987, 38),
(988, 724),
(989, 911),
(990, 489),
(991, 556),
(992, 150),
(992, 608),
(993, 452),
(993, 723),
(995, 19),
(995, 701),
(996, 702),
(997, 54),
(997, 877),
(999, 170),
(999, 218),
(999, 408),
(1000, 415),
(1000, 726);

-- --------------------------------------------------------

--
-- Table structure for table `teacher`
--

CREATE TABLE `teacher` (
  `id` int(11) NOT NULL,
  `fname` varchar(50) DEFAULT NULL,
  `lname` varchar(50) DEFAULT NULL,
  `start_learning` int(11) DEFAULT NULL
) ENGINE=InnoDB DEFAULT CHARSET=utf8mb4 COLLATE=utf8mb4_general_ci;

--
-- Dumping data for table `teacher`
--

INSERT INTO `teacher` (`id`, `fname`, `lname`, `start_learning`) VALUES
(1, 'Christian', 'Masseo', 1994),
(3, 'Eddy', 'Terzi', 2000),
(4, 'Myrtice', 'Grenkov', 2002),
(5, 'Hurley', 'Squires', 2009),
(6, 'Riannon', 'Steffens', 1999),
(7, 'Giustino', 'Trinkwon', 1994),
(8, 'Callie', 'Down', 2005),
(9, 'Arlin', 'Crandon', 1993),
(10, 'Colette', 'O\'Dooghaine', 2003),
(11, 'Malissa', 'MacCleod', 2009),
(12, 'Maitilde', 'German', 2008),
(13, 'Parker', 'Bramble', 2000),
(14, 'Cammy', 'Heigho', 2008),
(15, 'Frederich', 'Braganza', 2001),
(16, 'Denna', 'Anker', 2013),
(17, 'Alano', 'Barthropp', 2003),
(18, 'Humbert', 'Winslett', 2006),
(19, 'Giuseppe', 'Kenworthey', 2013),
(20, 'Margarita', 'Norfolk', 2006),
(21, 'Korrie', 'Hanaford', 2000),
(23, 'Trueman', 'Twigger', 2007),
(24, 'Jackqueline', 'Undy', 1993),
(25, 'Marty', 'Sirkett', 1997),
(26, 'Chicky', 'Ingerith', 1992),
(29, 'Harmon', 'Hazlewood', 2006),
(31, 'Kristal', 'Fowden', 1999),
(32, 'Mayne', 'Elliff', 2001),
(33, 'Brigitte', 'Sleaford', 2012),
(34, 'Isabelita', 'Kitchingham', 2011),
(35, 'Burk', 'Rayment', 1996),
(36, 'Iain', 'Littefair', 2011),
(37, 'Devonne', 'Peres', 2009),
(38, 'Delores', 'Pohlke', 1996),
(39, 'Dorree', 'Dickerline', 1994),
(41, 'Sherwin', 'Alejandre', 2007),
(42, 'Janith', 'MacTeague', 1993),
(43, 'Augusta', 'Butterfint', 2011),
(44, 'Felic', 'Bassingham', 1998),
(45, 'Clement', 'O\'Spellissey', 2006),
(46, 'Revkah', 'Dewbury', 1993),
(47, 'Retha', 'Belfitt', 2003),
(48, 'Wat', 'Stiff', 1991),
(50, 'Verna', 'Tripean', 1998),
(51, 'Arlen', 'Cary', 2006),
(52, 'Lamond', 'Beebis', 1997),
(53, 'Raquel', 'Heckner', 1993),
(54, 'Maggi', 'Welsby', 1996),
(55, 'Robinetta', 'York', 2006),
(56, 'Phylys', 'Carling', 1992),
(57, 'Robbyn', 'Tadgell', 1999),
(59, 'Roana', 'Ketchen', 2002),
(60, 'Garner', 'Lorrimer', 2004),
(61, 'Sansone', 'Feak', 2008),
(62, 'Chiquia', 'Thoma', 2007),
(63, 'Tisha', 'Worden', 2005),
(64, 'Pet', 'Moline', 2008),
(65, 'Deborah', 'Basili', 2002),
(66, 'Farrand', 'Hancell', 2004),
(67, 'Blanche', 'Goldsack', 2007),
(68, 'Lilla', 'Merrilees', 2003),
(69, 'Barty', 'Bunce', 2009),
(70, 'Magnum', 'Westphal', 2000),
(71, 'Harvey', 'Tippin', 1999),
(72, 'Erny', 'Hankin', 2009),
(73, 'Christophe', 'O\'Duilleain', 1994),
(74, 'Sammy', 'Toothill', 2011),
(75, 'Felike', 'Sapauton', 1998),
(76, 'Henrieta', 'Purves', 2009),
(77, 'Bank', 'Baptie', 2004),
(78, 'Eudora', 'Eller', 2005),
(79, 'Gamaliel', 'Davidou', 2006),
(80, 'Des', 'Mangham', 1998),
(81, 'Alistair', 'Emberson', 2010),
(82, 'Nomi', 'Congrave', 2010),
(83, 'Reilly', 'Emmer', 2009),
(84, 'Diena', 'Schimmang', 2003),
(88, 'Roxine', 'Beasleigh', 2000),
(89, 'Ginevra', 'Degoy', 1996),
(90, 'Farrell', 'Buckenhill', 2008),
(91, 'Isaiah', 'Lewty', 2005),
(92, 'Jeff', 'Lumm', 2004),
(93, 'Jeanna', 'California', 2003),
(94, 'Josh', 'Bethune', 2007),
(95, 'Benjamen', 'Abarough', 1998),
(96, 'Alex', 'Baxter', 2010),
(97, 'Rayna', 'Pollicote', 2013),
(98, 'Barthel', 'Abramino', 2001),
(99, 'Alex', 'Jermyn', 1992),
(100, 'Vivyan', 'Tolussi', 2012),
(101, 'Karee', 'Haslen', 1995),
(102, 'Noah', 'Barns', 2004),
(103, 'Rickert', 'Henric', 2005),
(104, 'Alessandra', 'Dobbison', 2001),
(105, 'Geri', 'Speare', 2012),
(107, 'Jess', 'Struis', 1995),
(108, 'Andriette', 'Gouly', 1994),
(109, 'Thayne', 'Robyns', 2009),
(110, 'Jody', 'Loudyan', 2000),
(111, 'Oswald', 'Relph', 2003),
(112, 'Gipsy', 'Westnage', 2010),
(113, 'Farris', 'O\'Sheeryne', 1998),
(115, 'Bethena', 'Forsythe', 2000),
(116, 'Constanta', 'Jordine', 1999),
(117, 'Amil', 'Binham', 1991),
(118, 'Guenna', 'Mityushkin', 2002),
(119, 'Marvin', 'Blase', 2000),
(120, 'Derry', 'Klimkov', 1990),
(121, 'Myranda', 'Harner', 2011),
(123, 'Andriana', 'Diss', 2006),
(124, 'Annecorinne', 'Navein', 2003),
(125, 'Ronnie', 'Nezey', 1998),
(126, 'Teri', 'Krahl', 1996),
(127, 'Jeannie', 'Macbeth', 2004),
(128, 'Carol', 'Rosenthaler', 1997),
(129, 'Emylee', 'Frankham', 2001),
(130, 'Cordey', 'Feronet', 2004),
(131, 'Freddy', 'Farn', 2005),
(132, 'Winonah', 'Potteridge', 2004),
(133, 'Stearn', 'Job', 1992),
(134, 'Corny', 'Starten', 1995),
(135, 'Livia', 'Folomkin', 2007),
(136, 'Mary', 'Yakunin', 2007),
(137, 'Jillane', 'Goodsal', 1997),
(138, 'Cosette', 'Jay', 2006),
(139, 'Daisy', 'Cockell', 1999),
(140, 'Sawyere', 'Hablot', 2005),
(141, 'Dede', 'Lippiett', 2012),
(142, 'Alida', 'Corah', 1996),
(143, 'Cahra', 'Harken', 1994),
(144, 'Cissiee', 'Podd', 2005),
(145, 'Ortensia', 'Mityukov', 2008),
(148, 'Diego', 'Keston', 1993),
(149, 'Abby', 'Cumpsty', 2003),
(150, 'Roderick', 'Lackinton', 2011),
(151, 'Minna', 'Shrive', 2005),
(152, 'Winfield', 'Potzold', 1992),
(153, 'Gregg', 'Burchess', 2010),
(155, 'Jacklyn', 'Harrill', 2008),
(157, 'Hillier', 'Snazel', 1993),
(158, 'Mendie', 'Hudspith', 2002),
(159, 'Gaye', 'Rief', 2002),
(160, 'Zonnya', 'Blare', 2007),
(161, 'Tamma', 'Edeler', 1998),
(162, 'Galen', 'Annesley', 2004),
(163, 'Mortie', 'Jacke', 2008),
(164, 'Dame', 'Kleis', 1995),
(165, 'Lorna', 'Melly', 2001),
(166, 'Felice', 'MacGregor', 2004),
(167, 'Griffin', 'Gullivent', 2004),
(168, 'Hadria', 'Minocchi', 1996),
(169, 'Christopher', 'Vynall', 1997),
(170, 'Brigitte', 'De Bernardis', 2004),
(171, 'Thea', 'Sitlinton', 1995),
(172, 'Welsh', 'Nudd', 2004),
(173, 'Jessi', 'Comelini', 2006),
(174, 'Dedie', 'Laingmaid', 2001),
(175, 'Charlotta', 'Bartlomiejczyk', 2007),
(176, 'Cyrus', 'Wadley', 2006),
(177, 'Damiano', 'Koschke', 1995),
(178, 'Billi', 'Olekhov', 2004),
(179, 'Damiano', 'Rittmeyer', 1998),
(180, 'Jethro', 'Nappin', 1990),
(181, 'Ester', 'Bissett', 2008),
(182, 'Joann', 'Jansie', 2007),
(183, 'Isidore', 'Burr', 1992),
(184, 'Valentine', 'Kitter', 2004),
(185, 'Reeva', 'Frazer', 2002),
(186, 'Gabe', 'Ruddlesden', 1999),
(187, 'Conny', 'Wrennall', 1999),
(188, 'Caddric', 'Yakov', 2005),
(190, 'Dyann', 'Allix', 1992),
(191, 'Cherri', 'Valente', 2005),
(192, 'Prudy', 'Olifaunt', 1990),
(193, 'Meredeth', 'Kondrat', 2011),
(194, 'Cecile', 'Cressy', 1992),
(195, 'Nedi', 'Orrell', 2008),
(196, 'Karlotta', 'Coogan', 2009),
(198, 'Betsey', 'Brogioni', 2009),
(199, 'Odille', 'O\' Driscoll', 1992),
(200, 'Madella', 'Causby', 2002),
(201, 'Netta', 'Tookey', 1994),
(202, 'Heida', 'Naerup', 2008),
(203, 'James', 'Patifield', 1995),
(204, 'Abigail', 'd\'Escoffier', 2001),
(205, 'Corri', 'Feather', 2003),
(207, 'Anet', 'Bickerdike', 2009),
(208, 'Warner', 'Lydford', 2003),
(209, 'Karoly', 'Haylock', 1996),
(211, 'Idaline', 'Bramah', 1993),
(212, 'Corliss', 'Darrington', 2002),
(213, 'Melesa', 'Sappy', 1994),
(214, 'Laraine', 'Limmer', 1999),
(215, 'Katalin', 'Bachnic', 1992),
(216, 'Sisile', 'Maddin', 1999),
(217, 'Starr', 'Guirardin', 1994),
(218, 'Sauveur', 'Kollach', 1998),
(219, 'Madalyn', 'Bawden', 1994),
(220, 'Kym', 'Boatwright', 1999),
(221, 'Abie', 'Mattea', 2012),
(222, 'Kriste', 'Pettegre', 1993),
(223, 'Stanton', 'Bessell', 1989),
(224, 'Giacomo', 'McKeever', 2000),
(225, 'Piotr', 'Boomes', 2013),
(226, 'Fayth', 'Winton', 1993),
(227, 'Shayna', 'Sabbatier', 2008),
(228, 'Gray', 'Essberger', 2012),
(229, 'Barbra', 'Cumberbatch', 2006),
(231, 'Hamish', 'Tarney', 2000),
(232, 'Herrick', 'Dowdall', 1989),
(233, 'Louisa', 'Alkin', 2007),
(234, 'Eula', 'Pidgen', 1998),
(235, 'Alwyn', 'McVie', 2012),
(236, 'Hanna', 'Whitefoot', 1991),
(237, 'Rachele', 'Ferroli', 1993),
(238, 'Bernete', 'Cay', 2008),
(239, 'Filide', 'Brittain', 2006),
(240, 'Abeu', 'Stroobant', 2003),
(241, 'Vincents', 'Bastin', 2002),
(242, 'Elana', 'Lukasik', 2007),
(244, 'Claudina', 'Struys', 1998),
(245, 'Jim', 'Beevor', 1998),
(246, 'Kellen', 'Kull', 2004),
(247, 'Jack', 'Yurenev', 1994),
(248, 'Laurice', 'Firmin', 1994),
(249, 'Aldwin', 'Crellim', 1999),
(250, 'Annie', 'Agate', 2000),
(252, 'Reginauld', 'Gudyer', 1995),
(253, 'Elvera', 'Ovenden', 2007),
(254, 'Lenard', 'Brownsill', 2007),
(255, 'Knox', 'Konke', 2010),
(256, 'Kerr', 'Gofford', 2005),
(257, 'Hashim', 'Rubroe', 1999),
(258, 'Lek', 'Glencrash', 2003),
(259, 'Ddene', 'Lethby', 2010),
(260, 'Oona', 'Gremain', 2010),
(261, 'Jerrine', 'Kenwin', 1996),
(262, 'Emera', 'Whistan', 2000),
(263, 'Vitia', 'Lax', 2000),
(264, 'Ajay', 'Turfes', 1995),
(265, 'Kevan', 'Pattingson', 2000),
(267, 'Walton', 'Driussi', 2008),
(268, 'Lemmie', 'Woodger', 2011),
(269, 'Enid', 'Peye', 1998),
(270, 'Kale', 'Kinkaid', 2000),
(271, 'Brande', 'Jecks', 2001),
(272, 'Eugenio', 'Brickwood', 2004),
(273, 'Maxi', 'Side', 2008),
(274, 'Haskell', 'Kidd', 2003),
(275, 'Odetta', 'Culleford', 1990),
(276, 'Elfreda', 'Clementet', 2007),
(277, 'George', 'Borzone', 1989),
(278, 'Ronny', 'McGeraghty', 2013),
(279, 'Olwen', 'Goldhill', 1996),
(280, 'Jaime', 'Mairs', 2007),
(281, 'Hyacinthie', 'Bellee', 2008),
(282, 'Maryl', 'Narup', 2006),
(284, 'Lynette', 'Theodore', 1992),
(285, 'Finley', 'Rein', 2003),
(286, 'Emlen', 'Ledwich', 2007),
(287, 'Meridith', 'Georgescu', 1992),
(289, 'Lorita', 'Hradsky', 2009),
(290, 'Ana', 'Bullas', 2007),
(291, 'Cello', 'Wynch', 1996),
(292, 'Raquel', 'Gwatkins', 1998),
(294, 'Temple', 'Noto', 2008),
(295, 'Lissie', 'Dotson', 2005),
(296, 'Stormie', 'Posen', 2002),
(297, 'Delmar', 'Bockmaster', 1999),
(299, 'Antonietta', 'Worwood', 2010),
(300, 'Ronnie', 'Moulder', 2005),
(301, 'Sammy', 'Penk', 2003),
(302, 'Tammie', 'Bidewell', 2007),
(303, 'Taber', 'Bolmann', 2000),
(304, 'Claribel', 'Tappor', 2010),
(305, 'Nixie', 'Stent', 2009),
(306, 'Theressa', 'Cauldfield', 2011),
(307, 'Bryna', 'Digle', 2012),
(308, 'Zora', 'Steely', 1997),
(309, 'Cicily', 'McCartney', 2007),
(310, 'Thibaut', 'Birtonshaw', 1995),
(311, 'Clarence', 'Camelia', 1999),
(313, 'Tracey', 'Crampsy', 1999),
(314, 'Austine', 'Count', 2001),
(315, 'Haskell', 'Arnout', 1990),
(316, 'Phelia', 'Gutcher', 2005),
(317, 'Blaine', 'Mcall', 2004),
(318, 'Florina', 'Applewhaite', 2010),
(319, 'Sonni', 'Burmaster', 2002),
(320, 'Miller', 'Sutworth', 2006),
(321, 'Wally', 'Glander', 2005),
(322, 'Creight', 'Casassa', 1994),
(323, 'Bronson', 'Shine', 2001),
(324, 'Kennett', 'Jearum', 2011),
(325, 'Ethelind', 'Coggeshall', 2009),
(327, 'Shandee', 'Benoit', 2011),
(328, 'Irita', 'Dy', 1999),
(329, 'Colas', 'Ditchburn', 2010),
(330, 'Creighton', 'Latek', 1995),
(331, 'Care', 'Straker', 2004),
(332, 'Terra', 'Levee', 2012),
(333, 'Broderic', 'Blackie', 1992),
(334, 'Iormina', 'Dangerfield', 2008),
(336, 'Pascale', 'McClune', 1989),
(337, 'Kelsi', 'Smitherham', 2009),
(339, 'Virginie', 'Rihanek', 1994),
(340, 'Nanete', 'Morpeth', 2001),
(341, 'Marcy', 'Loney', 2010),
(342, 'Thea', 'Carnachen', 2009),
(343, 'Michael', 'Gostick', 2004),
(344, 'Mark', 'Lanchbery', 1990),
(345, 'Agata', 'Trank', 2008),
(347, 'Gwenore', 'Wilkisson', 2000),
(348, 'Seymour', 'Rielly', 1992),
(349, 'Dennie', 'Rowbrey', 1993),
(350, 'Chloette', 'Cumbes', 1990),
(351, 'Stormie', 'Funnell', 1995),
(352, 'Titus', 'Dimitrijevic', 1991),
(353, 'Bobbi', 'Gamlen', 2000),
(354, 'Early', 'Bortolomei', 2001),
(355, 'Adda', 'Graffham', 2007),
(356, 'Godiva', 'Antoinet', 2008),
(357, 'Bobina', 'Slipper', 2003),
(358, 'Lind', 'Adrianello', 2000),
(359, 'Roxy', 'Roels', 2004),
(360, 'Marcille', 'Wardhough', 1997),
(361, 'Lavinie', 'Lots', 2003),
(362, 'Anson', 'Johnke', 1989),
(363, 'Edwina', 'Prazor', 1995),
(364, 'Berry', 'Krienke', 1991),
(365, 'Kirsteni', 'Dallicott', 2007),
(366, 'Hillard', 'Swatheridge', 2000),
(368, 'Krissy', 'Lohrensen', 1992),
(369, 'Ethelred', 'Southall', 2005),
(370, 'Osbourn', 'Challin', 2010),
(371, 'Ivy', 'Towey', 1992),
(372, 'Helsa', 'Schirok', 2002),
(373, 'Genni', 'Vynall', 1990),
(374, 'Ruby', 'Stickford', 2002),
(375, 'Xylina', 'Lemm', 2003),
(376, 'Donna', 'Cars', 1993),
(377, 'Winnifred', 'Stockhill', 2010),
(378, 'Kelli', 'Weal', 1990),
(380, 'Frederico', 'Matyushenko', 2013),
(381, 'Edi', 'Packe', 2008),
(382, 'Guinevere', 'Juares', 2003),
(383, 'Sada', 'Mattinson', 1996),
(384, 'Nicola', 'Berrow', 1990),
(385, 'Caitlin', 'Irnys', 2003),
(386, 'Sal', 'Koenen', 1999),
(387, 'Jackquelin', 'Vignaux', 1989),
(388, 'Sheila', 'Orrobin', 1996),
(389, 'Roscoe', 'Selwood', 2009),
(390, 'Richmond', 'Husband', 2003),
(391, 'Bary', 'Wathen', 2009),
(392, 'Tarra', 'Valett', 1999),
(393, 'Lanae', 'Gogan', 2010),
(394, 'Rodrigo', 'Tearny', 2012),
(395, 'Mercy', 'Sirett', 1997),
(396, 'Hope', 'Jackways', 2007),
(397, 'Kristan', 'Speedy', 1998),
(398, 'Ulrikaumeko', 'Lumb', 2011),
(399, 'Abner', 'Overall', 1999),
(400, 'Andeee', 'Quartermaine', 2009),
(402, 'Maje', 'Reckus', 2008),
(403, 'Ariana', 'Cremins', 2008),
(404, 'Anatola', 'Raspel', 2002),
(406, 'Lorene', 'Golling', 2005),
(407, 'Magda', 'Spadaro', 2007),
(408, 'Rafaellle', 'Faldoe', 2006),
(409, 'Bernard', 'Brandes', 1996),
(411, 'Shirlee', 'Turrell', 1997),
(412, 'Gun', 'Wakeford', 2004),
(413, 'Kelly', 'Lebarree', 2012),
(414, 'Hildagarde', 'Wharlton', 2010),
(415, 'Valaria', 'O\'Doogan', 2012),
(416, 'Amalle', 'Cheng', 2004),
(417, 'Vasilis', 'Giampietro', 1999),
(418, 'Conchita', 'Bandey', 2007),
(419, 'Dallis', 'Courson', 2004),
(420, 'Marilyn', 'Berrey', 1997),
(421, 'Gaven', 'MacDaid', 2001),
(422, 'Harlen', 'Dyer', 2010),
(423, 'Claribel', 'Beggio', 2011),
(424, 'Elena', 'Whitnell', 2000),
(425, 'Morgan', 'Bliss', 2004),
(426, 'Chadd', 'Andersch', 2008),
(428, 'Jillene', 'Ellicock', 2006),
(429, 'Moina', 'Willock', 1995),
(430, 'Jefferson', 'Looker', 1999),
(433, 'Dal', 'Jirzik', 2001),
(434, 'Ade', 'Whiten', 1999),
(435, 'Dante', 'Reardon', 1999),
(436, 'Alicea', 'Insull', 2012),
(437, 'Archibald', 'Moulton', 2001),
(438, 'Mariya', 'McIver', 2007),
(439, 'Quinn', 'Dengel', 2012),
(440, 'Rayna', 'Stansby', 2001),
(441, 'Frankie', 'Wood', 1992),
(442, 'Marietta', 'Groves', 1996),
(443, 'Cassy', 'Babe', 1996),
(444, 'Ora', 'Drache', 2002),
(445, 'Tabbi', 'Chessel', 2010),
(446, 'Antonin', 'Meineking', 1995),
(447, 'Lotti', 'Phythien', 1996),
(448, 'Erny', 'Brodhead', 2002),
(449, 'Trever', 'Coupland', 1992),
(450, 'Lorettalorna', 'Silverman', 2012),
(451, 'Lyda', 'Deabill', 2002),
(452, 'Midge', 'Cliburn', 1996),
(453, 'Mellicent', 'Carrick', 1993),
(454, 'Galvin', 'Gaskin', 2012),
(455, 'Sileas', 'Olpin', 1996),
(456, 'Riva', 'Gonsalo', 2004),
(457, 'Ethelda', 'Hearst', 2011),
(458, 'Georges', 'Aldam', 1990),
(459, 'Courtney', 'Saker', 2013),
(461, 'Cesare', 'Dingsdale', 2009),
(462, 'Drucy', 'Padginton', 1997),
(463, 'Kaylil', 'Wildsmith', 2005),
(464, 'Rozanna', 'Iczokvitz', 2012),
(465, 'Lian', 'Barrell', 1996),
(467, 'Nancy', 'Pagin', 2011),
(468, 'Lyell', 'Elderfield', 1994),
(469, 'Odey', 'Scroxton', 2010),
(470, 'Sascha', 'Brimmacombe', 2006),
(471, 'Vinnie', 'Legate', 2000),
(473, 'Nicolais', 'Plaice', 2011),
(474, 'Burnaby', 'Batchan', 1995),
(476, 'Kaile', 'Truggian', 2008),
(477, 'Maryrose', 'Cuthbertson', 2010),
(478, 'Mano', 'Philipet', 1997),
(479, 'Felicle', 'Syred', 2004),
(480, 'Auberta', 'Nardi', 2011),
(481, 'Hobart', 'Minker', 2009),
(482, 'Chere', 'Ertel', 2006),
(484, 'Glenine', 'Klimschak', 2012),
(485, 'Ennis', 'O\'Fihillie', 2009),
(486, 'Mariam', 'Lead', 2012),
(488, 'Cinderella', 'Semper', 2002),
(489, 'Kerri', 'Killner', 2000),
(490, 'Heidi', 'Mahmood', 1998),
(491, 'Kip', 'Breagan', 2005),
(492, 'Bonni', 'Claus', 2002),
(493, 'Pat', 'Benneyworth', 1998),
(494, 'Mickie', 'Dericot', 2007),
(495, 'Erastus', 'Tarpey', 2010),
(496, 'Helaina', 'Brandt', 2002),
(498, 'Tan', 'Pestridge', 2003),
(499, 'Katharina', 'Lexa', 2012),
(500, 'Nels', 'Gentry', 2010),
(501, 'Robin', 'Butterfill', 2010),
(502, 'Tyson', 'Woolgar', 1994),
(503, 'Hermine', 'Snoddin', 2004),
(504, 'Germaine', 'Ferson', 2000),
(505, 'Kinnie', 'Secrett', 2007),
(506, 'Elvera', 'Gasnoll', 1997),
(507, 'Berte', 'Widdup', 2003),
(508, 'Trish', 'Tiptaft', 2008),
(509, 'Brandy', 'Hyde-Chambers', 1990),
(510, 'Charmian', 'Monni', 1999),
(511, 'Murielle', 'Meagher', 1991),
(512, 'Florence', 'Pasmore', 1993),
(513, 'Derby', 'Wayland', 1998),
(514, 'Merell', 'Maria', 2012),
(515, 'Karon', 'Hocking', 1997),
(517, 'Lammond', 'Kondratyuk', 1995),
(518, 'Sascha', 'Yexley', 1992),
(519, 'Wolf', 'Tickel', 2002),
(520, 'Alard', 'Jude', 2012),
(521, 'Ashla', 'Revely', 2004),
(522, 'Donni', 'Jeandel', 2008),
(523, 'Willi', 'Peggs', 2007),
(524, 'Megen', 'Spofford', 2006),
(525, 'Sheree', 'Speedin', 1990),
(526, 'Yvonne', 'Shorey', 2008),
(527, 'Ichabod', 'Buggs', 2002),
(528, 'Evy', 'Risely', 2004),
(529, 'Gaby', 'Robbeke', 2000),
(530, 'Annadiana', 'Skechley', 1999),
(531, 'Naomi', 'De La Salle', 1995),
(532, 'Aleda', 'Waite', 2003),
(533, 'Sander', 'Flisher', 1993),
(534, 'Brooke', 'Eyres', 2010),
(536, 'Eulalie', 'Tappin', 2007),
(537, 'Hayes', 'Jenkyn', 2003),
(538, 'Lyndsey', 'Dadswell', 1992),
(539, 'Boyce', 'Goman', 2005),
(541, 'Malissia', 'Clere', 2012),
(542, 'Jillie', 'Lecount', 2009),
(543, 'Lara', 'Shieldon', 2006),
(544, 'Man', 'Carillo', 2010),
(545, 'Ogdan', 'Schuh', 1994),
(546, 'Anthea', 'Tuck', 1994),
(547, 'Vito', 'Asaaf', 1992),
(548, 'Anette', 'Braxton', 1993),
(549, 'Grace', 'Foley', 1995),
(550, 'Geno', 'Indge', 2001),
(551, 'Boot', 'Winchcomb', 2006),
(552, 'Sheffy', 'Paige', 1998),
(553, 'Alecia', 'Hurford', 1998),
(554, 'Kiele', 'Rebbeck', 2010),
(555, 'Hatty', 'Rawcliffe', 2003),
(556, 'Nonnah', 'Rubury', 1995),
(558, 'Wandie', 'Siaspinski', 2007),
(559, 'Burlie', 'Alenov', 2006),
(562, 'Dotti', 'Cookley', 1992),
(563, 'Marney', 'McQuie', 1992),
(564, 'Georgine', 'Hacksby', 2006),
(565, 'Malcolm', 'Fulep', 2010),
(568, 'Wyatan', 'Wattinham', 2002),
(570, 'Carlynn', 'Easdon', 1995),
(571, 'Dominica', 'Takis', 2012),
(572, 'Ruthi', 'Kroll', 2002),
(573, 'Lavina', 'O\'Moylane', 2002),
(574, 'Agnella', 'Starmore', 2005),
(575, 'Lev', 'Gullick', 2010),
(576, 'Roana', 'Hastler', 1998),
(577, 'Dedie', 'Innman', 2004),
(578, 'Auroora', 'Krollmann', 2002),
(579, 'Abe', 'Birchner', 2003),
(580, 'Witty', 'Carman', 2010),
(581, 'Felicio', 'Aindrais', 2012),
(582, 'Livvy', 'Benez', 2006),
(583, 'Cosetta', 'Genge', 2010),
(584, 'Grant', 'Auden', 2007),
(586, 'Anna-diana', 'Ottey', 1999),
(588, 'Maurine', 'Casson', 1997),
(589, 'Gideon', 'Ash', 2012),
(590, 'Gal', 'Keel', 1997),
(591, 'Veronike', 'Lewsey', 1993),
(593, 'Cristin', 'Thurlborn', 1991),
(594, 'Addy', 'Gelardi', 2007),
(595, 'Andie', 'Allsep', 2007),
(596, 'Kevina', 'Bewick', 2005),
(597, 'Isabelita', 'McTaggart', 1999),
(598, 'Roanne', 'Vellden', 1997),
(599, 'Nickolaus', 'Rama', 2006),
(600, 'Lynne', 'Jodkowski', 2001),
(601, 'Kenton', 'Scriviner', 2009),
(602, 'Dorita', 'Mosby', 2000),
(603, 'Mitzi', 'Norgate', 2001),
(604, 'Guendolen', 'Daber', 2007),
(605, 'Cicely', 'Kubas', 2003),
(606, 'Guido', 'Flinn', 2008),
(607, 'Genvieve', 'Ambresin', 2004),
(608, 'Lucio', 'Vasyunichev', 2003),
(609, 'Selby', 'Matejovsky', 1996),
(611, 'Robinet', 'Sells', 2008),
(612, 'Daisie', 'Clewarth', 2001),
(613, 'Cleveland', 'Tabard', 2007),
(614, 'Winifield', 'Strother', 2009),
(615, 'Althea', 'Leyman', 2001),
(616, 'Silvana', 'St Pierre', 1996),
(617, 'Frasier', 'Elham', 1989),
(618, 'Bevon', 'Danigel', 2010),
(619, 'Miguel', 'Kaindl', 2005),
(620, 'Rosamond', 'Deyes', 2012),
(621, 'Silvanus', 'McSwan', 2009),
(622, 'Devin', 'Stoffel', 1993),
(623, 'Vernen', 'Breagan', 2009),
(624, 'Abigale', 'Pietsma', 2007),
(625, 'Ray', 'Daborne', 2005),
(626, 'Rudd', 'Bigley', 2004),
(627, 'Katerine', 'Bradbury', 2000),
(628, 'Carole', 'Cattonnet', 2007),
(629, 'Kirbee', 'McCool', 2007),
(630, 'Federica', 'Arrault', 2011),
(631, 'Mariya', 'Jeanenet', 2012),
(632, 'Ari', 'Bartzen', 2003),
(633, 'Dalt', 'Kettell', 2005),
(634, 'Jeddy', 'Balshen', 1997),
(635, 'Lefty', 'Rubinfeld', 1996),
(636, 'Townsend', 'Turrell', 2000),
(637, 'Vina', 'Funcheon', 2009),
(638, 'Lian', 'Morgen', 2009),
(639, 'Jaquenetta', 'Stickland', 1994),
(640, 'Ches', 'Stallebrass', 2005),
(641, 'Andre', 'Antognelli', 2003),
(642, 'Conny', 'Mansford', 1994),
(643, 'Philip', 'Josilevich', 2005),
(644, 'Hobart', 'Chatwood', 2010),
(645, 'Cliff', 'Pither', 2000),
(646, 'Nike', 'Jendrich', 2005),
(647, 'Cherice', 'Kuschek', 1997),
(648, 'Merrill', 'MacDonough', 1998),
(649, 'Viviana', 'Sapir', 2011),
(650, 'Nance', 'Chasney', 1996),
(651, 'Gratia', 'Cubuzzi', 2000),
(652, 'Joela', 'Gatman', 2005),
(653, 'Farlee', 'Coll', 1994),
(654, 'Sonia', 'Steketee', 1992),
(655, 'Gwendolin', 'Pabelik', 2011),
(656, 'Sebastian', 'MacKinnon', 2002),
(657, 'Peirce', 'Haddrell', 2008),
(658, 'Mandy', 'Frigout', 1990),
(660, 'Lorin', 'Britt', 1996),
(661, 'Aeriel', 'Harms', 2011),
(662, 'Berton', 'Rate', 2004),
(663, 'Nelly', 'Cumo', 2006),
(664, 'Carlee', 'De Andisie', 1992),
(665, 'Kristel', 'Peiser', 2010),
(666, 'Sim', 'Dell Casa', 1997),
(667, 'Trista', 'Richarson', 2010),
(669, 'Arty', 'Ruffy', 1993),
(670, 'Dianemarie', 'Tomich', 1995),
(671, 'Boniface', 'Millam', 2010),
(672, 'Henryetta', 'Brazenor', 1989),
(673, 'Marya', 'Sirmon', 2003),
(674, 'Marwin', 'Frascone', 2005),
(675, 'Jamaal', 'O\'Daly', 2010),
(676, 'Darin', 'Maymond', 2013),
(677, 'Logan', 'O\'Kynsillaghe', 2008),
(678, 'Brett', 'Rennick', 1989),
(679, 'Genni', 'Loude', 1994),
(680, 'Trace', 'Dahle', 1993),
(682, 'Matthaeus', 'Severwright', 2013),
(683, 'Willem', 'Hanning', 2011),
(684, 'Gian', 'Seaking', 1998),
(685, 'Timothea', 'Leving', 1992),
(686, 'Shea', 'Hemphill', 1994),
(687, 'Clywd', 'Bendel', 1992),
(689, 'Marjy', 'Beesley', 1995),
(690, 'Tan', 'Force', 2003),
(691, 'Shirline', 'Cary', 1997),
(692, 'Jenifer', 'Beri', 2009),
(693, 'Giselbert', 'Fogel', 2011),
(694, 'Flint', 'Milbourne', 2009),
(695, 'Payton', 'Sherebrook', 2007),
(696, 'Filia', 'Shucksmith', 1989),
(697, 'Gennie', 'Janson', 2006),
(698, 'Flint', 'Gavrielly', 2012),
(699, 'Norbie', 'Gauden', 2006),
(700, 'Rosetta', 'Kilpin', 1992),
(701, 'Cass', 'Birtles', 2003),
(702, 'Leeanne', 'Bodicam', 1996),
(703, 'Jerri', 'Jarritt', 2007),
(704, 'Maurine', 'McFade', 2004),
(705, 'Sheridan', 'Muckley', 2004),
(706, 'Tabbatha', 'Maffey', 2003),
(707, 'Zitella', 'Moroney', 1997),
(708, 'Alberik', 'Idel', 1995),
(709, 'Tabby', 'Honnicott', 2005),
(710, 'Gregory', 'Hamsley', 1999),
(711, 'Katharine', 'Avraam', 2011),
(712, 'Marcus', 'Forten', 2006),
(713, 'Bobbe', 'Signore', 2001),
(714, 'Brigitta', 'Chellam', 2005),
(715, 'Hope', 'Palke', 1992),
(716, 'Maura', 'Reardon', 2006),
(717, 'Hunfredo', 'Kerwen', 1998),
(718, 'Cullie', 'Quinnet', 2009),
(719, 'Tessy', 'Petrov', 1993),
(720, 'Tyson', 'Osichev', 2002),
(721, 'Camala', 'Reiners', 2000),
(723, 'Cynthie', 'Dopson', 2004),
(724, 'Quentin', 'McGillreich', 2004),
(725, 'Daren', 'Wyld', 2006),
(726, 'Kipper', 'Dinjes', 1996),
(727, 'Nickie', 'Hartnup', 2003),
(728, 'Erinn', 'Baszniak', 1999),
(729, 'Dion', 'MacGee', 2010),
(730, 'Jo-ann', 'Been', 2001),
(731, 'Robinett', 'Trulocke', 2003),
(732, 'Zita', 'Leftbridge', 2008),
(733, 'Olympia', 'Nagle', 2010),
(735, 'Ode', 'Sames', 2010),
(736, 'Pierette', 'Briscow', 2000),
(737, 'Trace', 'Ferrarotti', 2007),
(739, 'Ddene', 'Bruhnke', 1995),
(740, 'Valida', 'McFee', 1992),
(741, 'Agnese', 'Crufts', 2011),
(742, 'Shae', 'Farmer', 2004),
(743, 'Carlynne', 'Patise', 2009),
(744, 'Lonnie', 'Alflatt', 2006),
(745, 'Lewiss', 'Barratt', 2012),
(746, 'Ophelie', 'Lambrechts', 1990),
(748, 'Gun', 'Iacovelli', 1992),
(749, 'Alair', 'Arnaez', 2012),
(752, 'Ange', 'Bortol', 2005),
(753, 'Irene', 'McFadden', 2008),
(754, 'Dennet', 'McSkin', 1997),
(755, 'Cariotta', 'Pilcher', 2003),
(756, 'Riannon', 'Harbottle', 1997),
(757, 'Lambert', 'Coundley', 1990),
(758, 'Sheela', 'Holbarrow', 2003),
(759, 'Desmund', 'Woodvine', 2003),
(760, 'Karna', 'Sackett', 1998),
(761, 'Patrice', 'Schultze', 2008),
(763, 'Sidonnie', 'Howler', 2009),
(764, 'Zabrina', 'Gabbetis', 1990),
(765, 'Elvin', 'Leirmonth', 2004),
(766, 'Sherlocke', 'Widmore', 2011),
(767, 'Gregory', 'Drury', 1997),
(768, 'Mel', 'Huie', 2011),
(769, 'Calhoun', 'Dimmer', 2006),
(770, 'Loreen', 'Haffard', 1998),
(771, 'Gennifer', 'Nigh', 2008),
(772, 'Panchito', 'Durnan', 2008),
(773, 'Orly', 'Gerhold', 1992),
(774, 'Ronica', 'Brusle', 2007),
(775, 'Lyn', 'Izhaky', 2001),
(776, 'Jeromy', 'Sieve', 1991),
(777, 'Rudolph', 'Skene', 1991),
(778, 'Oliy', 'Buddle', 2009),
(779, 'Tibold', 'Lummis', 1992),
(780, 'Deane', 'Ludee', 2004),
(781, 'Barnabas', 'O\'Loghlen', 2005),
(782, 'Courtnay', 'Curado', 2005),
(783, 'Bernhard', 'Billborough', 2007),
(784, 'Chelsey', 'Benes', 1993),
(786, 'Anatola', 'Callendar', 2001),
(787, 'Vannie', 'Macon', 1994),
(788, 'Berkly', 'Reed', 2002),
(789, 'Jillian', 'Duchant', 2009),
(790, 'Isobel', 'O\'Cannon', 1991),
(791, 'Amalie', 'Exley', 2010),
(792, 'Tabbatha', 'Hukin', 2006),
(793, 'Kendal', 'Kaliszewski', 1995),
(794, 'Hamid', 'Lebbon', 1997),
(795, 'Delila', 'Keeble', 1999),
(796, 'Barbara-anne', 'McVaugh', 2008),
(797, 'Diarmid', 'Benech', 1989),
(798, 'Harrie', 'Minney', 2007),
(799, 'Charmion', 'De Meis', 1993),
(800, 'Dynah', 'Battill', 1996),
(801, 'Simeon', 'Grimmer', 1994),
(802, 'Ardelia', 'Ellams', 2005),
(803, 'Zane', 'Tizzard', 2009),
(805, 'Tabatha', 'Zanni', 2009),
(806, 'Karisa', 'McDugal', 2008),
(807, 'Dwayne', 'Nosworthy', 2006),
(808, 'Jacob', 'Jouandet', 1992),
(809, 'Mackenzie', 'McDowell', 2003),
(810, 'Delcina', 'Boar', 2010),
(811, 'Tallou', 'Cressar', 1996),
(812, 'Gayelord', 'Le Gassick', 1994),
(813, 'Lilyan', 'Illingworth', 2011),
(815, 'Carlie', 'McTavish', 1998),
(816, 'Davine', 'Usborn', 1989),
(817, 'Donni', 'Cocking', 2007),
(818, 'Asa', 'Gover', 1994),
(819, 'Aviva', 'Mepsted', 2007),
(820, 'Viviana', 'Giveen', 1998),
(821, 'Pembroke', 'Haslen', 1993),
(823, 'Bebe', 'McFee', 2000),
(824, 'Casandra', 'Crossgrove', 2003),
(825, 'Abbe', 'Reichelt', 2008),
(826, 'Jessy', 'Lantaff', 1994),
(828, 'Jackie', 'Sawnwy', 2004),
(829, 'Caryl', 'Ganniclifft', 2006),
(830, 'Scarface', 'Tongue', 1989),
(831, 'Dannye', 'Coryndon', 2004),
(832, 'Binky', 'Fishbourne', 2003),
(833, 'Nial', 'McGebenay', 1999),
(834, 'Rickie', 'Maffione', 2000),
(836, 'Rutledge', 'Dingwall', 2007),
(837, 'Carr', 'Nozzolii', 1989),
(838, 'Nigel', 'Botly', 2008),
(840, 'Florence', 'Lapworth', 1990),
(841, 'Alane', 'Daud', 1997),
(842, 'Bernadene', 'Tuxill', 1996),
(843, 'Shayne', 'Willoughby', 2010),
(844, 'Ola', 'Prenty', 2004),
(845, 'Zsazsa', 'Phillins', 2005),
(846, 'Codie', 'Woodfield', 2009),
(848, 'Bobbie', 'Yair', 2006),
(849, 'Lianna', 'Foulcher', 2008),
(850, 'Westbrook', 'Dwyer', 2009),
(851, 'Shirleen', 'Beare', 2002),
(852, 'Violetta', 'Cowtherd', 2007),
(853, 'Nike', 'Ponnsett', 1994),
(854, 'Dag', 'Carlon', 1992),
(855, 'Cullin', 'Bingall', 2010),
(856, 'Garald', 'Naisbit', 2003),
(857, 'Myles', 'Heugel', 2011),
(858, 'Edd', 'Grolle', 1997),
(859, 'Abagael', 'MacKimmie', 2000),
(860, 'Minny', 'Marcq', 2006),
(862, 'Ronny', 'Compton', 1992),
(863, 'Howie', 'Rutland', 2008),
(864, 'Yulma', 'Hatzar', 2000),
(865, 'Sybil', 'Gisbey', 2008),
(866, 'Sibel', 'Cawthron', 2005),
(867, 'Alistair', 'MacGoun', 1995),
(868, 'Sammy', 'Howden', 2003),
(869, 'Celestyn', 'Royce', 2011),
(870, 'Dolorita', 'Andreev', 1989),
(871, 'Nial', 'Salzburg', 1996),
(872, 'Pebrook', 'Lindhe', 2005),
(873, 'Natassia', 'Waterworth', 2010),
(874, 'Leelah', 'O\'Hagerty', 2004),
(875, 'Duffy', 'Rowes', 1996),
(876, 'Inness', 'Smurfitt', 2010),
(877, 'Eddie', 'Cleaves', 1997),
(878, 'Dorian', 'Bycraft', 1993),
(879, 'Daryle', 'Blacktin', 1999),
(880, 'Wadsworth', 'McHenry', 2012),
(881, 'Irv', 'Stalf', 2000),
(882, 'Gabriele', 'Mullineux', 2006),
(883, 'Aharon', 'Kingswoode', 1994),
(884, 'Bartie', 'Laban', 2001),
(885, 'Sheelah', 'Currie', 1996),
(886, 'Rowen', 'Spoors', 2001),
(887, 'Rafaela', 'Terzza', 2000),
(888, 'Gerick', 'Ireland', 1999),
(889, 'Jori', 'Chicchetto', 2004),
(890, 'Roxy', 'McCord', 2011),
(891, 'Federica', 'Males', 2006),
(892, 'Osgood', 'Downing', 2010),
(893, 'Kassi', 'Franchi', 2007),
(894, 'Roxanna', 'Knight', 2000),
(895, 'Collette', 'Nunnerley', 2004),
(896, 'Arleta', 'McCraw', 2009),
(897, 'Orelie', 'Addinall', 1994),
(898, 'Rori', 'Maps', 2010),
(899, 'Herve', 'Longley', 2011),
(900, 'Marthena', 'Huffa', 1996),
(901, 'Tanhya', 'Olfert', 2008),
(902, 'Brendis', 'Kennington', 2005),
(904, 'Deina', 'Bridywater', 2002),
(905, 'Netta', 'McMurty', 2012),
(906, 'Rip', 'Thorogood', 1991),
(907, 'Denis', 'Able', 2005),
(908, 'Serge', 'Caistor', 2009),
(909, 'Ainslee', 'Deathridge', 2004),
(911, 'Lucho', 'Coare', 1994),
(912, 'Mikel', 'Cuchey', 2003),
(913, 'Jilli', 'Danks', 2006),
(914, 'Tabbatha', 'Huster', 1995),
(915, 'Lyn', 'Tobin', 1994),
(916, 'Sheri', 'Scothorne', 1998),
(917, 'Serene', 'Wandrich', 2009),
(918, 'Ros', 'Toulch', 1995),
(919, 'Ophelia', 'Carrol', 1997),
(920, 'Kalila', 'Gobeaux', 1990),
(921, 'Grazia', 'Auguste', 1989),
(922, 'Lucas', 'Dabbes', 2006),
(923, 'Wheeler', 'Lanaway', 2002),
(924, 'Gabriel', 'Petrushka', 2005),
(925, 'Janot', 'Rabat', 2006),
(926, 'Moise', 'Barabich', 2005),
(927, 'Hesther', 'Server', 2012),
(928, 'Jeromy', 'Chittem', 2012),
(929, 'Dore', 'Kingett', 2006),
(930, 'Kaja', 'Rumney', 2012),
(931, 'Zach', 'Whiles', 2001),
(932, 'Giustino', 'Gainsborough', 1992),
(933, 'Jewelle', 'Sinnat', 2003),
(934, 'Lisle', 'Bumpus', 2011),
(935, 'Corrina', 'Anning', 2007),
(936, 'Elyn', 'Hackford', 1993),
(937, 'Nikkie', 'Lunk', 1998),
(938, 'Oberon', 'Como', 2000),
(939, 'Daffi', 'Bjerkan', 2002),
(940, 'Ernie', 'Jedrasik', 2004),
(941, 'Krista', 'Grattan', 2010),
(942, 'Bowie', 'Congreve', 1995),
(943, 'Rosalie', 'Bleackly', 1996),
(944, 'Dianemarie', 'Oblein', 2001),
(945, 'Fairfax', 'Dickings', 1996),
(946, 'Tallou', 'Ciric', 1998),
(947, 'Shelley', 'Sullly', 2010),
(948, 'Dulcie', 'Mazzeo', 2004),
(949, 'Mair', 'Mesias', 2001),
(950, 'Siouxie', 'Dominicacci', 1993),
(951, 'Haskel', 'Hens', 1998),
(952, 'Hallsy', 'Barley', 2011),
(953, 'Magdaia', 'Amsberger', 2000),
(954, 'Garret', 'Petracco', 1992),
(955, 'Zarah', 'McAirt', 2011),
(957, 'Valentine', 'Tewkesberry', 2012),
(959, 'Ulrick', 'Teall', 1999),
(960, 'Aggie', 'Kennefick', 2012),
(961, 'Sydney', 'von Grollmann', 2007),
(962, 'Leodora', 'Wadge', 1999),
(964, 'Etty', 'Bielefeld', 1992),
(965, 'Sergio', 'Hallor', 2002),
(966, 'Fedora', 'Valentinetti', 2005),
(967, 'Erena', 'Dessent', 2012),
(968, 'Bernadine', 'Cossell', 2009),
(970, 'Joete', 'Glander', 2009),
(971, 'Bobbe', 'Dorricott', 2000),
(972, 'Fraser', 'Singh', 1999),
(973, 'Avery', 'Odger', 1997),
(975, 'Monte', 'Herreros', 1996),
(976, 'Gertrude', 'Lathe', 2003),
(977, 'Augy', 'Sinderland', 2006),
(978, 'Delano', 'Allsopp', 2008),
(979, 'Blondy', 'Marousek', 2007),
(980, 'Anabal', 'Pasby', 1997),
(982, 'Suzi', 'Warcop', 1999),
(983, 'Andrew', 'Goodridge', 1993),
(984, 'Vale', 'Moorcraft', 2002),
(985, 'Tonia', 'Ibeson', 1993),
(986, 'Bjorn', 'Greiser', 1996),
(987, 'Ly', 'Jekyll', 1993),
(988, 'Philly', 'Willbourne', 1997),
(989, 'Murial', 'Fredi', 2009),
(990, 'Cully', 'Hiers', 1998),
(991, 'Peter', 'Mohring', 2008),
(992, 'Renell', 'Maclean', 1995),
(993, 'Janela', 'Tripett', 1996),
(995, 'Cinnamon', 'Sowman', 1999),
(996, 'Beilul', 'Senten', 2004),
(999, 'Danni', 'Cudde', 2000),
(1000, 'Morgana', 'Pieroni', 2008);

-- --------------------------------------------------------

--
-- Table structure for table `test`
--

CREATE TABLE `test` (
  `test_id` int(11) NOT NULL,
  `test_time` time DEFAULT NULL,
  `test_date` date DEFAULT NULL,
  `course_id` int(11) DEFAULT NULL
) ENGINE=InnoDB DEFAULT CHARSET=utf8mb4 COLLATE=utf8mb4_general_ci;

--
-- Dumping data for table `test`
--

INSERT INTO `test` (`test_id`, `test_time`, `test_date`, `course_id`) VALUES
(1, '02:49:00', '2023-06-08', 35),
(2, '11:23:00', '2023-10-22', 283),
(3, '04:45:00', '2024-05-05', 217),
(4, '04:26:00', '2023-07-16', 383),
(5, '07:19:00', '2024-02-24', 45),
(6, '06:18:00', '2023-11-06', 408),
(7, '08:32:00', '2023-07-20', 281),
(8, '07:45:00', '2023-08-11', 705),
(10, '02:23:00', '2024-03-17', 173),
(11, '03:06:00', '2024-02-07', 766),
(12, '04:12:00', '2023-10-07', 29),
(13, '12:57:00', '2023-09-16', 471),
(14, '11:01:00', '2024-05-13', 525),
(16, '08:44:00', '2024-01-09', 490),
(17, '10:45:00', '2024-02-29', 291),
(18, '11:18:00', '2023-11-23', 39),
(19, '02:56:00', '2024-03-21', 552),
(20, '12:58:00', '2024-02-21', 829),
(22, '05:31:00', '2023-11-29', 227),
(24, '02:11:00', '2024-04-29', 697),
(25, '08:56:00', '2023-09-14', 455),
(26, '12:58:00', '2024-02-11', 139),
(27, '11:07:00', '2023-10-06', 960),
(30, '10:53:00', '2024-04-11', 26),
(31, '07:53:00', '2023-10-02', 905),
(32, '11:11:00', '2023-08-06', 939),
(33, '03:59:00', '2023-10-26', 153),
(35, '11:59:00', '2023-06-19', 461),
(36, '05:27:00', '2023-09-16', 116),
(37, '07:55:00', '2023-08-16', 798),
(38, '04:38:00', '2024-02-04', 427),
(39, '06:23:00', '2024-01-18', 764),
(40, '07:17:00', '2023-11-08', 203),
(41, '06:24:00', '2024-02-28', 283),
(42, '12:48:00', '2024-02-21', 118),
(43, '09:14:00', '2024-02-19', 24),
(44, '01:54:00', '2023-08-03', 343),
(45, '12:19:00', '2023-12-05', 622),
(46, '10:18:00', '2024-05-20', 767),
(47, '10:20:00', '2024-02-08', 828),
(49, '06:34:00', '2023-07-17', 795),
(50, '07:31:00', '2024-02-17', 883),
(51, '07:32:00', '2024-05-02', 855),
(52, '06:01:00', '2024-01-14', 531),
(53, '02:26:00', '2023-06-12', 739),
(54, '05:34:00', '2024-03-31', 856),
(55, '08:11:00', '2024-02-05', 470),
(56, '05:26:00', '2023-11-07', 717),
(57, '02:42:00', '2023-06-07', 280),
(58, '11:57:00', '2023-11-12', 342),
(59, '01:10:00', '2023-12-05', 442),
(60, '07:18:00', '2023-08-30', 682),
(62, '02:52:00', '2023-09-16', 499),
(63, '11:05:00', '2023-12-10', 4),
(64, '05:59:00', '2024-03-08', 699),
(66, '03:06:00', '2023-09-02', 726),
(67, '12:00:00', '2023-12-09', 280),
(68, '11:56:00', '2023-08-08', 599),
(69, '10:05:00', '2023-07-17', 484),
(70, '12:14:00', '2023-06-07', 218),
(71, '08:22:00', '2023-12-05', 741),
(73, '03:39:00', '2023-11-25', 671),
(74, '07:40:00', '2023-10-13', 622),
(75, '09:11:00', '2023-07-10', 27),
(76, '05:14:00', '2023-07-23', 905),
(79, '01:13:00', '2023-08-01', 665),
(80, '02:20:00', '2024-02-13', 546),
(81, '05:25:00', '2023-06-16', 535),
(82, '10:06:00', '2023-08-02', 519),
(83, '06:58:00', '2024-04-17', 747),
(84, '01:29:00', '2024-05-15', 19),
(85, '05:27:00', '2024-04-09', 907),
(86, '12:36:00', '2023-12-12', 906),
(87, '07:29:00', '2024-05-26', 371),
(88, '12:00:00', '2023-07-28', 861),
(89, '03:01:00', '2024-05-07', 376),
(90, '03:37:00', '2024-01-11', 724),
(91, '07:51:00', '2023-11-04', 223),
(92, '08:16:00', '2023-10-31', 217),
(93, '12:29:00', '2024-04-11', 391),
(94, '04:07:00', '2024-05-13', 907),
(95, '10:07:00', '2023-12-21', 932),
(96, '03:54:00', '2023-11-06', 802),
(97, '05:13:00', '2023-12-29', 760),
(98, '04:53:00', '2023-12-14', 674),
(99, '11:53:00', '2024-02-02', 737),
(100, '10:22:00', '2024-03-15', 648),
(101, '03:10:00', '2023-12-02', 147),
(102, '07:21:00', '2023-07-03', 87),
(104, '08:20:00', '2023-12-11', 362),
(105, '05:09:00', '2023-08-21', 193),
(106, '09:18:00', '2023-11-27', 795),
(107, '09:58:00', '2024-03-14', 731),
(108, '05:01:00', '2024-01-31', 377),
(109, '09:28:00', '2024-05-09', 516),
(110, '07:38:00', '2023-11-25', 609),
(111, '12:55:00', '2024-02-12', 707),
(113, '05:50:00', '2023-08-13', 216),
(114, '03:19:00', '2024-03-13', 191),
(117, '07:37:00', '2023-06-20', 357),
(118, '10:42:00', '2024-05-09', 503),
(119, '11:53:00', '2023-11-20', 211),
(120, '01:09:00', '2023-06-26', 208),
(121, '02:50:00', '2023-12-06', 17),
(123, '02:03:00', '2024-05-23', 276),
(124, '02:11:00', '2024-05-15', 691),
(125, '12:06:00', '2024-01-17', 739),
(126, '01:15:00', '2023-11-23', 927),
(127, '03:15:00', '2023-07-10', 276),
(128, '09:40:00', '2023-07-15', 732),
(129, '02:19:00', '2024-02-28', 525),
(130, '01:42:00', '2023-08-14', 10),
(131, '03:58:00', '2023-06-05', 758),
(132, '12:39:00', '2024-03-19', 384),
(133, '08:14:00', '2023-12-03', 364),
(135, '06:42:00', '2023-06-28', 272),
(136, '04:51:00', '2023-12-06', 905),
(137, '07:50:00', '2024-04-17', 914),
(138, '02:29:00', '2023-07-12', 89),
(140, '06:42:00', '2023-08-08', 671),
(141, '04:20:00', '2023-12-30', 415),
(143, '12:30:00', '2024-04-06', 675),
(144, '03:46:00', '2023-11-01', 121),
(145, '02:17:00', '2023-06-17', 205),
(146, '01:52:00', '2023-10-14', 434),
(147, '10:41:00', '2023-09-08', 615),
(148, '07:57:00', '2023-08-19', 571),
(149, '08:37:00', '2023-08-27', 500),
(150, '05:52:00', '2024-01-28', 879),
(151, '07:16:00', '2023-10-28', 271),
(154, '04:55:00', '2024-05-26', 832),
(155, '03:11:00', '2024-04-01', 76),
(156, '10:38:00', '2024-02-16', 334),
(157, '12:09:00', '2023-08-04', 790),
(158, '03:27:00', '2023-06-16', 750),
(159, '09:36:00', '2023-12-12', 855),
(160, '12:14:00', '2023-08-01', 496),
(161, '12:37:00', '2023-05-27', 645),
(162, '05:40:00', '2023-06-05', 96),
(163, '12:30:00', '2024-03-08', 109),
(164, '05:23:00', '2023-11-07', 400),
(165, '06:47:00', '2024-03-18', 896),
(167, '09:30:00', '2023-12-11', 778),
(168, '07:12:00', '2023-07-09', 705),
(169, '10:11:00', '2024-02-07', 181),
(170, '10:11:00', '2023-10-10', 552),
(171, '04:52:00', '2024-04-20', 82),
(173, '09:56:00', '2024-05-07', 52),
(174, '02:20:00', '2024-03-27', 271),
(175, '02:39:00', '2024-01-01', 88),
(176, '12:12:00', '2024-05-16', 426),
(177, '10:06:00', '2023-12-04', 581),
(178, '03:53:00', '2023-08-29', 679),
(180, '11:25:00', '2024-05-15', 458),
(181, '10:32:00', '2023-07-29', 205),
(183, '11:45:00', '2024-05-05', 397),
(184, '06:55:00', '2024-05-13', 53),
(185, '08:33:00', '2023-10-10', 937),
(186, '10:05:00', '2024-04-06', 818),
(187, '07:22:00', '2024-01-20', 349),
(188, '04:52:00', '2024-05-19', 468),
(189, '09:32:00', '2023-08-22', 759),
(191, '07:51:00', '2023-08-31', 526),
(192, '04:32:00', '2023-10-02', 373),
(193, '02:42:00', '2023-06-06', 69),
(195, '12:55:00', '2024-01-01', 182),
(196, '05:03:00', '2023-10-28', 498),
(197, '07:54:00', '2023-07-20', 504),
(198, '08:27:00', '2023-11-11', 184),
(200, '03:41:00', '2024-05-02', 794),
(201, '04:51:00', '2023-11-12', 609),
(202, '08:52:00', '2023-06-01', 437),
(203, '12:28:00', '2023-06-09', 538),
(204, '05:37:00', '2024-04-12', 960),
(205, '02:52:00', '2023-06-06', 312),
(206, '09:43:00', '2023-06-16', 109),
(207, '12:28:00', '2023-08-11', 429),
(208, '05:23:00', '2023-06-20', 64),
(209, '05:33:00', '2024-04-24', 502),
(210, '10:25:00', '2024-03-23', 931),
(211, '04:16:00', '2023-10-21', 57),
(212, '06:51:00', '2024-03-28', 252),
(213, '04:13:00', '2023-12-15', 645),
(214, '03:35:00', '2023-10-14', 480),
(215, '08:36:00', '2023-09-10', 82),
(218, '11:55:00', '2023-10-26', 904),
(219, '04:45:00', '2023-10-11', 563),
(220, '08:14:00', '2023-09-13', 123),
(221, '11:51:00', '2023-07-31', 344),
(223, '05:10:00', '2023-12-23', 718),
(224, '08:20:00', '2024-01-22', 465),
(225, '02:28:00', '2024-03-02', 910),
(227, '05:30:00', '2024-04-28', 826),
(228, '12:57:00', '2023-08-29', 229),
(229, '08:06:00', '2023-06-01', 292),
(230, '06:04:00', '2024-01-22', 163),
(232, '11:22:00', '2023-07-07', 948),
(235, '10:54:00', '2023-09-09', 544),
(236, '10:43:00', '2024-05-20', 605),
(237, '06:33:00', '2024-01-03', 799),
(238, '01:12:00', '2024-03-08', 769),
(239, '02:55:00', '2023-12-27', 135),
(240, '08:03:00', '2024-02-07', 100),
(241, '02:23:00', '2023-07-02', 735),
(242, '11:49:00', '2023-07-31', 154),
(243, '03:46:00', '2023-09-23', 657),
(244, '11:46:00', '2023-12-17', 197),
(245, '08:49:00', '2023-06-09', 807),
(246, '08:32:00', '2023-09-29', 148),
(247, '08:34:00', '2023-12-10', 28),
(249, '02:31:00', '2024-02-19', 371),
(250, '11:48:00', '2024-05-07', 322),
(251, '09:07:00', '2023-11-02', 701),
(252, '10:36:00', '2023-07-07', 857),
(253, '03:15:00', '2023-07-03', 458),
(254, '12:48:00', '2023-11-05', 334),
(255, '04:40:00', '2023-08-12', 658),
(256, '07:02:00', '2024-03-22', 195),
(257, '07:21:00', '2023-06-24', 383),
(258, '03:18:00', '2023-06-12', 140),
(260, '08:52:00', '2024-02-21', 74),
(261, '11:35:00', '2023-10-08', 549),
(265, '08:11:00', '2023-10-07', 510),
(266, '01:49:00', '2023-06-21', 512),
(268, '10:18:00', '2023-12-06', 545),
(269, '02:46:00', '2023-07-22', 87),
(270, '09:24:00', '2024-05-07', 885),
(271, '06:16:00', '2024-03-10', 796),
(273, '12:13:00', '2023-10-22', 19),
(275, '01:53:00', '2023-07-23', 4),
(276, '05:42:00', '2023-06-01', 295),
(277, '12:46:00', '2023-07-02', 28),
(278, '02:55:00', '2023-11-28', 707),
(280, '04:29:00', '2024-04-18', 625),
(281, '08:56:00', '2024-01-10', 500),
(282, '03:03:00', '2024-05-18', 161),
(283, '09:36:00', '2023-09-12', 691),
(284, '07:39:00', '2023-08-27', 485),
(286, '03:04:00', '2024-04-17', 103),
(287, '02:48:00', '2024-05-17', 462),
(288, '03:07:00', '2024-05-19', 393),
(289, '11:14:00', '2023-12-13', 639),
(290, '11:26:00', '2023-11-01', 690),
(291, '04:29:00', '2024-01-23', 288),
(293, '02:27:00', '2023-11-26', 227),
(294, '09:09:00', '2023-09-10', 654),
(295, '01:43:00', '2023-10-24', 471),
(296, '05:53:00', '2024-04-06', 441),
(297, '08:08:00', '2023-11-26', 600),
(298, '07:57:00', '2024-01-19', 656),
(299, '09:35:00', '2023-08-28', 543),
(300, '10:28:00', '2023-11-26', 416),
(301, '10:40:00', '2023-07-15', 694),
(302, '04:05:00', '2024-04-25', 370),
(303, '03:01:00', '2023-08-14', 181),
(304, '03:22:00', '2023-10-06', 476),
(305, '01:54:00', '2024-02-19', 41),
(306, '04:13:00', '2023-10-15', 834),
(307, '08:59:00', '2023-09-25', 409),
(308, '01:06:00', '2023-12-28', 400),
(309, '03:34:00', '2023-08-31', 817),
(312, '03:18:00', '2024-01-19', 265),
(313, '03:10:00', '2024-02-13', 436),
(314, '03:44:00', '2023-09-16', 482),
(315, '04:21:00', '2024-03-10', 146),
(317, '01:26:00', '2023-08-12', 329),
(318, '11:41:00', '2023-08-10', 609),
(319, '06:06:00', '2024-03-07', 412),
(320, '04:19:00', '2024-02-05', 907),
(321, '11:32:00', '2024-01-06', 709),
(322, '02:27:00', '2024-01-21', 43),
(323, '12:53:00', '2023-07-29', 135),
(324, '11:10:00', '2024-04-08', 480),
(325, '09:27:00', '2024-05-23', 217),
(326, '05:14:00', '2023-09-16', 676),
(327, '08:53:00', '2023-09-12', 833),
(328, '03:54:00', '2023-09-07', 25),
(329, '04:20:00', '2023-08-17', 924),
(331, '10:07:00', '2023-10-02', 62),
(332, '01:09:00', '2023-09-19', 799),
(333, '12:05:00', '2023-11-08', 271),
(336, '10:23:00', '2023-12-10', 77),
(337, '01:04:00', '2024-03-26', 939),
(338, '10:35:00', '2023-06-16', 708),
(339, '01:47:00', '2023-09-15', 518),
(342, '12:52:00', '2024-03-10', 183),
(343, '11:44:00', '2024-05-16', 506),
(345, '06:15:00', '2024-04-23', 945),
(346, '04:10:00', '2024-03-27', 17),
(347, '10:11:00', '2023-07-21', 740),
(348, '04:07:00', '2023-12-20', 925),
(349, '06:03:00', '2024-01-17', 296),
(350, '05:53:00', '2024-05-16', 864),
(351, '01:42:00', '2023-07-01', 384),
(352, '12:27:00', '2023-06-23', 222),
(353, '03:06:00', '2024-02-17', 651),
(354, '02:05:00', '2024-01-27', 951),
(355, '06:06:00', '2023-12-07', 276),
(357, '09:39:00', '2024-05-11', 656),
(358, '03:07:00', '2023-12-14', 669),
(360, '05:24:00', '2024-04-14', 210),
(361, '08:49:00', '2023-12-03', 684),
(362, '07:17:00', '2024-03-09', 305),
(363, '11:57:00', '2023-07-28', 57),
(364, '05:30:00', '2023-07-04', 730),
(365, '03:24:00', '2023-10-09', 801),
(366, '04:08:00', '2024-04-20', 187),
(367, '04:37:00', '2023-12-13', 113),
(368, '11:04:00', '2023-08-02', 923),
(369, '07:46:00', '2023-11-05', 806),
(370, '06:16:00', '2024-03-18', 331),
(371, '11:39:00', '2023-07-19', 153),
(372, '02:27:00', '2023-10-21', 946),
(373, '03:54:00', '2023-08-07', 702),
(374, '02:37:00', '2023-09-23', 117),
(375, '12:41:00', '2024-04-29', 716),
(376, '01:16:00', '2023-10-08', 845),
(377, '02:40:00', '2023-10-03', 696),
(378, '02:06:00', '2023-10-20', 921),
(379, '01:02:00', '2024-01-13', 193),
(380, '05:24:00', '2023-10-13', 608),
(381, '07:02:00', '2024-03-05', 182),
(382, '08:24:00', '2023-10-21', 136),
(384, '07:12:00', '2023-08-01', 175),
(385, '11:48:00', '2023-08-20', 683),
(386, '11:52:00', '2024-03-03', 887),
(387, '02:31:00', '2023-11-27', 40),
(389, '07:42:00', '2023-06-22', 739),
(390, '11:49:00', '2023-07-30', 824),
(391, '08:55:00', '2023-11-02', 952),
(392, '02:40:00', '2024-04-13', 245),
(393, '12:49:00', '2023-06-21', 276),
(394, '09:29:00', '2023-12-17', 142),
(395, '04:30:00', '2023-07-12', 312),
(396, '01:31:00', '2024-02-02', 945),
(397, '02:08:00', '2023-10-19', 729),
(399, '03:49:00', '2023-11-19', 626),
(400, '12:18:00', '2023-06-30', 114),
(403, '09:04:00', '2023-09-28', 504),
(405, '07:28:00', '2024-04-26', 957),
(406, '11:36:00', '2023-06-16', 798),
(407, '08:02:00', '2024-02-17', 303),
(408, '11:06:00', '2023-10-05', 270),
(409, '08:39:00', '2023-07-04', 570),
(410, '12:54:00', '2024-02-28', 612),
(411, '09:21:00', '2023-07-26', 914),
(412, '07:20:00', '2023-11-25', 698),
(413, '04:41:00', '2023-07-08', 672),
(414, '10:06:00', '2023-12-20', 766),
(415, '07:30:00', '2023-11-25', 161),
(416, '08:46:00', '2023-11-15', 332),
(417, '02:34:00', '2023-12-08', 676),
(418, '02:00:00', '2023-11-29', 694),
(419, '01:37:00', '2024-04-14', 790),
(420, '05:09:00', '2024-03-09', 776),
(421, '07:51:00', '2023-08-13', 832),
(422, '10:06:00', '2023-06-10', 867),
(423, '10:40:00', '2024-05-14', 405),
(426, '07:42:00', '2023-11-28', 889),
(427, '10:25:00', '2024-03-15', 57),
(428, '11:29:00', '2024-01-29', 6),
(429, '10:07:00', '2023-09-14', 711),
(430, '07:44:00', '2023-11-09', 326),
(431, '08:09:00', '2024-04-08', 242),
(432, '06:56:00', '2024-05-12', 772),
(433, '05:30:00', '2023-07-06', 39),
(435, '03:54:00', '2023-06-06', 415),
(436, '01:59:00', '2023-09-12', 160),
(437, '11:05:00', '2023-08-01', 767),
(438, '12:23:00', '2024-02-07', 301),
(439, '09:05:00', '2024-03-09', 703),
(440, '04:37:00', '2023-11-29', 795),
(441, '09:45:00', '2023-12-07', 266),
(442, '10:48:00', '2023-08-11', 954),
(443, '11:40:00', '2024-01-06', 219),
(444, '06:41:00', '2024-04-12', 660),
(445, '01:01:00', '2024-04-30', 229),
(446, '10:33:00', '2023-10-14', 534),
(447, '01:17:00', '2024-01-03', 577),
(448, '12:30:00', '2023-06-11', 537),
(449, '03:35:00', '2024-04-01', 705),
(450, '08:58:00', '2024-04-23', 661),
(451, '07:22:00', '2024-04-26', 732),
(452, '01:30:00', '2023-12-27', 947),
(453, '09:52:00', '2023-06-30', 215),
(454, '10:00:00', '2023-09-03', 184),
(455, '11:27:00', '2024-01-02', 144),
(456, '11:38:00', '2023-12-17', 17),
(457, '05:13:00', '2023-11-21', 487),
(458, '07:11:00', '2023-06-12', 101),
(459, '01:44:00', '2023-07-24', 220),
(460, '01:16:00', '2023-09-24', 575),
(461, '08:07:00', '2023-11-23', 598),
(462, '03:34:00', '2023-10-05', 297),
(463, '04:44:00', '2023-08-27', 480),
(464, '04:11:00', '2023-10-12', 340),
(465, '10:37:00', '2024-01-08', 521),
(466, '01:13:00', '2024-04-14', 422),
(467, '09:06:00', '2024-01-25', 665),
(468, '11:11:00', '2023-11-23', 667),
(469, '01:34:00', '2024-05-18', 657),
(470, '06:11:00', '2023-07-30', 305),
(471, '04:26:00', '2023-12-16', 258),
(472, '06:01:00', '2024-04-17', 770),
(473, '08:41:00', '2023-10-02', 463),
(474, '12:29:00', '2024-02-14', 817),
(475, '09:22:00', '2024-01-28', 772),
(476, '08:17:00', '2024-05-10', 110),
(477, '07:02:00', '2023-09-17', 576),
(478, '06:32:00', '2023-12-23', 444),
(479, '06:17:00', '2023-08-13', 434),
(480, '09:10:00', '2024-02-26', 898),
(481, '07:43:00', '2024-02-29', 617),
(483, '09:58:00', '2023-12-25', 683),
(484, '09:13:00', '2023-06-25', 281),
(485, '09:10:00', '2023-10-20', 415),
(486, '12:10:00', '2024-01-22', 331),
(487, '12:42:00', '2024-01-15', 206),
(488, '11:06:00', '2023-08-11', 624),
(489, '12:59:00', '2023-06-18', 594),
(490, '07:56:00', '2024-05-04', 709),
(491, '12:09:00', '2023-08-31', 166),
(492, '01:49:00', '2023-11-04', 416),
(493, '03:14:00', '2024-03-30', 663),
(494, '02:34:00', '2023-10-23', 718),
(495, '08:06:00', '2023-07-19', 743),
(496, '07:55:00', '2023-09-19', 4),
(498, '10:40:00', '2023-07-10', 323),
(499, '11:21:00', '2023-06-14', 162),
(500, '10:11:00', '2024-03-16', 439),
(501, '09:58:00', '2023-12-27', 261),
(502, '01:55:00', '2023-10-04', 539),
(505, '04:10:00', '2023-10-07', 142),
(506, '04:18:00', '2024-04-06', 114),
(508, '10:10:00', '2023-09-26', 647),
(510, '10:17:00', '2023-11-16', 801),
(511, '01:52:00', '2023-09-25', 739),
(512, '10:57:00', '2023-06-17', 795),
(514, '10:30:00', '2023-09-22', 587),
(515, '08:27:00', '2024-03-28', 224),
(516, '07:14:00', '2023-09-14', 272),
(517, '01:47:00', '2024-05-06', 577),
(518, '05:46:00', '2023-08-02', 239),
(519, '01:10:00', '2023-11-09', 490),
(520, '07:52:00', '2024-04-09', 714),
(523, '01:51:00', '2023-11-10', 727),
(524, '12:10:00', '2023-11-30', 959),
(525, '03:55:00', '2023-10-04', 317),
(526, '12:40:00', '2024-04-09', 9),
(527, '05:23:00', '2023-08-02', 622),
(528, '03:33:00', '2024-04-16', 436),
(529, '03:50:00', '2023-10-15', 105),
(530, '06:17:00', '2024-04-11', 641),
(531, '06:31:00', '2023-06-18', 953),
(532, '01:00:00', '2023-07-28', 120),
(533, '12:51:00', '2023-08-14', 939),
(534, '07:01:00', '2023-11-06', 414),
(535, '12:25:00', '2024-04-29', 450),
(536, '03:56:00', '2023-11-16', 376),
(537, '05:30:00', '2023-09-04', 533),
(538, '04:26:00', '2023-11-14', 589),
(539, '05:06:00', '2023-06-29', 385),
(540, '12:41:00', '2024-02-04', 699),
(541, '02:02:00', '2023-12-17', 847),
(542, '08:45:00', '2024-03-15', 871),
(543, '05:28:00', '2024-03-21', 556),
(544, '08:23:00', '2023-11-26', 210),
(545, '12:57:00', '2024-02-11', 947),
(546, '12:58:00', '2023-09-22', 899),
(547, '08:46:00', '2023-10-11', 126),
(548, '02:35:00', '2024-01-07', 342),
(549, '09:26:00', '2024-05-20', 101),
(551, '04:55:00', '2023-06-13', 329),
(552, '06:48:00', '2024-02-02', 358),
(553, '08:17:00', '2023-09-02', 336),
(554, '05:28:00', '2024-03-15', 479),
(556, '02:24:00', '2024-03-09', 558),
(557, '09:06:00', '2024-01-27', 667),
(559, '06:20:00', '2023-12-27', 773),
(561, '06:44:00', '2023-10-22', 468),
(562, '02:56:00', '2023-09-01', 140),
(563, '06:04:00', '2024-04-09', 323),
(564, '10:11:00', '2024-01-20', 921),
(566, '12:11:00', '2023-10-17', 169),
(567, '02:39:00', '2024-02-09', 732),
(568, '01:10:00', '2023-09-06', 654),
(569, '04:05:00', '2023-06-25', 746),
(570, '07:51:00', '2024-03-12', 748),
(571, '06:08:00', '2023-06-05', 762),
(572, '05:01:00', '2023-07-12', 490),
(573, '07:22:00', '2023-12-21', 422),
(574, '03:22:00', '2023-08-23', 781),
(575, '10:56:00', '2024-01-24', 898),
(576, '05:58:00', '2024-01-15', 211),
(577, '04:29:00', '2023-11-16', 362),
(578, '08:38:00', '2024-05-14', 349),
(579, '09:59:00', '2024-04-07', 683),
(580, '07:02:00', '2024-04-15', 504),
(581, '10:54:00', '2024-03-08', 554),
(583, '04:13:00', '2023-06-12', 369),
(584, '08:08:00', '2024-03-07', 382),
(585, '06:46:00', '2023-11-05', 232),
(586, '03:29:00', '2023-08-08', 412),
(588, '05:42:00', '2024-03-10', 597),
(589, '02:25:00', '2024-03-27', 137),
(590, '10:36:00', '2023-06-17', 109),
(591, '03:28:00', '2023-07-09', 16),
(592, '09:34:00', '2024-04-18', 103),
(593, '11:18:00', '2024-03-23', 836),
(594, '02:01:00', '2024-05-04', 195),
(595, '12:12:00', '2023-12-13', 410),
(596, '02:47:00', '2024-05-15', 790),
(597, '12:54:00', '2023-11-24', 391),
(598, '09:03:00', '2024-04-10', 449),
(599, '05:51:00', '2023-09-29', 366),
(600, '07:54:00', '2023-07-01', 101),
(602, '03:49:00', '2023-08-19', 192),
(603, '11:53:00', '2024-04-05', 389),
(604, '01:59:00', '2023-09-02', 522),
(606, '07:59:00', '2023-10-08', 335),
(607, '05:19:00', '2024-01-04', 374),
(608, '05:39:00', '2023-09-05', 134),
(609, '09:26:00', '2023-12-08', 309),
(610, '05:11:00', '2024-05-06', 56),
(611, '08:24:00', '2024-05-14', 307),
(612, '02:39:00', '2023-12-08', 506),
(614, '05:54:00', '2023-07-19', 296),
(615, '01:08:00', '2024-03-28', 859),
(616, '07:43:00', '2023-06-28', 551),
(617, '11:41:00', '2023-05-28', 681),
(618, '11:27:00', '2024-01-16', 953),
(619, '05:59:00', '2024-03-29', 541),
(620, '07:54:00', '2024-02-15', 693),
(621, '02:17:00', '2023-08-04', 133),
(622, '01:31:00', '2024-02-28', 97),
(624, '07:53:00', '2024-03-17', 268),
(625, '10:47:00', '2023-09-28', 278),
(627, '02:11:00', '2023-10-27', 767),
(628, '07:29:00', '2023-06-05', 249),
(629, '05:28:00', '2024-03-27', 302),
(630, '10:03:00', '2023-11-23', 232),
(631, '05:50:00', '2024-03-23', 105),
(633, '05:19:00', '2024-03-28', 465),
(634, '11:19:00', '2023-05-29', 337),
(635, '12:54:00', '2023-07-22', 595),
(637, '09:44:00', '2024-04-29', 847),
(638, '09:13:00', '2023-09-13', 832),
(639, '09:13:00', '2023-06-06', 828),
(640, '06:37:00', '2023-06-18', 332),
(641, '09:05:00', '2024-05-06', 413),
(642, '11:00:00', '2023-08-20', 738),
(643, '05:57:00', '2023-12-20', 272),
(644, '05:35:00', '2024-02-16', 285),
(645, '08:24:00', '2024-02-03', 205),
(646, '09:26:00', '2023-08-07', 798),
(648, '05:31:00', '2023-10-09', 558),
(649, '08:43:00', '2023-09-13', 101),
(650, '04:30:00', '2023-10-17', 712),
(651, '07:25:00', '2023-06-19', 950),
(652, '09:12:00', '2023-10-11', 497),
(653, '08:44:00', '2023-07-02', 97),
(654, '11:48:00', '2023-09-12', 853),
(655, '07:11:00', '2024-01-17', 123),
(656, '02:12:00', '2023-09-24', 577),
(657, '04:03:00', '2023-08-28', 682),
(658, '03:19:00', '2023-12-26', 578),
(659, '07:39:00', '2023-11-16', 948),
(660, '02:09:00', '2024-03-20', 165),
(661, '01:46:00', '2024-04-28', 756),
(662, '03:48:00', '2023-07-05', 462),
(665, '03:16:00', '2024-04-26', 798),
(666, '01:36:00', '2024-02-07', 395),
(668, '11:06:00', '2024-04-07', 94),
(669, '01:28:00', '2024-02-13', 921),
(670, '10:51:00', '2023-06-14', 509),
(672, '01:46:00', '2024-03-23', 655),
(674, '02:58:00', '2024-04-07', 477),
(675, '03:20:00', '2023-09-15', 701),
(676, '02:27:00', '2024-03-14', 454),
(677, '03:19:00', '2023-09-09', 208),
(678, '05:52:00', '2023-09-17', 893),
(679, '11:51:00', '2023-10-05', 697),
(680, '07:33:00', '2023-08-19', 40),
(681, '11:16:00', '2023-12-22', 624),
(682, '11:38:00', '2023-11-06', 888),
(683, '06:36:00', '2024-03-09', 103),
(684, '06:04:00', '2024-01-22', 97),
(685, '03:59:00', '2023-12-02', 406),
(686, '05:31:00', '2023-07-08', 219),
(687, '07:46:00', '2024-04-07', 254),
(689, '04:05:00', '2023-08-28', 144),
(690, '08:37:00', '2023-11-26', 695),
(691, '07:36:00', '2024-05-17', 174),
(692, '06:49:00', '2023-07-25', 337),
(693, '05:42:00', '2023-09-18', 453),
(694, '04:46:00', '2023-08-04', 689),
(695, '02:27:00', '2023-12-07', 39),
(696, '02:40:00', '2023-12-01', 4),
(697, '12:56:00', '2024-02-23', 202),
(698, '11:33:00', '2024-04-27', 665),
(699, '10:50:00', '2023-09-16', 229),
(700, '03:41:00', '2023-06-20', 232),
(701, '10:16:00', '2024-03-19', 221),
(702, '11:04:00', '2024-01-01', 757),
(703, '10:34:00', '2023-06-18', 631),
(704, '12:38:00', '2023-07-06', 789),
(705, '06:49:00', '2023-12-31', 735),
(706, '07:07:00', '2023-08-20', 68),
(707, '11:21:00', '2024-01-21', 637),
(708, '06:42:00', '2023-11-26', 916),
(709, '05:23:00', '2024-05-09', 395),
(710, '12:50:00', '2023-09-23', 450),
(711, '06:49:00', '2023-06-03', 593),
(712, '12:16:00', '2023-07-26', 312),
(713, '09:51:00', '2024-01-26', 397),
(714, '02:19:00', '2024-04-10', 792),
(716, '09:57:00', '2024-01-07', 849),
(717, '12:33:00', '2024-04-07', 718),
(718, '01:33:00', '2023-10-05', 699),
(719, '02:15:00', '2024-01-14', 877),
(720, '12:00:00', '2023-09-22', 898),
(721, '06:21:00', '2023-06-02', 231),
(722, '05:12:00', '2023-10-04', 186),
(723, '01:09:00', '2024-04-19', 603),
(724, '07:14:00', '2023-06-07', 296),
(725, '11:21:00', '2024-01-30', 203),
(726, '02:29:00', '2024-02-10', 759),
(727, '10:30:00', '2023-12-23', 731),
(728, '04:01:00', '2023-12-03', 715),
(729, '02:22:00', '2024-05-25', 671),
(730, '02:29:00', '2023-06-27', 612),
(731, '06:27:00', '2023-08-23', 336),
(732, '11:32:00', '2024-01-14', 521),
(733, '09:57:00', '2024-01-31', 780),
(734, '01:19:00', '2023-07-21', 184),
(736, '08:35:00', '2023-07-09', 37),
(738, '01:42:00', '2023-12-03', 152),
(739, '03:46:00', '2023-12-06', 279),
(741, '09:29:00', '2024-03-29', 269),
(742, '05:18:00', '2024-05-24', 619),
(743, '01:25:00', '2023-10-15', 748),
(744, '10:50:00', '2024-02-09', 888),
(745, '12:23:00', '2024-02-22', 59),
(746, '04:16:00', '2023-10-15', 445),
(747, '12:16:00', '2023-10-20', 669),
(748, '10:49:00', '2024-03-03', 26),
(750, '04:21:00', '2023-11-12', 482),
(751, '09:01:00', '2023-08-23', 811),
(752, '06:25:00', '2023-09-26', 386),
(753, '12:59:00', '2023-06-03', 876),
(754, '02:13:00', '2024-05-19', 674),
(755, '08:31:00', '2023-06-02', 333),
(756, '08:37:00', '2023-11-20', 496),
(757, '07:50:00', '2023-10-28', 905),
(759, '11:36:00', '2023-08-24', 444),
(760, '08:40:00', '2023-09-14', 956),
(761, '11:34:00', '2023-11-12', 229),
(762, '06:04:00', '2023-12-27', 165),
(763, '10:53:00', '2023-11-01', 709),
(764, '06:04:00', '2023-08-15', 131),
(765, '11:51:00', '2023-07-12', 465),
(766, '11:55:00', '2023-07-29', 528),
(767, '05:31:00', '2023-06-30', 20),
(768, '01:58:00', '2024-03-29', 190),
(770, '04:31:00', '2023-09-29', 397),
(771, '02:45:00', '2023-12-22', 889),
(772, '11:24:00', '2023-07-19', 83),
(773, '11:54:00', '2024-05-14', 636),
(774, '05:12:00', '2024-05-10', 288),
(776, '09:42:00', '2023-09-16', 204),
(777, '05:41:00', '2023-07-17', 109),
(778, '10:09:00', '2023-06-03', 98),
(779, '04:45:00', '2023-06-01', 370),
(780, '05:08:00', '2024-02-11', 241),
(781, '11:04:00', '2023-08-02', 481),
(782, '05:14:00', '2023-06-07', 379),
(785, '08:27:00', '2023-08-26', 10),
(786, '03:07:00', '2023-12-19', 326),
(787, '04:01:00', '2023-12-02', 654),
(788, '10:24:00', '2023-11-24', 110),
(789, '03:37:00', '2023-06-11', 900),
(790, '12:03:00', '2023-07-03', 422),
(791, '12:03:00', '2024-01-10', 783),
(792, '06:29:00', '2024-01-18', 165),
(794, '12:40:00', '2023-12-11', 408),
(795, '11:07:00', '2024-01-21', 366),
(796, '09:23:00', '2023-08-19', 183),
(797, '06:51:00', '2023-10-29', 582),
(798, '07:16:00', '2023-12-11', 194),
(799, '07:54:00', '2023-10-13', 206),
(800, '03:00:00', '2023-12-14', 669),
(801, '09:45:00', '2023-05-31', 111),
(802, '04:50:00', '2023-06-28', 811),
(803, '02:35:00', '2024-03-07', 20),
(804, '01:44:00', '2023-08-14', 298),
(805, '03:55:00', '2024-01-01', 490),
(806, '03:27:00', '2023-12-28', 292),
(807, '10:46:00', '2023-07-19', 738),
(808, '02:39:00', '2024-01-18', 761),
(809, '02:20:00', '2023-09-18', 853),
(810, '04:04:00', '2023-06-12', 617),
(811, '02:42:00', '2024-05-12', 560),
(812, '11:52:00', '2023-08-22', 543),
(814, '08:29:00', '2023-08-02', 400),
(815, '10:57:00', '2023-08-20', 4),
(816, '02:53:00', '2023-12-25', 341),
(817, '04:09:00', '2024-04-21', 803),
(819, '09:26:00', '2023-09-07', 381),
(820, '12:05:00', '2024-02-26', 140),
(821, '04:05:00', '2024-03-13', 353),
(822, '12:01:00', '2024-05-16', 645),
(824, '11:05:00', '2023-12-13', 50),
(826, '05:45:00', '2024-04-04', 56),
(827, '12:40:00', '2024-05-02', 392),
(828, '06:26:00', '2024-03-23', 657),
(829, '11:41:00', '2024-01-19', 655),
(830, '11:09:00', '2023-09-30', 757),
(832, '10:39:00', '2024-01-23', 424),
(833, '11:44:00', '2024-01-20', 590),
(834, '02:16:00', '2024-01-30', 484),
(836, '03:59:00', '2024-05-20', 195),
(837, '07:55:00', '2023-07-09', 114),
(839, '12:50:00', '2023-12-23', 302),
(840, '04:24:00', '2023-11-05', 679),
(841, '03:27:00', '2023-07-30', 303),
(842, '12:00:00', '2023-06-18', 386),
(843, '10:52:00', '2024-02-04', 619),
(844, '01:43:00', '2023-10-28', 235),
(845, '06:10:00', '2023-09-16', 608),
(846, '10:27:00', '2024-03-29', 13),
(847, '12:14:00', '2023-07-12', 318),
(848, '06:07:00', '2023-12-14', 832),
(849, '10:39:00', '2023-09-22', 71),
(851, '05:58:00', '2023-08-26', 449),
(852, '06:22:00', '2024-02-23', 864),
(853, '07:39:00', '2024-03-24', 829),
(854, '12:54:00', '2023-08-29', 750),
(855, '02:02:00', '2024-05-18', 882),
(856, '10:52:00', '2024-01-05', 332),
(857, '05:34:00', '2023-09-25', 583),
(858, '03:24:00', '2024-01-07', 722),
(859, '01:48:00', '2023-06-08', 752),
(860, '07:43:00', '2024-03-02', 460),
(861, '12:01:00', '2023-10-20', 845),
(862, '02:26:00', '2024-04-23', 461),
(863, '09:39:00', '2024-04-08', 817),
(864, '09:00:00', '2024-01-23', 791),
(865, '08:16:00', '2024-02-17', 725),
(866, '09:02:00', '2024-05-23', 655),
(867, '10:31:00', '2024-03-19', 780),
(868, '09:05:00', '2024-04-09', 149),
(869, '01:12:00', '2023-09-14', 537),
(870, '03:05:00', '2023-11-14', 767),
(871, '02:36:00', '2024-04-14', 933),
(872, '02:13:00', '2023-10-01', 278),
(873, '09:07:00', '2023-09-05', 31),
(874, '12:59:00', '2024-01-22', 765),
(875, '02:35:00', '2023-09-29', 769),
(877, '03:22:00', '2023-06-24', 20),
(878, '11:42:00', '2023-10-18', 417),
(879, '03:06:00', '2023-12-04', 701),
(881, '12:11:00', '2023-09-15', 206),
(882, '08:31:00', '2024-02-01', 114),
(883, '01:56:00', '2023-09-18', 4),
(884, '09:22:00', '2024-03-22', 37),
(885, '06:31:00', '2024-05-11', 307),
(886, '09:59:00', '2024-02-10', 409),
(887, '01:51:00', '2023-08-29', 235),
(888, '01:48:00', '2023-05-27', 804),
(889, '03:02:00', '2024-05-21', 217),
(890, '12:39:00', '2023-11-13', 303),
(892, '09:51:00', '2023-11-12', 386),
(894, '12:40:00', '2023-07-01', 207),
(895, '04:32:00', '2024-05-21', 528),
(896, '04:14:00', '2023-07-23', 64),
(897, '01:05:00', '2024-01-10', 5),
(898, '07:39:00', '2023-06-25', 406),
(899, '07:47:00', '2023-11-21', 798),
(900, '05:17:00', '2023-07-07', 664),
(901, '05:12:00', '2023-09-12', 639),
(902, '10:33:00', '2023-09-12', 501),
(904, '10:22:00', '2023-09-16', 750),
(905, '02:04:00', '2024-04-24', 195),
(906, '10:38:00', '2024-04-22', 629),
(907, '08:24:00', '2023-12-22', 374),
(908, '04:59:00', '2024-02-04', 647),
(909, '04:10:00', '2023-10-20', 628),
(910, '05:11:00', '2024-01-05', 171),
(911, '08:10:00', '2024-04-22', 656),
(912, '05:18:00', '2024-02-05', 21),
(913, '12:08:00', '2024-05-21', 239),
(914, '04:41:00', '2023-08-20', 827),
(915, '03:59:00', '2024-04-28', 440),
(916, '06:33:00', '2024-03-28', 702),
(918, '10:20:00', '2023-12-30', 882),
(919, '03:58:00', '2023-08-11', 460),
(920, '01:05:00', '2023-12-25', 330),
(921, '04:10:00', '2024-05-07', 361),
(922, '11:02:00', '2023-11-14', 87),
(923, '08:29:00', '2024-05-01', 571),
(924, '09:46:00', '2023-12-27', 326),
(925, '07:32:00', '2024-04-01', 335),
(926, '09:56:00', '2023-06-05', 463),
(927, '12:42:00', '2023-07-24', 862),
(928, '01:54:00', '2023-06-17', 91),
(929, '07:31:00', '2023-06-26', 757),
(930, '01:54:00', '2023-08-18', 960),
(931, '10:25:00', '2024-05-21', 416),
(932, '07:30:00', '2023-08-01', 280),
(933, '01:15:00', '2023-12-10', 422),
(936, '11:45:00', '2023-10-28', 687),
(937, '09:54:00', '2023-06-02', 622),
(940, '03:52:00', '2023-11-20', 149),
(941, '05:32:00', '2023-08-09', 245),
(942, '04:53:00', '2023-11-21', 936),
(943, '12:10:00', '2023-11-09', 505),
(944, '06:54:00', '2023-10-14', 657),
(945, '10:18:00', '2024-05-17', 777),
(946, '01:47:00', '2023-10-04', 710),
(947, '07:56:00', '2024-04-08', 875),
(948, '08:34:00', '2024-01-24', 426),
(949, '06:36:00', '2023-10-02', 144),
(950, '10:25:00', '2023-10-11', 585),
(951, '05:39:00', '2023-08-04', 724),
(952, '05:49:00', '2024-05-17', 118),
(953, '09:30:00', '2024-05-24', 785),
(954, '08:56:00', '2024-03-07', 316),
(955, '01:47:00', '2023-06-01', 786),
(956, '03:20:00', '2023-10-20', 352);

--
-- Indexes for dumped tables
--

--
-- Indexes for table `course`
--
ALTER TABLE `course`
  ADD PRIMARY KEY (`course_id`),
  ADD KEY `coordinator_id` (`coordinator_id`);

--
-- Indexes for table `course_semester`
--
ALTER TABLE `course_semester`
  ADD PRIMARY KEY (`course_id`,`semester_id`),
  ADD KEY `semester_id` (`semester_id`);

--
-- Indexes for table `course_teacher`
--
ALTER TABLE `course_teacher`
  ADD PRIMARY KEY (`course_id`,`teacher_id`),
  ADD KEY `teacher_id` (`teacher_id`);

--
-- Indexes for table `grade`
--
ALTER TABLE `grade`
  ADD PRIMARY KEY (`student_id`,`test_id`),
  ADD KEY `test_id` (`test_id`);

--
-- Indexes for table `semester`
--
ALTER TABLE `semester`
  ADD PRIMARY KEY (`semester_id`);

--
-- Indexes for table `students`
--
ALTER TABLE `students`
  ADD PRIMARY KEY (`id`);

--
-- Indexes for table `student_course_registration`
--
ALTER TABLE `student_course_registration`
  ADD PRIMARY KEY (`student_id`,`course_id`,`semester_id`),
  ADD KEY `semester_id` (`semester_id`),
  ADD KEY `course_id` (`course_id`,`semester_id`),
  ADD KEY `teacher_id` (`teacher_id`),
  ADD KEY `course_id_2` (`course_id`,`teacher_id`);

--
-- Indexes for table `student_test_participation`
--
ALTER TABLE `student_test_participation`
  ADD PRIMARY KEY (`student_id`,`test_id`),
  ADD KEY `test_id` (`test_id`);

--
-- Indexes for table `teacher`
--
ALTER TABLE `teacher`
  ADD PRIMARY KEY (`id`);

--
-- Indexes for table `test`
--
ALTER TABLE `test`
  ADD PRIMARY KEY (`test_id`),
  ADD KEY `course_id` (`course_id`);

--
-- Constraints for dumped tables
--

--
-- Constraints for table `course`
--
ALTER TABLE `course`
  ADD CONSTRAINT `course_ibfk_1` FOREIGN KEY (`coordinator_id`) REFERENCES `teacher` (`id`) ON DELETE CASCADE;

--
-- Constraints for table `course_semester`
--
ALTER TABLE `course_semester`
  ADD CONSTRAINT `course_semester_ibfk_1` FOREIGN KEY (`course_id`) REFERENCES `course` (`course_id`) ON DELETE CASCADE,
  ADD CONSTRAINT `course_semester_ibfk_2` FOREIGN KEY (`semester_id`) REFERENCES `semester` (`semester_id`) ON DELETE CASCADE;

--
-- Constraints for table `course_teacher`
--
ALTER TABLE `course_teacher`
  ADD CONSTRAINT `course_teacher_ibfk_1` FOREIGN KEY (`course_id`) REFERENCES `course` (`course_id`) ON DELETE CASCADE,
  ADD CONSTRAINT `course_teacher_ibfk_2` FOREIGN KEY (`teacher_id`) REFERENCES `teacher` (`id`) ON DELETE CASCADE;

--
-- Constraints for table `grade`
--
ALTER TABLE `grade`
  ADD CONSTRAINT `grade_ibfk_1` FOREIGN KEY (`student_id`) REFERENCES `students` (`id`) ON DELETE CASCADE,
  ADD CONSTRAINT `grade_ibfk_2` FOREIGN KEY (`test_id`) REFERENCES `test` (`test_id`) ON DELETE CASCADE;

--
-- Constraints for table `student_course_registration`
--
ALTER TABLE `student_course_registration`
  ADD CONSTRAINT `student_course_registration_ibfk_1` FOREIGN KEY (`student_id`) REFERENCES `students` (`id`) ON DELETE CASCADE,
  ADD CONSTRAINT `student_course_registration_ibfk_2` FOREIGN KEY (`course_id`) REFERENCES `course` (`course_id`) ON DELETE CASCADE,
  ADD CONSTRAINT `student_course_registration_ibfk_3` FOREIGN KEY (`semester_id`) REFERENCES `semester` (`semester_id`) ON DELETE CASCADE,
  ADD CONSTRAINT `student_course_registration_ibfk_4` FOREIGN KEY (`course_id`,`semester_id`) REFERENCES `course_semester` (`course_id`, `semester_id`) ON DELETE CASCADE,
  ADD CONSTRAINT `student_course_registration_ibfk_5` FOREIGN KEY (`teacher_id`) REFERENCES `teacher` (`id`) ON DELETE CASCADE,
  ADD CONSTRAINT `student_course_registration_ibfk_6` FOREIGN KEY (`course_id`,`teacher_id`) REFERENCES `course_teacher` (`course_id`, `teacher_id`) ON DELETE CASCADE;

--
-- Constraints for table `student_test_participation`
--
ALTER TABLE `student_test_participation`
  ADD CONSTRAINT `student_test_participation_ibfk_1` FOREIGN KEY (`student_id`) REFERENCES `students` (`id`) ON DELETE CASCADE,
  ADD CONSTRAINT `student_test_participation_ibfk_2` FOREIGN KEY (`test_id`) REFERENCES `test` (`test_id`) ON DELETE CASCADE;

--
-- Constraints for table `test`
--
ALTER TABLE `test`
  ADD CONSTRAINT `test_ibfk_1` FOREIGN KEY (`course_id`) REFERENCES `course` (`course_id`) ON DELETE CASCADE;
COMMIT;

/*!40101 SET CHARACTER_SET_CLIENT=@OLD_CHARACTER_SET_CLIENT */;
/*!40101 SET CHARACTER_SET_RESULTS=@OLD_CHARACTER_SET_RESULTS */;
/*!40101 SET COLLATION_CONNECTION=@OLD_COLLATION_CONNECTION */;
