-- phpMyAdmin SQL Dump
-- version 5.2.1
-- https://www.phpmyadmin.net/
--
-- Host: 127.0.0.1
-- Generation Time: Jul 24, 2024 at 12:00 PM
-- Server version: 10.4.32-MariaDB
-- PHP Version: 8.2.12

SET SQL_MODE = "NO_AUTO_VALUE_ON_ZERO";
START TRANSACTION;
SET time_zone = "+00:00";


/*!40101 SET @OLD_CHARACTER_SET_CLIENT=@@CHARACTER_SET_CLIENT */;
/*!40101 SET @OLD_CHARACTER_SET_RESULTS=@@CHARACTER_SET_RESULTS */;
/*!40101 SET @OLD_COLLATION_CONNECTION=@@COLLATION_CONNECTION */;
/*!40101 SET NAMES utf8mb4 */;

--
-- Database: `levdb`
--

DELIMITER $$
--
-- Procedures
--
CREATE DEFINER=`root`@`localhost` PROCEDURE `assign_teacher_to_course` (IN `p_course_id` INT, IN `p_teacher_id` INT)   BEGIN
    DECLARE course_exists INT;
    DECLARE teacher_exists INT;
    DECLARE error_message VARCHAR(255) DEFAULT '';

    -- Check if the course exists
    SELECT COUNT(*) INTO course_exists FROM course WHERE course_id = p_course_id;
    IF course_exists = 0 THEN
        SET error_message = 'Course does not exist';
        SIGNAL SQLSTATE '45000' SET MESSAGE_TEXT = error_message;
    END IF;

    -- Check if the teacher exists
    SELECT COUNT(*) INTO teacher_exists FROM teacher WHERE id = p_teacher_id;
    IF teacher_exists = 0 THEN
        SET error_message = 'Teacher does not exist';
        SIGNAL SQLSTATE '45000' SET MESSAGE_TEXT = error_message;
    END IF;

    -- Check if the teacher is already assigned to the course
    SELECT COUNT(*) INTO teacher_exists FROM course_teacher WHERE course_id = p_course_id AND teacher_id = p_teacher_id;
    IF teacher_exists > 0 THEN
        SET error_message = 'Teacher is already assigned to the course';
        SIGNAL SQLSTATE '45000' SET MESSAGE_TEXT = error_message;
    END IF;

    -- Attempt to assign teacher to course
    BEGIN
        DECLARE CONTINUE HANDLER FOR SQLEXCEPTION
        BEGIN
            GET DIAGNOSTICS CONDITION 1
            error_message = MESSAGE_TEXT;
            SELECT CONCAT('Error assigning teacher to course: ', error_message) AS detailed_error;
        END;
        INSERT INTO course_teacher (course_id, teacher_id) VALUES (p_course_id, p_teacher_id);
    END;
END$$

CREATE DEFINER=`root`@`localhost` PROCEDURE `main_for_courses` ()   BEGIN
    DECLARE student_id INT DEFAULT 1;
    DECLARE course_id INT DEFAULT 1;
    DECLARE teacher_id INT DEFAULT 1;
    DECLARE courses VARCHAR(1000);

    -- Call procedure to assign teacher to course
    CALL assign_teacher_to_course(course_id, teacher_id);
    
    -- Call function to get student's courses
    SET courses = get_student_courses(student_id);

    -- Output the list of courses
    SELECT courses;

    -- the DECLARE and the SET are just to put in more programmatic stuff
END$$

CREATE DEFINER=`root`@`localhost` PROCEDURE `main_for_grades` ()   BEGIN
    DECLARE student_id INT DEFAULT 1;
    DECLARE test_id INT DEFAULT 1;
    DECLARE new_grade INT DEFAULT 95;
    DECLARE avg_grade FLOAT;

    -- Call procedure to update grade
    CALL update_student_grade(student_id, test_id, new_grade);
    
    -- Call function to calculate average grade
    SET avg_grade = calculate_average_grade(student_id);

    -- Output the average grade
    SELECT avg_grade;
END$$

CREATE DEFINER=`root`@`localhost` PROCEDURE `update_student_grade` (IN `p_student_id` INT, IN `p_test_id` INT, IN `p_new_grade` INT)   BEGIN
    DECLARE old_grade INT;

    -- Handle exceptions
    DECLARE EXIT HANDLER FOR SQLEXCEPTION
    BEGIN
        -- Output error message
        SELECT 'Error updating grade';
    END;

    -- Update grade
    SELECT grade INTO old_grade FROM grade WHERE student_id = p_student_id AND test_id = p_test_id;

    IF old_grade IS NOT NULL THEN
        UPDATE grade SET grade = p_new_grade WHERE student_id = p_student_id AND test_id = p_test_id;
    ELSE
        INSERT INTO grade (student_id, test_id, grade) VALUES (p_student_id, p_test_id, p_new_grade);
    END IF;
END$$

--
-- Functions
--
CREATE DEFINER=`root`@`localhost` FUNCTION `calculate_average_grade` (`p_student_id` INT) RETURNS FLOAT  BEGIN
    DECLARE avg_grade FLOAT;
    DECLARE total_grades INT;
    DECLARE grade_count INT;

    -- Handle exceptions
    DECLARE EXIT HANDLER FOR SQLEXCEPTION
    BEGIN
        -- Return -1 in case of error
        SET avg_grade = -1;
    END;

    -- Calculate total grades and count
    SELECT SUM(grade), COUNT(*) INTO total_grades, grade_count
    FROM grade
    WHERE student_id = p_student_id;

    -- Calculate average
    IF grade_count > 0 THEN
        SET avg_grade = total_grades / grade_count;
    ELSE
        SET avg_grade = 0;
    END IF;

    RETURN avg_grade;
END$$

CREATE DEFINER=`root`@`localhost` FUNCTION `get_student_courses` (`p_student_id` INT) RETURNS VARCHAR(1000) CHARSET utf8mb4 COLLATE utf8mb4_general_ci  BEGIN
    DECLARE course_list VARCHAR(1000) DEFAULT '';
    DECLARE course_name VARCHAR(100);
    DECLARE done INT DEFAULT 0;
    DECLARE course_cursor CURSOR FOR
        SELECT c.course_name
        FROM course c
        JOIN student_test_participation stp ON c.course_id = stp.test_id
        WHERE stp.student_id = p_student_id;

    DECLARE CONTINUE HANDLER FOR NOT FOUND SET done = 1;

    OPEN course_cursor;

    course_loop: LOOP
        FETCH course_cursor INTO course_name;
        IF done THEN
            LEAVE course_loop;
        END IF;
        SET course_list = CONCAT(course_list, course_name, ', ');
    END LOOP;

    CLOSE course_cursor;

    -- Remove the trailing comma and space
    IF CHAR_LENGTH(course_list) > 2 THEN
        SET course_list = LEFT(course_list, CHAR_LENGTH(course_list) - 2);
    END IF;

    RETURN course_list;
END$$

DELIMITER ;

-- --------------------------------------------------------

--
-- Table structure for table `bank_transfer`
--

CREATE TABLE `bank_transfer` (
  `transfer_id` int(11) NOT NULL,
  `amount` decimal(10,2) DEFAULT NULL,
  `transfer_date` date DEFAULT NULL,
  `description` varchar(255) DEFAULT NULL,
  `outgoing` tinyint(1) DEFAULT NULL
) ENGINE=InnoDB DEFAULT CHARSET=utf8mb4 COLLATE=utf8mb4_general_ci;

--
-- Dumping data for table `bank_transfer`
--

INSERT INTO `bank_transfer` (`transfer_id`, `amount`, `transfer_date`, `description`, `outgoing`) VALUES
(1, 650.38, '2021-01-24', 'feugiat et eros vestibulum ac est lacinia nisi venenatis tristique fusce congue diam id', 0),
(2, 714.55, '2023-08-02', 'nisi venenatis tristique fusce congue diam id ornare imperdiet sapien urna pretium nisl ut volutpat', 0),
(3, 110.47, '2015-02-24', 'accumsan odio curabitur convallis duis consequat dui nec nisi volutpat eleifend donec ut dolor morbi', 1),
(4, 633.93, '2022-11-29', 'cras non velit nec nisi vulputate nonummy maecenas tincidunt lacus at velit vivamus', 0),
(5, 470.85, '2019-01-29', 'eu massa donec dapibus duis at velit eu est congue elementum', 0),
(6, 295.49, '2018-10-23', 'pellentesque ultrices phasellus id sapien in sapien iaculis congue vivamus metus arcu adipiscing', 1),
(7, 458.70, '2020-08-28', 'faucibus cursus urna ut tellus nulla ut erat id mauris vulputate elementum nullam', 1),
(8, 280.94, '2017-11-25', 'ut massa quis augue luctus tincidunt nulla mollis molestie lorem quisque ut erat curabitur gravida nisi', 1),
(9, 924.39, '2016-02-26', 'habitasse platea dictumst etiam faucibus cursus urna ut tellus nulla ut erat id mauris', 0),
(10, 967.63, '2021-05-02', 'leo pellentesque ultrices mattis odio donec vitae nisi nam ultrices libero non mattis pulvinar nulla pede ullamcorper augue a suscipit', 0),
(11, 946.43, '2018-05-27', 'semper rutrum nulla nunc purus phasellus in felis donec semper', 0),
(12, 748.24, '2019-07-02', 'pellentesque viverra pede ac diam cras pellentesque volutpat dui maecenas tristique est et tempus semper est quam', 0),
(13, 81.74, '2016-04-19', 'est et tempus semper est quam pharetra magna ac consequat metus sapien ut nunc vestibulum', 1),
(14, 220.38, '2023-08-25', 'fermentum justo nec condimentum neque sapien placerat ante nulla justo aliquam quis turpis eget', 0),
(15, 130.09, '2021-05-30', 'sit amet diam in magna bibendum imperdiet nullam orci pede venenatis non sodales sed tincidunt eu felis', 1),
(16, 995.36, '2018-11-24', 'semper sapien a libero nam dui proin leo odio porttitor id consequat in consequat', 0),
(17, 469.40, '2019-06-10', 'nibh ligula nec sem duis aliquam convallis nunc proin at', 0),
(18, 139.11, '2017-07-20', 'cras in purus eu magna vulputate luctus cum sociis natoque penatibus', 1),
(19, 167.80, '2016-12-01', 'non ligula pellentesque ultrices phasellus id sapien in sapien iaculis congue vivamus metus', 0),
(20, 912.26, '2019-02-17', 'eu magna vulputate luctus cum sociis natoque penatibus et magnis dis parturient montes nascetur ridiculus mus vivamus vestibulum sagittis', 1),
(21, 940.04, '2015-05-02', 'sapien urna pretium nisl ut volutpat sapien arcu sed augue aliquam erat volutpat in congue etiam justo etiam pretium', 0),
(22, 709.04, '2022-11-16', 'fermentum justo nec condimentum neque sapien placerat ante nulla justo aliquam quis turpis', 1),
(23, 647.18, '2020-01-14', 'consectetuer adipiscing elit proin risus praesent lectus vestibulum quam sapien varius ut blandit non interdum', 1),
(24, 288.13, '2024-01-05', 'cum sociis natoque penatibus et magnis dis parturient montes nascetur', 0),
(25, 137.97, '2015-08-06', 'nulla ultrices aliquet maecenas leo odio condimentum id luctus nec molestie sed justo pellentesque', 0),
(26, 331.94, '2018-11-01', 'vel nulla eget eros elementum pellentesque quisque porta volutpat erat quisque erat eros viverra eget congue eget semper rutrum', 0),
(27, 394.98, '2017-08-19', 'bibendum felis sed interdum venenatis turpis enim blandit mi in porttitor pede', 1),
(28, 182.93, '2020-06-07', 'turpis adipiscing lorem vitae mattis nibh ligula nec sem duis aliquam convallis nunc proin at turpis a', 1),
(29, 224.58, '2018-10-30', 'sit amet diam in magna bibendum imperdiet nullam orci pede venenatis', 0),
(30, 851.50, '2021-11-23', 'pellentesque at nulla suspendisse potenti cras in purus eu magna vulputate luctus cum sociis natoque penatibus et', 0),
(31, 684.12, '2021-03-18', 'et ultrices posuere cubilia curae donec pharetra magna vestibulum aliquet', 0),
(32, 153.40, '2016-07-01', 'velit nec nisi vulputate nonummy maecenas tincidunt lacus at velit vivamus vel nulla eget eros elementum pellentesque quisque porta', 1),
(33, 760.85, '2015-11-16', 'orci mauris lacinia sapien quis libero nullam sit amet turpis elementum ligula vehicula consequat morbi a ipsum', 0),
(34, 142.86, '2023-12-27', 'iaculis congue vivamus metus arcu adipiscing molestie hendrerit at vulputate vitae nisl aenean lectus pellentesque eget nunc', 1),
(35, 838.17, '2022-11-23', 'elementum pellentesque quisque porta volutpat erat quisque erat eros viverra eget congue eget semper rutrum nulla nunc', 0),
(36, 177.50, '2015-01-09', 'laoreet ut rhoncus aliquet pulvinar sed nisl nunc rhoncus dui vel sem sed sagittis nam', 1),
(37, 195.76, '2021-12-06', 'interdum venenatis turpis enim blandit mi in porttitor pede justo eu massa donec dapibus duis at velit eu est congue', 1),
(38, 431.71, '2020-07-06', 'augue aliquam erat volutpat in congue etiam justo etiam pretium', 1),
(39, 88.42, '2023-06-30', 'nisl nunc nisl duis bibendum felis sed interdum venenatis turpis enim blandit mi in porttitor', 1),
(40, 821.62, '2018-01-08', 'et ultrices posuere cubilia curae duis faucibus accumsan odio curabitur', 0),
(41, 613.79, '2017-11-18', 'quam pharetra magna ac consequat metus sapien ut nunc vestibulum ante', 0),
(42, 700.70, '2017-05-06', 'posuere cubilia curae mauris viverra diam vitae quam suspendisse potenti nullam porttitor lacus at turpis donec posuere metus vitae', 1),
(43, 731.53, '2020-01-23', 'erat tortor sollicitudin mi sit amet lobortis sapien sapien non mi integer ac neque', 0),
(44, 630.43, '2021-02-04', 'etiam vel augue vestibulum rutrum rutrum neque aenean auctor gravida', 0),
(45, 291.09, '2021-10-24', 'a pede posuere nonummy integer non velit donec diam neque vestibulum eget vulputate ut ultrices vel augue vestibulum ante', 0),
(46, 311.41, '2021-05-18', 'magna bibendum imperdiet nullam orci pede venenatis non sodales sed tincidunt eu', 1),
(47, 362.86, '2021-10-28', 'eu felis fusce posuere felis sed lacus morbi sem mauris laoreet ut rhoncus aliquet pulvinar', 1),
(48, 969.99, '2015-08-16', 'posuere metus vitae ipsum aliquam non mauris morbi non lectus aliquam', 0),
(49, 820.76, '2019-01-25', 'at vulputate vitae nisl aenean lectus pellentesque eget nunc donec quis orci eget', 0),
(50, 450.73, '2020-02-29', 'mattis odio donec vitae nisi nam ultrices libero non mattis pulvinar nulla pede ullamcorper augue a suscipit nulla elit', 1),
(51, 293.91, '2019-01-29', 'justo nec condimentum neque sapien placerat ante nulla justo aliquam quis turpis eget elit sodales scelerisque mauris sit', 1),
(52, 154.54, '2017-08-30', 'fusce consequat nulla nisl nunc nisl duis bibendum felis sed interdum venenatis turpis enim blandit mi in porttitor pede justo', 1),
(53, 847.21, '2017-09-29', 'vehicula condimentum curabitur in libero ut massa volutpat convallis morbi odio odio elementum eu interdum eu tincidunt in leo maecenas', 1),
(54, 408.47, '2024-06-06', 'aliquet ultrices erat tortor sollicitudin mi sit amet lobortis sapien sapien non mi integer ac', 0),
(55, 980.01, '2020-09-29', 'mattis egestas metus aenean fermentum donec ut mauris eget massa tempor convallis nulla neque', 0),
(56, 581.44, '2023-04-25', 'ac leo pellentesque ultrices mattis odio donec vitae nisi nam', 0),
(57, 343.12, '2018-08-28', 'vulputate vitae nisl aenean lectus pellentesque eget nunc donec quis orci eget orci', 0),
(58, 458.26, '2022-01-14', 'metus sapien ut nunc vestibulum ante ipsum primis in faucibus orci', 0),
(59, 828.54, '2021-07-26', 'nam dui proin leo odio porttitor id consequat in consequat', 0),
(60, 142.45, '2015-05-28', 'pulvinar sed nisl nunc rhoncus dui vel sem sed sagittis nam congue risus semper porta volutpat quam', 1),
(61, 742.45, '2019-07-22', 'condimentum curabitur in libero ut massa volutpat convallis morbi odio', 1),
(62, 78.11, '2018-12-17', 'varius nulla facilisi cras non velit nec nisi vulputate nonummy maecenas tincidunt lacus at', 1),
(63, 407.15, '2017-05-10', 'vel augue vestibulum rutrum rutrum neque aenean auctor gravida sem praesent id massa id nisl venenatis lacinia aenean', 1),
(64, 223.06, '2019-11-15', 'primis in faucibus orci luctus et ultrices posuere cubilia curae', 0),
(65, 687.07, '2017-07-26', 'vel nisl duis ac nibh fusce lacus purus aliquet at feugiat non pretium quis', 0),
(66, 83.81, '2016-03-08', 'ligula sit amet eleifend pede libero quis orci nullam molestie nibh in lectus pellentesque at nulla suspendisse potenti cras', 1),
(67, 762.69, '2019-10-13', 'tellus semper interdum mauris ullamcorper purus sit amet nulla quisque arcu libero rutrum ac lobortis vel dapibus at diam', 0),
(68, 203.46, '2021-02-22', 'ante ipsum primis in faucibus orci luctus et ultrices posuere cubilia curae mauris viverra diam vitae quam suspendisse potenti nullam', 1),
(69, 809.98, '2014-11-27', 'odio in hac habitasse platea dictumst maecenas ut massa quis augue luctus tincidunt nulla mollis molestie lorem quisque ut erat', 1),
(70, 522.77, '2019-11-13', 'dapibus nulla suscipit ligula in lacus curabitur at ipsum ac tellus semper interdum mauris ullamcorper purus sit', 0),
(71, 305.19, '2020-03-20', 'quam pede lobortis ligula sit amet eleifend pede libero quis orci nullam molestie', 1),
(72, 134.18, '2023-02-07', 'pede ullamcorper augue a suscipit nulla elit ac nulla sed vel enim sit amet nunc viverra dapibus nulla', 1),
(73, 245.28, '2018-01-29', 'sapien arcu sed augue aliquam erat volutpat in congue etiam justo etiam', 0),
(74, 629.61, '2021-09-08', 'sapien a libero nam dui proin leo odio porttitor id consequat in consequat', 0),
(75, 273.20, '2023-12-22', 'ultrices posuere cubilia curae mauris viverra diam vitae quam suspendisse potenti nullam', 1),
(76, 403.00, '2023-05-22', 'tellus in sagittis dui vel nisl duis ac nibh fusce lacus purus aliquet at feugiat non pretium quis lectus suspendisse', 1),
(77, 159.76, '2021-12-18', 'curabitur convallis duis consequat dui nec nisi volutpat eleifend donec ut dolor morbi vel lectus in quam', 0),
(78, 452.21, '2018-12-22', 'sollicitudin vitae consectetuer eget rutrum at lorem integer tincidunt ante vel ipsum praesent blandit', 0),
(79, 897.29, '2014-08-25', 'at dolor quis odio consequat varius integer ac leo pellentesque ultrices mattis odio donec vitae', 1),
(80, 976.76, '2016-02-15', 'ipsum primis in faucibus orci luctus et ultrices posuere cubilia curae', 0),
(81, 108.29, '2016-08-26', 'turpis eget elit sodales scelerisque mauris sit amet eros suspendisse accumsan tortor', 1),
(82, 718.53, '2019-03-16', 'ut massa quis augue luctus tincidunt nulla mollis molestie lorem quisque ut erat curabitur gravida nisi at nibh in', 0),
(83, 415.54, '2017-01-25', 'lacinia sapien quis libero nullam sit amet turpis elementum ligula vehicula consequat morbi a', 1),
(84, 313.75, '2023-07-07', 'id lobortis convallis tortor risus dapibus augue vel accumsan tellus nisi eu orci mauris lacinia sapien quis libero nullam', 0),
(85, 469.50, '2017-12-25', 'orci luctus et ultrices posuere cubilia curae nulla dapibus dolor', 1),
(86, 901.33, '2015-03-14', 'in felis donec semper sapien a libero nam dui proin leo odio porttitor id consequat', 0),
(87, 421.84, '2016-02-20', 'diam erat fermentum justo nec condimentum neque sapien placerat ante nulla justo aliquam quis turpis', 1),
(88, 433.31, '2022-08-26', 'amet nulla quisque arcu libero rutrum ac lobortis vel dapibus at diam nam tristique tortor eu pede', 1),
(89, 356.41, '2024-05-19', 'non velit donec diam neque vestibulum eget vulputate ut ultrices vel augue vestibulum ante ipsum primis in faucibus orci', 1),
(90, 399.78, '2017-05-20', 'at vulputate vitae nisl aenean lectus pellentesque eget nunc donec quis orci eget orci vehicula condimentum curabitur in libero', 0),
(91, 267.02, '2016-02-02', 'vestibulum sagittis sapien cum sociis natoque penatibus et magnis dis parturient montes nascetur ridiculus mus etiam vel augue', 0),
(92, 824.46, '2014-06-27', 'curabitur convallis duis consequat dui nec nisi volutpat eleifend donec ut dolor morbi', 0),
(93, 948.81, '2017-08-21', 'nulla facilisi cras non velit nec nisi vulputate nonummy maecenas tincidunt lacus at velit vivamus vel nulla eget eros elementum', 0),
(94, 737.07, '2016-05-01', 'nec sem duis aliquam convallis nunc proin at turpis a', 0),
(95, 216.72, '2015-03-12', 'ipsum ac tellus semper interdum mauris ullamcorper purus sit amet nulla quisque arcu libero rutrum ac lobortis', 0),
(96, 712.54, '2018-12-08', 'dictumst etiam faucibus cursus urna ut tellus nulla ut erat id mauris vulputate elementum nullam varius', 0),
(97, 916.78, '2014-12-04', 'ac est lacinia nisi venenatis tristique fusce congue diam id ornare imperdiet sapien urna pretium nisl ut volutpat sapien', 0),
(98, 216.24, '2018-01-24', 'blandit lacinia erat vestibulum sed magna at nunc commodo placerat praesent blandit nam nulla integer pede', 1),
(99, 610.58, '2018-06-12', 'lorem ipsum dolor sit amet consectetuer adipiscing elit proin interdum mauris non ligula pellentesque', 0),
(100, 362.01, '2017-09-28', 'volutpat convallis morbi odio odio elementum eu interdum eu tincidunt in', 1),
(101, 497.39, '2017-07-14', 'amet justo morbi ut odio cras mi pede malesuada in imperdiet et commodo vulputate justo in blandit', 0),
(102, 841.55, '2018-12-21', 'morbi porttitor lorem id ligula suspendisse ornare consequat lectus in est risus auctor sed tristique in tempus', 0),
(103, 905.88, '2016-11-10', 'varius ut blandit non interdum in ante vestibulum ante ipsum primis in faucibus orci', 0),
(104, 695.86, '2018-07-28', 'duis bibendum morbi non quam nec dui luctus rutrum nulla tellus in sagittis dui vel', 0),
(105, 463.31, '2016-02-10', 'dolor sit amet consectetuer adipiscing elit proin interdum mauris non', 1),
(106, 158.84, '2016-06-21', 'at feugiat non pretium quis lectus suspendisse potenti in eleifend quam a', 1),
(107, 474.50, '2020-07-24', 'amet cursus id turpis integer aliquet massa id lobortis convallis tortor risus dapibus augue vel accumsan tellus', 0),
(108, 216.85, '2018-05-04', 'elit ac nulla sed vel enim sit amet nunc viverra dapibus nulla suscipit ligula in', 1),
(109, 969.63, '2014-08-12', 'vestibulum ante ipsum primis in faucibus orci luctus et ultrices posuere cubilia curae', 0),
(110, 394.07, '2019-02-07', 'elementum pellentesque quisque porta volutpat erat quisque erat eros viverra eget congue eget semper', 1),
(111, 666.71, '2021-10-28', 'dolor morbi vel lectus in quam fringilla rhoncus mauris enim leo rhoncus sed vestibulum sit amet cursus id turpis integer', 0),
(112, 178.01, '2017-01-15', 'risus dapibus augue vel accumsan tellus nisi eu orci mauris lacinia sapien', 1),
(113, 259.55, '2023-12-11', 'porttitor id consequat in consequat ut nulla sed accumsan felis ut at dolor quis odio', 0),
(114, 882.42, '2022-03-06', 'metus arcu adipiscing molestie hendrerit at vulputate vitae nisl aenean lectus pellentesque eget nunc donec quis orci eget orci', 0),
(115, 461.68, '2020-06-23', 'suscipit ligula in lacus curabitur at ipsum ac tellus semper interdum mauris ullamcorper purus sit amet nulla quisque arcu libero', 0),
(116, 529.43, '2021-01-07', 'id consequat in consequat ut nulla sed accumsan felis ut at dolor quis odio consequat varius integer ac leo', 0),
(117, 403.62, '2018-10-27', 'leo pellentesque ultrices mattis odio donec vitae nisi nam ultrices libero non', 0),
(118, 913.72, '2014-07-15', 'nunc commodo placerat praesent blandit nam nulla integer pede justo lacinia eget tincidunt eget tempus vel pede morbi porttitor', 1),
(119, 314.72, '2022-05-27', 'sodales sed tincidunt eu felis fusce posuere felis sed lacus morbi sem mauris laoreet ut rhoncus aliquet pulvinar sed nisl', 0),
(120, 432.50, '2024-04-26', 'vel nisl duis ac nibh fusce lacus purus aliquet at feugiat non pretium', 1),
(121, 842.22, '2022-03-31', 'velit eu est congue elementum in hac habitasse platea dictumst', 0),
(122, 55.27, '2014-12-14', 'eros vestibulum ac est lacinia nisi venenatis tristique fusce congue diam id ornare imperdiet sapien urna', 1),
(123, 176.97, '2021-01-22', 'venenatis non sodales sed tincidunt eu felis fusce posuere felis sed lacus morbi sem mauris laoreet ut', 1),
(124, 369.98, '2018-07-23', 'aliquet at feugiat non pretium quis lectus suspendisse potenti in eleifend quam a odio in hac', 0),
(125, 649.45, '2017-03-30', 'rhoncus mauris enim leo rhoncus sed vestibulum sit amet cursus id turpis integer aliquet massa id lobortis', 0),
(126, 840.04, '2015-09-11', 'tortor risus dapibus augue vel accumsan tellus nisi eu orci mauris lacinia sapien quis libero nullam', 1),
(127, 497.47, '2017-04-11', 'justo in blandit ultrices enim lorem ipsum dolor sit amet consectetuer adipiscing elit proin interdum mauris non ligula pellentesque', 1),
(128, 906.90, '2018-08-14', 'dictumst maecenas ut massa quis augue luctus tincidunt nulla mollis molestie lorem quisque ut', 1),
(129, 384.90, '2015-01-09', 'erat id mauris vulputate elementum nullam varius nulla facilisi cras non velit nec nisi vulputate nonummy maecenas tincidunt lacus at', 1),
(130, 285.65, '2016-03-04', 'sagittis dui vel nisl duis ac nibh fusce lacus purus aliquet at feugiat non pretium quis', 1),
(131, 133.99, '2016-06-01', 'neque libero convallis eget eleifend luctus ultricies eu nibh quisque id justo sit amet sapien dignissim vestibulum vestibulum ante', 0),
(132, 549.57, '2017-04-28', 'vitae quam suspendisse potenti nullam porttitor lacus at turpis donec posuere metus vitae', 0),
(133, 449.08, '2019-10-31', 'lorem vitae mattis nibh ligula nec sem duis aliquam convallis nunc proin', 1),
(134, 261.34, '2015-02-10', 'vel augue vestibulum rutrum rutrum neque aenean auctor gravida sem praesent id massa id nisl venenatis lacinia', 0),
(135, 458.75, '2016-09-06', 'pellentesque eget nunc donec quis orci eget orci vehicula condimentum', 1),
(136, 918.29, '2017-06-17', 'ac enim in tempor turpis nec euismod scelerisque quam turpis adipiscing lorem', 0),
(137, 443.07, '2014-11-03', 'dolor quis odio consequat varius integer ac leo pellentesque ultrices mattis odio donec vitae nisi nam', 1),
(138, 138.49, '2020-12-07', 'luctus ultricies eu nibh quisque id justo sit amet sapien dignissim vestibulum vestibulum', 1),
(139, 628.52, '2017-04-07', 'diam vitae quam suspendisse potenti nullam porttitor lacus at turpis donec posuere', 0),
(140, 305.72, '2019-06-21', 'turpis integer aliquet massa id lobortis convallis tortor risus dapibus augue vel accumsan tellus nisi eu orci mauris lacinia', 1),
(141, 211.41, '2019-01-26', 'nunc proin at turpis a pede posuere nonummy integer non velit donec diam neque vestibulum eget vulputate ut ultrices vel', 1),
(142, 314.12, '2017-09-11', 'consectetuer adipiscing elit proin interdum mauris non ligula pellentesque ultrices phasellus id', 1),
(143, 405.15, '2015-05-16', 'a odio in hac habitasse platea dictumst maecenas ut massa quis augue luctus tincidunt', 0),
(144, 926.75, '2024-05-11', 'penatibus et magnis dis parturient montes nascetur ridiculus mus etiam', 1),
(145, 644.10, '2020-01-04', 'primis in faucibus orci luctus et ultrices posuere cubilia curae donec pharetra', 0),
(146, 313.46, '2022-10-21', 'quam turpis adipiscing lorem vitae mattis nibh ligula nec sem duis', 1),
(147, 743.33, '2017-09-14', 'ut mauris eget massa tempor convallis nulla neque libero convallis eget eleifend luctus ultricies eu', 0),
(148, 382.06, '2024-01-18', 'volutpat quam pede lobortis ligula sit amet eleifend pede libero quis', 1),
(149, 259.14, '2019-01-28', 'vitae nisi nam ultrices libero non mattis pulvinar nulla pede ullamcorper augue a suscipit nulla elit ac', 1),
(150, 163.53, '2017-03-31', 'montes nascetur ridiculus mus vivamus vestibulum sagittis sapien cum sociis natoque penatibus et magnis dis', 1),
(151, 840.16, '2016-04-19', 'ac consequat metus sapien ut nunc vestibulum ante ipsum primis in faucibus orci luctus et ultrices posuere cubilia', 0),
(152, 556.85, '2024-01-07', 'sapien placerat ante nulla justo aliquam quis turpis eget elit sodales scelerisque mauris sit amet', 0),
(153, 842.41, '2022-02-27', 'nibh in quis justo maecenas rhoncus aliquam lacus morbi quis tortor', 0),
(154, 723.02, '2023-02-03', 'et tempus semper est quam pharetra magna ac consequat metus sapien ut nunc vestibulum ante', 0),
(155, 94.27, '2021-05-14', 'at turpis a pede posuere nonummy integer non velit donec diam neque vestibulum eget vulputate ut ultrices vel augue', 1),
(156, 608.60, '2015-07-04', 'ultrices enim lorem ipsum dolor sit amet consectetuer adipiscing elit proin interdum mauris', 0),
(157, 970.21, '2015-03-15', 'lacinia erat vestibulum sed magna at nunc commodo placerat praesent blandit nam nulla integer pede', 0),
(158, 337.54, '2021-01-05', 'auctor sed tristique in tempus sit amet sem fusce consequat nulla nisl nunc nisl duis bibendum felis', 1),
(159, 111.60, '2015-06-24', 'sodales sed tincidunt eu felis fusce posuere felis sed lacus morbi sem mauris', 1),
(160, 947.92, '2016-02-24', 'et commodo vulputate justo in blandit ultrices enim lorem ipsum dolor sit amet consectetuer adipiscing elit proin', 0),
(161, 222.70, '2022-08-30', 'velit vivamus vel nulla eget eros elementum pellentesque quisque porta volutpat erat quisque erat eros viverra eget congue', 1),
(162, 337.94, '2016-08-15', 'vulputate luctus cum sociis natoque penatibus et magnis dis parturient montes nascetur ridiculus mus vivamus vestibulum sagittis sapien', 1),
(163, 563.88, '2015-10-11', 'odio cras mi pede malesuada in imperdiet et commodo vulputate justo in', 0),
(164, 159.93, '2017-09-11', 'nulla elit ac nulla sed vel enim sit amet nunc viverra dapibus nulla suscipit ligula in lacus curabitur at', 0),
(165, 512.33, '2016-06-28', 'consequat metus sapien ut nunc vestibulum ante ipsum primis in faucibus', 0),
(166, 269.00, '2015-06-24', 'cras mi pede malesuada in imperdiet et commodo vulputate justo in blandit ultrices enim lorem ipsum', 0),
(167, 341.76, '2024-04-21', 'est lacinia nisi venenatis tristique fusce congue diam id ornare imperdiet sapien urna pretium nisl', 1),
(168, 698.36, '2020-07-01', 'ornare consequat lectus in est risus auctor sed tristique in tempus sit', 0),
(169, 127.49, '2024-06-07', 'rutrum at lorem integer tincidunt ante vel ipsum praesent blandit lacinia erat vestibulum', 1),
(170, 111.09, '2019-07-12', 'suscipit nulla elit ac nulla sed vel enim sit amet nunc viverra dapibus nulla', 1),
(171, 140.81, '2017-07-02', 'platea dictumst morbi vestibulum velit id pretium iaculis diam erat fermentum justo nec condimentum neque sapien placerat', 1),
(172, 410.09, '2014-07-25', 'ac leo pellentesque ultrices mattis odio donec vitae nisi nam', 1),
(173, 271.97, '2021-11-19', 'vel nulla eget eros elementum pellentesque quisque porta volutpat erat quisque erat eros viverra eget congue', 0),
(174, 569.03, '2023-05-14', 'tellus nisi eu orci mauris lacinia sapien quis libero nullam sit amet turpis', 0),
(175, 234.91, '2016-07-03', 'aliquam non mauris morbi non lectus aliquam sit amet diam in magna bibendum', 0),
(176, 254.89, '2020-11-12', 'nibh quisque id justo sit amet sapien dignissim vestibulum vestibulum ante ipsum primis in faucibus orci luctus et ultrices', 0),
(177, 799.56, '2015-04-13', 'sapien a libero nam dui proin leo odio porttitor id consequat in consequat', 0),
(178, 849.14, '2023-06-26', 'augue luctus tincidunt nulla mollis molestie lorem quisque ut erat curabitur gravida nisi at nibh in', 0),
(179, 149.99, '2016-01-23', 'odio condimentum id luctus nec molestie sed justo pellentesque viverra pede ac diam cras pellentesque volutpat dui maecenas tristique', 1),
(180, 827.94, '2020-06-08', 'lectus aliquam sit amet diam in magna bibendum imperdiet nullam orci pede', 0),
(181, 537.57, '2014-12-06', 'ligula suspendisse ornare consequat lectus in est risus auctor sed tristique in tempus sit amet sem fusce', 0),
(182, 777.85, '2017-02-27', 'nulla neque libero convallis eget eleifend luctus ultricies eu nibh', 0),
(183, 350.73, '2022-11-05', 'praesent lectus vestibulum quam sapien varius ut blandit non interdum in ante vestibulum ante ipsum primis in faucibus', 1),
(184, 92.93, '2014-12-09', 'tellus semper interdum mauris ullamcorper purus sit amet nulla quisque arcu libero rutrum ac lobortis vel dapibus at diam nam', 1),
(185, 426.97, '2015-07-03', 'varius nulla facilisi cras non velit nec nisi vulputate nonummy maecenas tincidunt', 1),
(186, 623.17, '2023-02-28', 'magnis dis parturient montes nascetur ridiculus mus etiam vel augue vestibulum rutrum rutrum neque aenean', 0),
(187, 417.94, '2018-08-25', 'integer tincidunt ante vel ipsum praesent blandit lacinia erat vestibulum sed magna at nunc commodo placerat', 1),
(188, 461.27, '2020-05-22', 'elit proin risus praesent lectus vestibulum quam sapien varius ut blandit non interdum in ante', 1),
(189, 461.40, '2017-12-19', 'et eros vestibulum ac est lacinia nisi venenatis tristique fusce congue diam id ornare imperdiet sapien urna', 1),
(190, 379.00, '2017-07-28', 'ut nulla sed accumsan felis ut at dolor quis odio consequat varius integer ac leo pellentesque ultrices mattis', 1),
(191, 498.81, '2022-09-16', 'gravida sem praesent id massa id nisl venenatis lacinia aenean sit amet', 0),
(192, 143.55, '2017-09-29', 'etiam vel augue vestibulum rutrum rutrum neque aenean auctor gravida sem praesent id', 0),
(193, 242.69, '2018-11-28', 'non ligula pellentesque ultrices phasellus id sapien in sapien iaculis congue vivamus metus arcu adipiscing molestie hendrerit', 1),
(194, 749.86, '2020-03-12', 'sagittis sapien cum sociis natoque penatibus et magnis dis parturient montes', 0),
(195, 75.08, '2020-12-19', 'lacus curabitur at ipsum ac tellus semper interdum mauris ullamcorper purus sit amet nulla quisque arcu libero rutrum', 1),
(196, 214.48, '2021-06-01', 'lorem integer tincidunt ante vel ipsum praesent blandit lacinia erat vestibulum sed magna at nunc commodo placerat praesent blandit nam', 1),
(197, 457.21, '2019-12-05', 'auctor sed tristique in tempus sit amet sem fusce consequat nulla nisl', 1),
(198, 235.97, '2017-06-08', 'ligula vehicula consequat morbi a ipsum integer a nibh in quis justo maecenas rhoncus aliquam', 0),
(199, 376.91, '2014-12-14', 'nullam orci pede venenatis non sodales sed tincidunt eu felis fusce posuere felis sed lacus morbi sem', 0),
(200, 441.36, '2022-12-15', 'non mauris morbi non lectus aliquam sit amet diam in magna bibendum imperdiet nullam orci pede venenatis non sodales', 1),
(201, 473.58, '2019-04-10', 'bibendum felis sed interdum venenatis turpis enim blandit mi in porttitor pede justo eu massa donec dapibus', 1),
(202, 449.80, '2016-11-14', 'sapien arcu sed augue aliquam erat volutpat in congue etiam justo etiam pretium', 1),
(203, 232.45, '2015-09-06', 'a feugiat et eros vestibulum ac est lacinia nisi venenatis tristique fusce congue diam id ornare imperdiet sapien urna pretium', 1),
(204, 274.00, '2024-06-13', 'proin at turpis a pede posuere nonummy integer non velit donec diam neque vestibulum eget vulputate ut ultrices vel augue', 1),
(205, 79.12, '2014-07-13', 'metus vitae ipsum aliquam non mauris morbi non lectus aliquam sit amet diam in magna bibendum imperdiet nullam', 1),
(206, 212.23, '2022-09-27', 'at ipsum ac tellus semper interdum mauris ullamcorper purus sit amet nulla quisque arcu libero', 1),
(207, 657.50, '2022-09-27', 'scelerisque mauris sit amet eros suspendisse accumsan tortor quis turpis sed ante vivamus tortor duis mattis egestas', 1),
(208, 238.32, '2019-05-31', 'maecenas tristique est et tempus semper est quam pharetra magna ac consequat metus', 0),
(209, 416.72, '2023-04-29', 'quam pharetra magna ac consequat metus sapien ut nunc vestibulum ante ipsum primis in faucibus orci luctus et', 0),
(210, 722.22, '2016-01-26', 'tempus semper est quam pharetra magna ac consequat metus sapien ut', 0),
(211, 409.91, '2015-06-05', 'sed lacus morbi sem mauris laoreet ut rhoncus aliquet pulvinar sed nisl nunc', 0),
(212, 991.07, '2015-02-24', 'ante vestibulum ante ipsum primis in faucibus orci luctus et ultrices posuere cubilia curae duis faucibus accumsan odio curabitur', 1),
(213, 798.29, '2023-01-19', 'tincidunt eget tempus vel pede morbi porttitor lorem id ligula suspendisse ornare consequat lectus in', 0),
(214, 128.62, '2018-06-14', 'potenti in eleifend quam a odio in hac habitasse platea', 0),
(215, 146.44, '2020-09-16', 'eros elementum pellentesque quisque porta volutpat erat quisque erat eros viverra eget congue eget semper rutrum', 1),
(216, 493.71, '2019-05-11', 'rhoncus aliquam lacus morbi quis tortor id nulla ultrices aliquet', 1),
(217, 800.65, '2023-07-15', 'amet nunc viverra dapibus nulla suscipit ligula in lacus curabitur at ipsum', 0),
(218, 976.27, '2024-02-29', 'in faucibus orci luctus et ultrices posuere cubilia curae nulla dapibus', 0),
(219, 371.61, '2015-12-16', 'lacinia erat vestibulum sed magna at nunc commodo placerat praesent blandit nam nulla integer', 1),
(220, 139.48, '2017-03-25', 'nec condimentum neque sapien placerat ante nulla justo aliquam quis turpis eget elit sodales scelerisque mauris sit amet eros suspendisse', 1),
(221, 494.82, '2017-04-15', 'sit amet cursus id turpis integer aliquet massa id lobortis', 1),
(222, 664.46, '2021-07-04', 'congue vivamus metus arcu adipiscing molestie hendrerit at vulputate vitae nisl aenean lectus', 0),
(223, 474.72, '2024-05-05', 'facilisi cras non velit nec nisi vulputate nonummy maecenas tincidunt lacus at velit vivamus vel nulla eget', 1),
(224, 899.93, '2018-01-03', 'donec pharetra magna vestibulum aliquet ultrices erat tortor sollicitudin mi sit', 0),
(225, 120.08, '2020-06-22', 'blandit nam nulla integer pede justo lacinia eget tincidunt eget tempus vel pede', 1),
(226, 708.57, '2018-04-21', 'magna vulputate luctus cum sociis natoque penatibus et magnis dis', 0),
(227, 631.73, '2023-11-12', 'erat fermentum justo nec condimentum neque sapien placerat ante nulla justo', 0),
(228, 947.48, '2023-12-19', 'nisl nunc nisl duis bibendum felis sed interdum venenatis turpis', 0),
(229, 841.44, '2014-09-10', 'venenatis non sodales sed tincidunt eu felis fusce posuere felis sed lacus morbi sem mauris', 0),
(230, 730.43, '2019-09-19', 'luctus nec molestie sed justo pellentesque viverra pede ac diam cras pellentesque volutpat dui maecenas', 0),
(231, 806.21, '2017-10-19', 'sagittis nam congue risus semper porta volutpat quam pede lobortis ligula sit amet', 0),
(232, 162.87, '2015-10-28', 'quam turpis adipiscing lorem vitae mattis nibh ligula nec sem duis aliquam convallis nunc proin', 0),
(233, 603.64, '2019-05-25', 'nam congue risus semper porta volutpat quam pede lobortis ligula sit amet eleifend pede libero quis orci nullam molestie nibh', 0),
(234, 948.38, '2015-02-04', 'aliquet at feugiat non pretium quis lectus suspendisse potenti in eleifend', 0),
(235, 433.18, '2022-05-31', 'rhoncus aliquam lacus morbi quis tortor id nulla ultrices aliquet maecenas', 1),
(236, 220.89, '2015-12-11', 'integer pede justo lacinia eget tincidunt eget tempus vel pede morbi porttitor lorem id', 1),
(237, 762.39, '2020-12-26', 'sed vel enim sit amet nunc viverra dapibus nulla suscipit ligula in lacus curabitur at', 0),
(238, 139.27, '2016-03-07', 'eget eros elementum pellentesque quisque porta volutpat erat quisque erat eros viverra eget', 1),
(239, 125.32, '2021-05-01', 'quis tortor id nulla ultrices aliquet maecenas leo odio condimentum id luctus', 1),
(240, 386.97, '2019-12-22', 'fusce lacus purus aliquet at feugiat non pretium quis lectus suspendisse potenti in eleifend', 1),
(241, 470.50, '2017-05-26', 'elit proin risus praesent lectus vestibulum quam sapien varius ut blandit non interdum in ante', 0),
(242, 861.25, '2020-06-07', 'primis in faucibus orci luctus et ultrices posuere cubilia curae donec pharetra magna vestibulum aliquet ultrices', 0),
(243, 409.04, '2019-01-07', 'quisque ut erat curabitur gravida nisi at nibh in hac habitasse platea dictumst aliquam augue quam', 1),
(244, 639.00, '2016-01-10', 'maecenas leo odio condimentum id luctus nec molestie sed justo pellentesque viverra pede', 1),
(245, 399.37, '2016-10-22', 'in est risus auctor sed tristique in tempus sit amet', 0),
(246, 371.75, '2014-10-21', 'at lorem integer tincidunt ante vel ipsum praesent blandit lacinia erat vestibulum', 1),
(247, 150.04, '2020-03-14', 'justo sollicitudin ut suscipit a feugiat et eros vestibulum ac est lacinia nisi venenatis tristique fusce congue diam id ornare', 0),
(248, 901.15, '2021-09-19', 'elementum in hac habitasse platea dictumst morbi vestibulum velit id pretium iaculis diam erat fermentum justo nec condimentum neque', 0),
(249, 948.88, '2021-05-02', 'dui proin leo odio porttitor id consequat in consequat ut nulla sed', 0),
(250, 105.43, '2019-07-06', 'mauris non ligula pellentesque ultrices phasellus id sapien in sapien iaculis congue vivamus metus arcu adipiscing molestie', 0),
(251, 157.64, '2016-02-02', 'justo nec condimentum neque sapien placerat ante nulla justo aliquam quis turpis eget', 0),
(252, 378.06, '2022-10-05', 'non sodales sed tincidunt eu felis fusce posuere felis sed lacus', 1),
(253, 53.55, '2017-08-02', 'faucibus orci luctus et ultrices posuere cubilia curae duis faucibus accumsan odio curabitur convallis duis consequat dui', 1),
(254, 402.26, '2023-01-13', 'amet eleifend pede libero quis orci nullam molestie nibh in lectus pellentesque at nulla suspendisse potenti cras in purus', 1),
(255, 137.24, '2017-11-22', 'amet eros suspendisse accumsan tortor quis turpis sed ante vivamus', 0),
(256, 199.18, '2020-07-05', 'quis odio consequat varius integer ac leo pellentesque ultrices mattis odio donec vitae nisi', 0),
(257, 871.77, '2017-04-19', 'feugiat non pretium quis lectus suspendisse potenti in eleifend quam', 0),
(258, 479.60, '2015-08-30', 'etiam pretium iaculis justo in hac habitasse platea dictumst etiam faucibus cursus', 1),
(259, 396.95, '2019-03-19', 'rutrum neque aenean auctor gravida sem praesent id massa id nisl venenatis lacinia aenean sit amet justo', 1),
(260, 279.47, '2016-07-22', 'nullam varius nulla facilisi cras non velit nec nisi vulputate nonummy maecenas tincidunt lacus', 1),
(261, 295.24, '2022-09-13', 'pellentesque at nulla suspendisse potenti cras in purus eu magna vulputate luctus cum sociis natoque penatibus', 0),
(262, 341.14, '2019-03-26', 'rutrum at lorem integer tincidunt ante vel ipsum praesent blandit', 1),
(263, 436.64, '2017-12-21', 'accumsan tortor quis turpis sed ante vivamus tortor duis mattis egestas metus aenean fermentum donec ut mauris eget massa', 0),
(264, 264.86, '2022-01-18', 'dapibus duis at velit eu est congue elementum in hac habitasse platea', 1),
(265, 170.67, '2024-06-02', 'accumsan tellus nisi eu orci mauris lacinia sapien quis libero nullam', 1),
(266, 947.10, '2016-03-08', 'nam dui proin leo odio porttitor id consequat in consequat ut', 0),
(267, 244.17, '2020-12-03', 'imperdiet nullam orci pede venenatis non sodales sed tincidunt eu felis fusce posuere felis sed', 0),
(268, 289.08, '2020-11-05', 'volutpat quam pede lobortis ligula sit amet eleifend pede libero quis orci', 1),
(269, 397.56, '2022-02-04', 'nulla integer pede justo lacinia eget tincidunt eget tempus vel pede morbi porttitor lorem id ligula suspendisse', 1),
(270, 414.23, '2020-12-15', 'erat tortor sollicitudin mi sit amet lobortis sapien sapien non mi integer ac neque duis bibendum morbi non quam nec', 0),
(271, 337.98, '2024-05-16', 'turpis nec euismod scelerisque quam turpis adipiscing lorem vitae mattis nibh ligula nec sem duis', 1),
(272, 234.99, '2019-02-10', 'posuere cubilia curae mauris viverra diam vitae quam suspendisse potenti', 1),
(273, 147.77, '2019-06-29', 'enim in tempor turpis nec euismod scelerisque quam turpis adipiscing lorem vitae mattis', 0),
(274, 138.94, '2015-11-25', 'scelerisque quam turpis adipiscing lorem vitae mattis nibh ligula nec sem duis aliquam convallis nunc proin at turpis', 0),
(275, 567.94, '2015-06-01', 'orci luctus et ultrices posuere cubilia curae nulla dapibus dolor vel est donec odio justo sollicitudin ut suscipit a feugiat', 0),
(276, 215.07, '2015-07-10', 'vestibulum eget vulputate ut ultrices vel augue vestibulum ante ipsum primis in', 1),
(277, 904.45, '2021-10-19', 'condimentum id luctus nec molestie sed justo pellentesque viverra pede ac diam', 0),
(278, 823.31, '2022-07-13', 'a feugiat et eros vestibulum ac est lacinia nisi venenatis tristique fusce congue diam id ornare imperdiet sapien urna pretium', 0),
(279, 994.52, '2018-03-13', 'vivamus in felis eu sapien cursus vestibulum proin eu mi', 0),
(280, 81.99, '2016-06-03', 'amet consectetuer adipiscing elit proin risus praesent lectus vestibulum quam sapien varius ut blandit non interdum', 1),
(281, 838.13, '2021-07-06', 'faucibus cursus urna ut tellus nulla ut erat id mauris vulputate', 1),
(282, 287.15, '2015-04-10', 'ac diam cras pellentesque volutpat dui maecenas tristique est et tempus semper', 1),
(283, 709.69, '2018-03-27', 'ornare consequat lectus in est risus auctor sed tristique in tempus sit amet sem fusce consequat nulla nisl', 0),
(284, 300.14, '2022-08-03', 'ut nunc vestibulum ante ipsum primis in faucibus orci luctus et ultrices posuere cubilia curae', 1),
(285, 999.78, '2021-07-22', 'nam ultrices libero non mattis pulvinar nulla pede ullamcorper augue a suscipit nulla elit ac', 0),
(286, 782.30, '2015-08-04', 'ut volutpat sapien arcu sed augue aliquam erat volutpat in congue etiam justo etiam pretium iaculis justo in hac', 1),
(287, 371.44, '2020-10-28', 'non pretium quis lectus suspendisse potenti in eleifend quam a odio in hac habitasse platea', 0),
(288, 393.14, '2014-10-11', 'ligula nec sem duis aliquam convallis nunc proin at turpis a pede', 1),
(289, 253.31, '2023-10-12', 'augue quam sollicitudin vitae consectetuer eget rutrum at lorem integer tincidunt ante vel ipsum praesent blandit lacinia erat vestibulum', 1),
(290, 189.11, '2020-10-20', 'eget massa tempor convallis nulla neque libero convallis eget eleifend luctus ultricies eu', 0),
(291, 814.58, '2020-10-20', 'ut ultrices vel augue vestibulum ante ipsum primis in faucibus orci luctus et', 0),
(292, 396.67, '2023-03-10', 'ipsum ac tellus semper interdum mauris ullamcorper purus sit amet nulla quisque arcu libero', 1),
(293, 718.49, '2019-04-24', 'mi sit amet lobortis sapien sapien non mi integer ac neque duis bibendum morbi non quam nec dui luctus', 1),
(294, 462.43, '2023-01-14', 'eros elementum pellentesque quisque porta volutpat erat quisque erat eros viverra eget', 1),
(295, 780.29, '2016-01-31', 'lacus purus aliquet at feugiat non pretium quis lectus suspendisse', 0),
(296, 638.41, '2016-10-09', 'erat fermentum justo nec condimentum neque sapien placerat ante nulla justo aliquam quis turpis eget elit', 0),
(297, 209.22, '2019-11-17', 'et eros vestibulum ac est lacinia nisi venenatis tristique fusce congue diam id ornare imperdiet sapien urna pretium nisl ut', 1),
(298, 369.34, '2018-07-19', 'tortor sollicitudin mi sit amet lobortis sapien sapien non mi integer ac neque duis bibendum morbi', 1),
(299, 97.61, '2016-09-15', 'blandit mi in porttitor pede justo eu massa donec dapibus duis at velit eu est congue', 1),
(300, 905.40, '2023-07-28', 'lacus purus aliquet at feugiat non pretium quis lectus suspendisse potenti in eleifend quam a odio in', 0),
(301, 647.85, '2023-12-06', 'leo odio porttitor id consequat in consequat ut nulla sed accumsan felis ut at', 0),
(302, 929.85, '2018-06-17', 'turpis adipiscing lorem vitae mattis nibh ligula nec sem duis aliquam convallis nunc', 0),
(303, 443.98, '2020-02-25', 'ante vestibulum ante ipsum primis in faucibus orci luctus et ultrices posuere cubilia curae', 0),
(304, 444.39, '2016-10-16', 'turpis enim blandit mi in porttitor pede justo eu massa donec dapibus duis at velit eu est congue elementum in', 0),
(305, 130.24, '2014-07-09', 'urna pretium nisl ut volutpat sapien arcu sed augue aliquam erat volutpat in', 0),
(306, 505.65, '2019-02-12', 'pede justo eu massa donec dapibus duis at velit eu est congue elementum in hac', 0),
(307, 942.65, '2021-08-28', 'sed vel enim sit amet nunc viverra dapibus nulla suscipit ligula in lacus curabitur at ipsum ac', 0),
(308, 494.78, '2023-03-11', 'ultrices aliquet maecenas leo odio condimentum id luctus nec molestie sed justo pellentesque viverra pede ac diam', 0),
(309, 183.28, '2016-02-04', 'quisque arcu libero rutrum ac lobortis vel dapibus at diam nam tristique tortor', 1),
(310, 792.32, '2016-02-14', 'lacus curabitur at ipsum ac tellus semper interdum mauris ullamcorper purus sit amet nulla quisque arcu', 0),
(311, 177.18, '2023-03-31', 'diam neque vestibulum eget vulputate ut ultrices vel augue vestibulum ante ipsum primis in', 1),
(312, 555.80, '2017-06-17', 'nisl duis bibendum felis sed interdum venenatis turpis enim blandit', 0),
(313, 359.64, '2017-07-02', 'tincidunt eget tempus vel pede morbi porttitor lorem id ligula suspendisse ornare consequat lectus in est risus auctor sed', 0),
(314, 876.04, '2021-12-02', 'praesent id massa id nisl venenatis lacinia aenean sit amet justo morbi ut odio cras mi', 0),
(315, 687.34, '2015-05-31', 'blandit mi in porttitor pede justo eu massa donec dapibus duis at', 0),
(316, 614.48, '2016-05-07', 'erat quisque erat eros viverra eget congue eget semper rutrum nulla nunc purus phasellus in', 0),
(317, 323.62, '2015-06-19', 'dapibus nulla suscipit ligula in lacus curabitur at ipsum ac tellus', 0),
(318, 714.48, '2019-04-23', 'sapien iaculis congue vivamus metus arcu adipiscing molestie hendrerit at vulputate vitae nisl aenean lectus pellentesque eget', 1),
(319, 471.17, '2015-08-21', 'odio in hac habitasse platea dictumst maecenas ut massa quis augue luctus tincidunt', 1),
(320, 386.25, '2019-05-31', 'enim sit amet nunc viverra dapibus nulla suscipit ligula in lacus', 0),
(321, 244.36, '2016-05-25', 'velit id pretium iaculis diam erat fermentum justo nec condimentum neque sapien placerat ante nulla justo aliquam', 0),
(322, 371.71, '2023-11-22', 'in hac habitasse platea dictumst maecenas ut massa quis augue luctus tincidunt nulla mollis molestie lorem quisque', 1),
(323, 262.02, '2014-11-01', 'interdum in ante vestibulum ante ipsum primis in faucibus orci luctus et', 0),
(324, 254.82, '2020-05-12', 'nulla eget eros elementum pellentesque quisque porta volutpat erat quisque erat eros viverra eget congue eget semper rutrum nulla nunc', 0),
(325, 471.00, '2016-12-11', 'luctus ultricies eu nibh quisque id justo sit amet sapien dignissim vestibulum vestibulum ante ipsum', 0),
(326, 438.66, '2018-10-07', 'lacus morbi sem mauris laoreet ut rhoncus aliquet pulvinar sed nisl', 0),
(327, 94.05, '2015-07-03', 'parturient montes nascetur ridiculus mus vivamus vestibulum sagittis sapien cum sociis natoque penatibus et magnis', 1),
(328, 280.50, '2017-04-19', 'nullam porttitor lacus at turpis donec posuere metus vitae ipsum aliquam non mauris', 0),
(329, 678.23, '2022-08-03', 'porta volutpat quam pede lobortis ligula sit amet eleifend pede libero quis orci nullam molestie nibh in', 0),
(330, 968.83, '2020-10-05', 'nulla sed vel enim sit amet nunc viverra dapibus nulla suscipit ligula', 0),
(331, 149.50, '2015-02-25', 'consequat lectus in est risus auctor sed tristique in tempus sit amet sem fusce consequat', 0),
(332, 759.14, '2024-03-19', 'vestibulum velit id pretium iaculis diam erat fermentum justo nec condimentum neque sapien placerat ante nulla justo aliquam', 1),
(333, 348.87, '2018-12-13', 'tincidunt lacus at velit vivamus vel nulla eget eros elementum pellentesque quisque porta volutpat erat quisque erat', 1),
(334, 654.39, '2018-10-07', 'ut erat curabitur gravida nisi at nibh in hac habitasse platea', 0),
(335, 78.45, '2015-12-31', 'congue etiam justo etiam pretium iaculis justo in hac habitasse platea dictumst etiam faucibus cursus urna ut tellus nulla ut', 1),
(336, 935.42, '2020-08-31', 'nullam sit amet turpis elementum ligula vehicula consequat morbi a ipsum integer a nibh in quis', 0),
(337, 388.48, '2019-12-21', 'erat curabitur gravida nisi at nibh in hac habitasse platea dictumst aliquam augue quam sollicitudin', 1),
(338, 57.77, '2023-03-20', 'congue diam id ornare imperdiet sapien urna pretium nisl ut volutpat sapien arcu sed augue', 1),
(339, 494.82, '2024-02-04', 'ullamcorper purus sit amet nulla quisque arcu libero rutrum ac lobortis vel dapibus', 1),
(340, 158.11, '2017-06-10', 'nunc nisl duis bibendum felis sed interdum venenatis turpis enim blandit mi in porttitor pede justo eu', 0),
(341, 478.62, '2022-11-30', 'diam cras pellentesque volutpat dui maecenas tristique est et tempus semper est quam pharetra magna ac', 1),
(342, 147.22, '2016-10-10', 'risus auctor sed tristique in tempus sit amet sem fusce consequat', 0),
(343, 131.55, '2018-07-16', 'sapien a libero nam dui proin leo odio porttitor id consequat in consequat ut nulla sed accumsan', 0),
(344, 472.80, '2014-11-30', 'nulla suspendisse potenti cras in purus eu magna vulputate luctus cum sociis natoque penatibus et magnis dis parturient montes nascetur', 1),
(345, 707.56, '2015-11-10', 'ac diam cras pellentesque volutpat dui maecenas tristique est et tempus semper est quam pharetra magna ac consequat metus sapien', 0),
(346, 468.54, '2022-08-14', 'sed interdum venenatis turpis enim blandit mi in porttitor pede justo eu massa donec dapibus duis at', 0),
(347, 249.64, '2021-11-23', 'mollis molestie lorem quisque ut erat curabitur gravida nisi at nibh in hac habitasse platea dictumst aliquam augue quam sollicitudin', 0),
(348, 772.04, '2015-09-04', 'nunc commodo placerat praesent blandit nam nulla integer pede justo lacinia', 1),
(349, 995.93, '2017-07-23', 'luctus et ultrices posuere cubilia curae nulla dapibus dolor vel est donec odio justo sollicitudin', 0),
(350, 239.32, '2018-04-06', 'eros elementum pellentesque quisque porta volutpat erat quisque erat eros viverra eget congue eget semper rutrum nulla nunc purus phasellus', 1),
(351, 645.93, '2016-02-17', 'eu tincidunt in leo maecenas pulvinar lobortis est phasellus sit amet erat nulla tempus vivamus in felis eu sapien', 0),
(352, 93.49, '2022-02-14', 'in faucibus orci luctus et ultrices posuere cubilia curae donec pharetra', 1),
(353, 122.91, '2022-03-04', 'ut nulla sed accumsan felis ut at dolor quis odio consequat varius integer ac leo pellentesque ultrices', 1),
(354, 95.75, '2022-12-13', 'ullamcorper augue a suscipit nulla elit ac nulla sed vel enim sit amet nunc viverra dapibus nulla suscipit ligula', 1),
(355, 475.48, '2016-09-12', 'urna pretium nisl ut volutpat sapien arcu sed augue aliquam erat volutpat in', 1),
(356, 180.68, '2014-08-03', 'non velit nec nisi vulputate nonummy maecenas tincidunt lacus at velit vivamus vel nulla eget eros', 0),
(357, 374.55, '2016-11-01', 'posuere felis sed lacus morbi sem mauris laoreet ut rhoncus aliquet', 1),
(358, 210.44, '2018-04-26', 'velit id pretium iaculis diam erat fermentum justo nec condimentum neque', 1),
(359, 114.36, '2016-02-17', 'in quam fringilla rhoncus mauris enim leo rhoncus sed vestibulum sit amet cursus id turpis integer aliquet massa', 0),
(360, 262.73, '2023-05-25', 'ut massa quis augue luctus tincidunt nulla mollis molestie lorem quisque ut erat curabitur gravida', 1),
(361, 246.65, '2017-10-20', 'elementum pellentesque quisque porta volutpat erat quisque erat eros viverra eget congue eget semper rutrum nulla', 0),
(362, 387.15, '2014-10-05', 'euismod scelerisque quam turpis adipiscing lorem vitae mattis nibh ligula nec sem', 1),
(363, 173.41, '2020-11-18', 'porta volutpat quam pede lobortis ligula sit amet eleifend pede libero quis orci nullam molestie nibh in lectus pellentesque', 0),
(364, 496.03, '2021-07-28', 'nulla dapibus dolor vel est donec odio justo sollicitudin ut suscipit', 1),
(365, 262.43, '2015-12-02', 'nulla elit ac nulla sed vel enim sit amet nunc viverra dapibus nulla suscipit ligula in lacus curabitur at ipsum', 1),
(366, 481.28, '2020-12-01', 'aenean fermentum donec ut mauris eget massa tempor convallis nulla neque libero convallis eget', 0),
(367, 387.65, '2019-01-29', 'vel sem sed sagittis nam congue risus semper porta volutpat quam pede lobortis ligula sit amet eleifend', 0),
(368, 107.95, '2019-12-12', 'cum sociis natoque penatibus et magnis dis parturient montes nascetur ridiculus mus etiam vel augue vestibulum rutrum rutrum neque', 0),
(369, 595.93, '2023-03-24', 'viverra eget congue eget semper rutrum nulla nunc purus phasellus in felis donec', 0),
(370, 608.70, '2014-09-13', 'bibendum felis sed interdum venenatis turpis enim blandit mi in porttitor pede justo eu massa', 0),
(371, 116.08, '2018-03-20', 'sem fusce consequat nulla nisl nunc nisl duis bibendum felis sed interdum venenatis turpis enim blandit mi in', 1),
(372, 583.63, '2017-11-29', 'nulla tellus in sagittis dui vel nisl duis ac nibh fusce lacus purus aliquet at feugiat non', 1),
(373, 447.08, '2023-08-11', 'integer a nibh in quis justo maecenas rhoncus aliquam lacus morbi quis tortor', 1),
(374, 211.51, '2017-05-07', 'euismod scelerisque quam turpis adipiscing lorem vitae mattis nibh ligula nec sem duis aliquam', 1),
(375, 395.01, '2015-02-02', 'mi sit amet lobortis sapien sapien non mi integer ac', 1),
(376, 171.56, '2023-09-09', 'faucibus orci luctus et ultrices posuere cubilia curae nulla dapibus dolor vel est', 1),
(377, 93.12, '2022-12-14', 'nisl duis bibendum felis sed interdum venenatis turpis enim blandit mi in porttitor pede justo eu massa donec dapibus', 1),
(378, 114.75, '2015-09-03', 'volutpat eleifend donec ut dolor morbi vel lectus in quam', 0),
(379, 477.00, '2019-11-02', 'curabitur convallis duis consequat dui nec nisi volutpat eleifend donec ut dolor morbi', 0),
(380, 387.95, '2023-01-04', 'pharetra magna vestibulum aliquet ultrices erat tortor sollicitudin mi sit amet lobortis sapien sapien non mi integer ac', 1),
(381, 171.37, '2024-03-01', 'sed magna at nunc commodo placerat praesent blandit nam nulla integer pede justo lacinia', 0),
(382, 789.02, '2019-01-31', 'justo eu massa donec dapibus duis at velit eu est congue elementum in hac habitasse platea dictumst morbi vestibulum velit', 0),
(383, 243.63, '2020-02-28', 'eleifend luctus ultricies eu nibh quisque id justo sit amet sapien dignissim vestibulum vestibulum ante ipsum primis', 1),
(384, 712.87, '2018-09-15', 'volutpat erat quisque erat eros viverra eget congue eget semper rutrum', 0),
(385, 628.94, '2022-03-14', 'posuere felis sed lacus morbi sem mauris laoreet ut rhoncus aliquet pulvinar sed nisl', 0),
(386, 558.73, '2016-08-07', 'penatibus et magnis dis parturient montes nascetur ridiculus mus etiam vel augue vestibulum rutrum rutrum neque aenean', 1),
(387, 314.28, '2023-01-15', 'magna bibendum imperdiet nullam orci pede venenatis non sodales sed tincidunt eu felis fusce', 1);
INSERT INTO `bank_transfer` (`transfer_id`, `amount`, `transfer_date`, `description`, `outgoing`) VALUES
(388, 159.06, '2022-03-12', 'vehicula consequat morbi a ipsum integer a nibh in quis justo maecenas rhoncus aliquam lacus morbi', 1),
(389, 983.93, '2018-07-17', 'ut rhoncus aliquet pulvinar sed nisl nunc rhoncus dui vel sem sed sagittis nam congue', 0),
(390, 243.24, '2021-11-06', 'aenean sit amet justo morbi ut odio cras mi pede', 1),
(391, 129.56, '2017-04-11', 'convallis tortor risus dapibus augue vel accumsan tellus nisi eu orci mauris', 1),
(392, 56.58, '2019-06-30', 'at vulputate vitae nisl aenean lectus pellentesque eget nunc donec quis orci eget orci vehicula condimentum curabitur in libero', 1),
(393, 388.58, '2016-11-23', 'tristique in tempus sit amet sem fusce consequat nulla nisl nunc nisl duis bibendum felis sed interdum venenatis turpis', 1),
(394, 183.43, '2023-09-30', 'vivamus vel nulla eget eros elementum pellentesque quisque porta volutpat erat', 0),
(395, 483.78, '2014-12-04', 'lacus at turpis donec posuere metus vitae ipsum aliquam non mauris morbi non lectus aliquam sit amet diam', 0),
(396, 695.45, '2018-08-20', 'morbi a ipsum integer a nibh in quis justo maecenas', 0),
(397, 580.24, '2017-05-18', 'dui luctus rutrum nulla tellus in sagittis dui vel nisl', 0),
(398, 168.47, '2015-11-25', 'ligula vehicula consequat morbi a ipsum integer a nibh in quis justo', 0),
(399, 165.50, '2023-06-10', 'commodo placerat praesent blandit nam nulla integer pede justo lacinia eget tincidunt eget', 1),
(400, 375.98, '2020-12-05', 'vel lectus in quam fringilla rhoncus mauris enim leo rhoncus sed vestibulum sit amet', 1);

-- --------------------------------------------------------

--
-- Table structure for table `course`
--

CREATE TABLE `course` (
  `course_id` int(11) NOT NULL,
  `course_name` varchar(100) DEFAULT NULL,
  `department` varchar(100) DEFAULT NULL,
  `credit_hours` int(11) DEFAULT 3,
  `coordinator_id` int(11) DEFAULT NULL,
  `course_cost` decimal(10,2) DEFAULT NULL,
  `professor_pay` decimal(10,2) DEFAULT NULL
) ENGINE=InnoDB DEFAULT CHARSET=utf8mb4 COLLATE=utf8mb4_general_ci;

--
-- Dumping data for table `course`
--

INSERT INTO `course` (`course_id`, `course_name`, `department`, `credit_hours`, `coordinator_id`, `course_cost`, `professor_pay`) VALUES
(1, 'Calculus I', 'Psychology', 3, 768, NULL, NULL),
(2, 'Microbiology', 'Biology', 3, 337, NULL, NULL),
(3, 'Algorithms', 'Computer Science', 2, 125, NULL, NULL),
(4, 'Genetics', 'English', 4, 195, NULL, NULL),
(5, 'Intro to CS', 'Physics', 4, 553, NULL, NULL),
(6, 'Statistics', 'Mathematics', 4, 409, NULL, NULL),
(8, 'Classical Mechanics', 'Chemistry', 4, 421, NULL, NULL),
(9, 'World History', 'Philosophy', 4, 607, NULL, NULL),
(10, 'Literature', 'Economics', 2, 909, NULL, NULL),
(11, 'Organic Chemistry', 'Philosophy', 4, 712, NULL, NULL),
(12, 'Linear Algebra', 'Computer Science', 4, 287, NULL, NULL),
(13, 'Database Systems', 'Computer Science', 3, 47, NULL, NULL),
(14, 'Statistics', 'Psychology', 2, 48, NULL, NULL),
(15, 'Genetics', 'Biology', 2, 286, NULL, NULL),
(16, 'Genetics', 'Computer Science', 5, 188, NULL, NULL),
(17, 'Statistics', 'Computer Science', 5, 951, NULL, NULL),
(18, 'World History', 'English', 5, 967, NULL, NULL),
(19, 'Classical Mechanics', 'Philosophy', 3, 279, NULL, NULL),
(20, 'Organic Chemistry', 'Physics', 4, 549, NULL, NULL),
(21, 'World History', 'Physics', 3, 489, NULL, NULL),
(22, 'Inorganic Chemistry', 'Mathematics', 5, 927, NULL, NULL),
(23, 'Literature', 'Mathematics', 2, 606, NULL, NULL),
(24, 'Classical Mechanics', 'History', 1, 205, NULL, NULL),
(25, 'Data Structures', 'English', 4, 609, NULL, NULL),
(26, 'Linear Algebra', 'Mathematics', 5, 478, NULL, NULL),
(27, 'Genetics', 'English', 4, 573, NULL, NULL),
(28, 'Calculus I', 'Mathematics', 4, 303, NULL, NULL),
(29, 'Database Systems', 'Chemistry', 1, 741, NULL, NULL),
(31, 'Algorithms', 'Physics', 3, 749, NULL, NULL),
(33, 'Intro to CS', 'Biology', 2, 74, NULL, NULL),
(35, 'Literature', 'Chemistry', 1, 96, NULL, NULL),
(36, 'Linear Algebra', 'Computer Science', 4, 303, NULL, NULL),
(37, 'Organic Chemistry', 'English', 2, 433, NULL, NULL),
(39, 'Intro to CS', 'English', 5, 789, NULL, NULL),
(40, 'Inorganic Chemistry', 'Economics', 2, 556, NULL, NULL),
(41, 'World History', 'Chemistry', 2, 549, NULL, NULL),
(42, 'Operating Systems', 'Biology', 2, 212, NULL, NULL),
(43, 'Quantum Physics', 'Chemistry', 2, 948, NULL, NULL),
(44, 'Database Systems', 'Physics', 1, 242, NULL, NULL),
(45, 'Inorganic Chemistry', 'Psychology', 5, 263, NULL, NULL),
(48, 'Linear Algebra', 'Computer Science', 3, 38, NULL, NULL),
(49, 'Linear Algebra', 'Philosophy', 2, 121, NULL, NULL),
(50, 'Linear Algebra', 'English', 3, 300, NULL, NULL),
(52, 'Inorganic Chemistry', 'Economics', 3, 359, NULL, NULL),
(53, 'Quantum Physics', 'English', 1, 108, NULL, NULL),
(54, 'Operating Systems', 'History', 2, 232, NULL, NULL),
(55, 'Microbiology', 'Physics', 5, 364, NULL, NULL),
(56, 'Algorithms', 'Economics', 4, 828, NULL, NULL),
(57, 'Statistics', 'Psychology', 3, 353, NULL, NULL),
(58, 'Ethics', 'Chemistry', 2, 322, NULL, NULL),
(59, 'World History', 'Biology', 3, 571, NULL, NULL),
(60, 'Classical Mechanics', 'English', 1, 256, NULL, NULL),
(61, 'Macroeconomics', 'English', 4, 980, NULL, NULL),
(62, 'Genetics', 'Psychology', 3, 570, NULL, NULL),
(63, 'Database Systems', 'English', 4, 170, NULL, NULL),
(64, 'Inorganic Chemistry', 'Biology', 5, 626, NULL, NULL),
(65, 'World History', 'Economics', 2, 348, NULL, NULL),
(66, 'Macroeconomics', 'Biology', 2, 867, NULL, NULL),
(67, 'Linear Algebra', 'Biology', 4, 428, NULL, NULL),
(68, 'Macroeconomics', 'Psychology', 1, 456, NULL, NULL),
(69, 'Inorganic Chemistry', 'Psychology', 3, 124, NULL, NULL),
(71, 'Inorganic Chemistry', 'History', 3, 168, NULL, NULL),
(72, 'World History', 'History', 1, 833, NULL, NULL),
(73, 'Quantum Physics', 'Physics', 1, 703, NULL, NULL),
(74, 'Discrete Math', 'Physics', 4, 192, NULL, NULL),
(75, 'Data Structures', 'Computer Science', 1, 955, NULL, NULL),
(76, 'Macroeconomics', 'History', 3, 433, NULL, NULL),
(77, 'Calculus II', 'Physics', 3, 753, NULL, NULL),
(78, 'Database Systems', 'History', 2, 562, NULL, NULL),
(80, 'Quantum Physics', 'Economics', 3, 50, NULL, NULL),
(81, 'Macroeconomics', 'Biology', 3, 571, NULL, NULL),
(82, 'Quantum Physics', 'Computer Science', 1, 647, NULL, NULL),
(83, 'Operating Systems', 'Chemistry', 4, 96, NULL, NULL),
(84, 'Calculus II', 'Psychology', 5, 673, NULL, NULL),
(85, 'Calculus II', 'History', 5, 837, NULL, NULL),
(86, 'Macroeconomics', 'Philosophy', 3, 178, NULL, NULL),
(87, 'Statistics', 'Chemistry', 4, 575, NULL, NULL),
(88, 'Ethics', 'English', 2, 872, NULL, NULL),
(89, 'Microbiology', 'Philosophy', 5, 132, NULL, NULL),
(90, 'Discrete Math', 'Physics', 2, 493, NULL, NULL),
(91, 'Data Structures', 'Chemistry', 1, 355, NULL, NULL),
(93, 'Data Structures', 'Mathematics', 2, 8, NULL, NULL),
(94, 'Linear Algebra', 'Mathematics', 5, 654, NULL, NULL),
(95, 'Database Systems', 'Chemistry', 1, 682, NULL, NULL),
(96, 'Organic Chemistry', 'History', 5, 865, NULL, NULL),
(97, 'Organic Chemistry', 'Computer Science', 2, 26, NULL, NULL),
(98, 'Statistics', 'Philosophy', 2, 485, NULL, NULL),
(99, 'Data Structures', 'Physics', 4, 66, NULL, NULL),
(100, 'Statistics', 'History', 5, 424, NULL, NULL),
(101, 'Ethics', 'History', 2, 954, NULL, NULL),
(102, 'World History', 'Computer Science', 5, 420, NULL, NULL),
(103, 'Ethics', 'Psychology', 2, 188, NULL, NULL),
(104, 'Quantum Physics', 'English', 3, 915, NULL, NULL),
(105, 'World History', 'English', 1, 274, NULL, NULL),
(106, 'Intro to CS', 'History', 4, 579, NULL, NULL),
(107, 'Literature', 'Biology', 5, 507, NULL, NULL),
(108, 'Organic Chemistry', 'Physics', 1, 354, NULL, NULL),
(109, 'Literature', 'Mathematics', 1, 90, NULL, NULL),
(110, 'Discrete Math', 'Chemistry', 1, 622, NULL, NULL),
(111, 'World History', 'Philosophy', 3, 740, NULL, NULL),
(112, 'Statistics', 'Biology', 2, 63, NULL, NULL),
(113, 'World History', 'Biology', 1, 630, NULL, NULL),
(114, 'Discrete Math', 'Mathematics', 2, 454, NULL, NULL),
(116, 'Inorganic Chemistry', 'Philosophy', 1, 181, NULL, NULL),
(117, 'Intro to CS', 'English', 4, 923, NULL, NULL),
(118, 'Database Systems', 'History', 5, 152, NULL, NULL),
(119, 'Genetics', 'Chemistry', 1, 218, NULL, NULL),
(120, 'Classical Mechanics', 'Economics', 4, 55, NULL, NULL),
(121, 'Operating Systems', 'Biology', 2, 347, NULL, NULL),
(122, 'Classical Mechanics', 'Computer Science', 2, 789, NULL, NULL),
(123, 'Microbiology', 'English', 5, 728, NULL, NULL),
(124, 'Database Systems', 'Mathematics', 1, 109, NULL, NULL),
(125, 'Macroeconomics', 'Computer Science', 4, 730, NULL, NULL),
(126, 'Quantum Physics', 'Computer Science', 4, 919, NULL, NULL),
(127, 'Calculus II', 'Biology', 5, 608, NULL, NULL),
(128, 'Genetics', 'Chemistry', 2, 984, NULL, NULL),
(129, 'Algorithms', 'Biology', 2, 651, NULL, NULL),
(130, 'Quantum Physics', 'Psychology', 5, 603, NULL, NULL),
(131, 'Macroeconomics', 'Computer Science', 5, 871, NULL, NULL),
(132, 'Database Systems', 'Mathematics', 3, 330, NULL, NULL),
(133, 'Discrete Math', 'Chemistry', 5, 773, NULL, NULL),
(134, 'Calculus II', 'Chemistry', 1, 648, NULL, NULL),
(135, 'Microbiology', 'Chemistry', 3, 810, NULL, NULL),
(136, 'Operating Systems', 'English', 2, 884, NULL, NULL),
(137, 'World History', 'Biology', 2, 845, NULL, NULL),
(138, 'World History', 'Chemistry', 5, 715, NULL, NULL),
(139, 'Ethics', 'Philosophy', 4, 391, NULL, NULL),
(140, 'Quantum Physics', 'Biology', 5, 740, NULL, NULL),
(141, 'Quantum Physics', 'Computer Science', 1, 521, NULL, NULL),
(142, 'Discrete Math', 'Philosophy', 3, 382, NULL, NULL),
(144, 'Database Systems', 'Biology', 2, 938, NULL, NULL),
(145, 'Quantum Physics', 'English', 1, 599, NULL, NULL),
(146, 'Quantum Physics', 'Philosophy', 1, 948, NULL, NULL),
(147, 'Organic Chemistry', 'Psychology', 1, 192, NULL, NULL),
(148, 'Linear Algebra', 'Chemistry', 2, 942, NULL, NULL),
(149, 'Algorithms', 'Biology', 5, 761, NULL, NULL),
(150, 'Intro to CS', 'Economics', 2, 383, NULL, NULL),
(151, 'Classical Mechanics', 'Psychology', 5, 618, NULL, NULL),
(152, 'Discrete Math', 'Psychology', 1, 616, NULL, NULL),
(153, 'Algorithms', 'Philosophy', 2, 465, NULL, NULL),
(154, 'Statistics', 'Economics', 2, 920, NULL, NULL),
(155, 'Organic Chemistry', 'Mathematics', 5, 723, NULL, NULL),
(156, 'Discrete Math', 'Economics', 4, 192, NULL, NULL),
(158, 'Linear Algebra', 'Psychology', 5, 662, NULL, NULL),
(159, 'Algorithms', 'Chemistry', 2, 159, NULL, NULL),
(160, 'Classical Mechanics', 'Mathematics', 4, 658, NULL, NULL),
(161, 'World History', 'Philosophy', 5, 765, NULL, NULL),
(162, 'Statistics', 'Biology', 5, 885, NULL, NULL),
(163, 'Inorganic Chemistry', 'History', 5, 898, NULL, NULL),
(164, 'Operating Systems', 'English', 2, 629, NULL, NULL),
(165, 'Organic Chemistry', 'Philosophy', 2, 242, NULL, NULL),
(166, 'Intro to CS', 'English', 3, 808, NULL, NULL),
(168, 'Calculus II', 'Psychology', 5, 50, NULL, NULL),
(169, 'Literature', 'Philosophy', 5, 934, NULL, NULL),
(171, 'Database Systems', 'Psychology', 5, 622, NULL, NULL),
(173, 'Intro to CS', 'Philosophy', 1, 635, NULL, NULL),
(174, 'Genetics', 'Mathematics', 2, 772, NULL, NULL),
(175, 'Algorithms', 'Computer Science', 1, 301, NULL, NULL),
(176, 'Quantum Physics', 'Psychology', 4, 228, NULL, NULL),
(177, 'World History', 'Mathematics', 4, 495, NULL, NULL),
(178, 'Calculus II', 'Physics', 5, 286, NULL, NULL),
(180, 'Data Structures', 'Chemistry', 1, 219, NULL, NULL),
(181, 'Quantum Physics', 'Economics', 3, 494, NULL, NULL),
(182, 'Discrete Math', 'Mathematics', 2, 813, NULL, NULL),
(183, 'World History', 'Mathematics', 2, 727, NULL, NULL),
(184, 'Genetics', 'Physics', 5, 376, NULL, NULL),
(185, 'Database Systems', 'Mathematics', 1, 634, NULL, NULL),
(186, 'Macroeconomics', 'Psychology', 4, 73, NULL, NULL),
(187, 'Quantum Physics', 'Economics', 2, 972, NULL, NULL),
(188, 'Calculus II', 'Mathematics', 5, 584, NULL, NULL),
(190, 'Linear Algebra', 'Biology', 3, 498, NULL, NULL),
(191, 'Organic Chemistry', 'Biology', 1, 875, NULL, NULL),
(192, 'Statistics', 'Philosophy', 5, 428, NULL, NULL),
(193, 'Calculus I', 'Economics', 1, 433, NULL, NULL),
(194, 'Algorithms', 'History', 2, 513, NULL, NULL),
(195, 'Discrete Math', 'Biology', 3, 779, NULL, NULL),
(196, 'Database Systems', 'Economics', 2, 450, NULL, NULL),
(197, 'Ethics', 'English', 1, 118, NULL, NULL),
(198, 'World History', 'Mathematics', 2, 51, NULL, NULL),
(201, 'Database Systems', 'Economics', 4, 127, NULL, NULL),
(202, 'Quantum Physics', 'Economics', 3, 519, NULL, NULL),
(203, 'Calculus I', 'Mathematics', 3, 128, NULL, NULL),
(204, 'Database Systems', 'Economics', 4, 793, NULL, NULL),
(205, 'Discrete Math', 'Psychology', 2, 294, NULL, NULL),
(206, 'Intro to CS', 'Computer Science', 5, 436, NULL, NULL),
(207, 'Macroeconomics', 'Mathematics', 2, 315, NULL, NULL),
(208, 'Inorganic Chemistry', 'History', 3, 361, NULL, NULL),
(209, 'Linear Algebra', 'Biology', 4, 65, NULL, NULL),
(210, 'Macroeconomics', 'Economics', 5, 441, NULL, NULL),
(211, 'Operating Systems', 'Mathematics', 1, 514, NULL, NULL),
(213, 'Data Structures', 'Philosophy', 3, 235, NULL, NULL),
(215, 'Classical Mechanics', 'Biology', 1, 204, NULL, NULL),
(216, 'Quantum Physics', 'Psychology', 3, 470, NULL, NULL),
(217, 'Discrete Math', 'Psychology', 3, 19, NULL, NULL),
(218, 'Statistics', 'Physics', 4, 954, NULL, NULL),
(219, 'Ethics', 'Chemistry', 3, 992, NULL, NULL),
(220, 'Data Structures', 'History', 1, 704, NULL, NULL),
(221, 'Genetics', 'Mathematics', 5, 322, NULL, NULL),
(222, 'Quantum Physics', 'Chemistry', 3, 385, NULL, NULL),
(223, 'Discrete Math', 'Philosophy', 1, 842, NULL, NULL),
(224, 'Organic Chemistry', 'Biology', 1, 661, NULL, NULL),
(225, 'Macroeconomics', 'Mathematics', 1, 796, NULL, NULL),
(226, 'Discrete Math', 'Mathematics', 2, 495, NULL, NULL),
(227, 'Algorithms', 'History', 2, 698, NULL, NULL),
(228, 'Inorganic Chemistry', 'Psychology', 4, 792, NULL, NULL),
(229, 'Data Structures', 'Psychology', 1, 584, NULL, NULL),
(231, 'Statistics', 'History', 1, 767, NULL, NULL),
(232, 'Literature', 'Physics', 4, 906, NULL, NULL),
(233, 'Classical Mechanics', 'Mathematics', 3, 905, NULL, NULL),
(234, 'Literature', 'Philosophy', 2, 845, NULL, NULL),
(235, 'Discrete Math', 'Physics', 1, 594, NULL, NULL),
(236, 'Organic Chemistry', 'Psychology', 1, 166, NULL, NULL),
(237, 'Operating Systems', 'Mathematics', 5, 726, NULL, NULL),
(238, 'Intro to CS', 'Physics', 2, 966, NULL, NULL),
(239, 'Quantum Physics', 'English', 1, 280, NULL, NULL),
(240, 'Ethics', 'Psychology', 5, 281, NULL, NULL),
(241, 'Operating Systems', 'Biology', 1, 548, NULL, NULL),
(242, 'Macroeconomics', 'Economics', 1, 395, NULL, NULL),
(243, 'Operating Systems', 'Psychology', 4, 832, NULL, NULL),
(245, 'Algorithms', 'Psychology', 2, 415, NULL, NULL),
(247, 'Ethics', 'Computer Science', 5, 276, NULL, NULL),
(249, 'Intro to CS', 'Psychology', 5, 578, NULL, NULL),
(250, 'Genetics', 'Philosophy', 4, 926, NULL, NULL),
(251, 'Discrete Math', 'English', 3, 343, NULL, NULL),
(252, 'Organic Chemistry', 'Computer Science', 4, 763, NULL, NULL),
(253, 'Genetics', 'Philosophy', 2, 307, NULL, NULL),
(254, 'Organic Chemistry', 'Chemistry', 4, 646, NULL, NULL),
(255, 'Calculus II', 'History', 2, 797, NULL, NULL),
(256, 'Microbiology', 'History', 2, 148, NULL, NULL),
(258, 'Microbiology', 'Economics', 2, 280, NULL, NULL),
(259, 'Literature', 'Biology', 2, 361, NULL, NULL),
(261, 'Classical Mechanics', 'Chemistry', 2, 505, NULL, NULL),
(262, 'Statistics', 'Computer Science', 5, 344, NULL, NULL),
(264, 'Literature', 'History', 3, 661, NULL, NULL),
(265, 'Statistics', 'Physics', 5, 815, NULL, NULL),
(266, 'Inorganic Chemistry', 'History', 1, 187, NULL, NULL),
(267, 'Operating Systems', 'Economics', 2, 807, NULL, NULL),
(268, 'Organic Chemistry', 'Chemistry', 3, 760, NULL, NULL),
(269, 'Quantum Physics', 'Chemistry', 2, 690, NULL, NULL),
(270, 'Classical Mechanics', 'English', 5, 894, NULL, NULL),
(271, 'Calculus II', 'History', 3, 176, NULL, NULL),
(272, 'Inorganic Chemistry', 'Computer Science', 5, 665, NULL, NULL),
(273, 'Genetics', 'Physics', 4, 463, NULL, NULL),
(274, 'Literature', 'Physics', 1, 328, NULL, NULL),
(276, 'Classical Mechanics', 'Chemistry', 3, 447, NULL, NULL),
(277, 'Operating Systems', 'Psychology', 2, 533, NULL, NULL),
(278, 'Classical Mechanics', 'History', 5, 767, NULL, NULL),
(279, 'Classical Mechanics', 'Mathematics', 4, 526, NULL, NULL),
(280, 'Database Systems', 'Computer Science', 3, 173, NULL, NULL),
(281, 'Calculus II', 'Economics', 5, 148, NULL, NULL),
(282, 'Algorithms', 'Philosophy', 4, 286, NULL, NULL),
(283, 'Inorganic Chemistry', 'Chemistry', 3, 860, NULL, NULL),
(284, 'Literature', 'English', 3, 234, NULL, NULL),
(285, 'Ethics', 'Economics', 5, 366, NULL, NULL),
(287, 'Quantum Physics', 'Philosophy', 4, 111, NULL, NULL),
(288, 'Macroeconomics', 'Economics', 4, 604, NULL, NULL),
(289, 'Calculus I', 'Economics', 3, 439, NULL, NULL),
(290, 'Inorganic Chemistry', 'Computer Science', 3, 711, NULL, NULL),
(291, 'World History', 'Biology', 1, 562, NULL, NULL),
(292, 'Discrete Math', 'Economics', 2, 823, NULL, NULL),
(293, 'Data Structures', 'Chemistry', 4, 47, NULL, NULL),
(294, 'Genetics', 'Biology', 1, 578, NULL, NULL),
(295, 'Data Structures', 'Mathematics', 1, 968, NULL, NULL),
(296, 'Statistics', 'Physics', 4, 890, NULL, NULL),
(297, 'Genetics', 'Computer Science', 5, 784, NULL, NULL),
(298, 'Organic Chemistry', 'English', 1, 669, NULL, NULL),
(299, 'World History', 'History', 2, 433, NULL, NULL),
(300, 'Data Structures', 'Biology', 4, 480, NULL, NULL),
(301, 'Organic Chemistry', 'Economics', 2, 44, NULL, NULL),
(302, 'Classical Mechanics', 'Mathematics', 2, 269, NULL, NULL),
(303, 'Microbiology', 'Economics', 2, 628, NULL, NULL),
(304, 'Operating Systems', 'Philosophy', 1, 381, NULL, NULL),
(305, 'Organic Chemistry', 'History', 3, 888, NULL, NULL),
(306, 'Calculus I', 'Psychology', 4, 875, NULL, NULL),
(307, 'World History', 'Physics', 2, 551, NULL, NULL),
(309, 'Calculus I', 'Physics', 1, 909, NULL, NULL),
(310, 'Microbiology', 'History', 4, 253, NULL, NULL),
(311, 'Data Structures', 'History', 2, 978, NULL, NULL),
(312, 'Statistics', 'Computer Science', 3, 233, NULL, NULL),
(314, 'Literature', 'Computer Science', 2, 552, NULL, NULL),
(315, 'Quantum Physics', 'Biology', 4, 324, NULL, NULL),
(316, 'Quantum Physics', 'Biology', 5, 393, NULL, NULL),
(317, 'Operating Systems', 'Economics', 1, 695, NULL, NULL),
(318, 'Microbiology', 'Philosophy', 1, 519, NULL, NULL),
(319, 'Quantum Physics', 'Physics', 1, 56, NULL, NULL),
(320, 'Database Systems', 'Mathematics', 2, 802, NULL, NULL),
(321, 'Genetics', 'Mathematics', 3, 355, NULL, NULL),
(322, 'Operating Systems', 'Computer Science', 1, 564, NULL, NULL),
(323, 'Calculus I', 'English', 1, 245, NULL, NULL),
(324, 'Linear Algebra', 'Psychology', 3, 725, NULL, NULL),
(326, 'Calculus I', 'Economics', 3, 977, NULL, NULL),
(327, 'Genetics', 'History', 5, 171, NULL, NULL),
(328, 'Operating Systems', 'Physics', 1, 944, NULL, NULL),
(329, 'World History', 'Physics', 3, 887, NULL, NULL),
(330, 'Genetics', 'Biology', 4, 732, NULL, NULL),
(331, 'Calculus I', 'Psychology', 4, 117, NULL, NULL),
(332, 'Macroeconomics', 'Philosophy', 1, 582, NULL, NULL),
(333, 'Organic Chemistry', 'Biology', 4, 263, NULL, NULL),
(334, 'Calculus II', 'Biology', 2, 603, NULL, NULL),
(335, 'Organic Chemistry', 'Psychology', 2, 897, NULL, NULL),
(336, 'Literature', 'English', 3, 600, NULL, NULL),
(337, 'Ethics', 'Philosophy', 5, 168, NULL, NULL),
(339, 'Macroeconomics', 'Computer Science', 3, 648, NULL, NULL),
(340, 'Ethics', 'Chemistry', 5, 905, NULL, NULL),
(341, 'Discrete Math', 'English', 2, 726, NULL, NULL),
(342, 'Quantum Physics', 'Psychology', 2, 767, NULL, NULL),
(343, 'Calculus II', 'Psychology', 5, 400, NULL, NULL),
(344, 'Statistics', 'Biology', 3, 390, NULL, NULL),
(345, 'Operating Systems', 'Computer Science', 2, 200, NULL, NULL),
(347, 'Literature', 'Physics', 2, 833, NULL, NULL),
(348, 'World History', 'Chemistry', 5, 616, NULL, NULL),
(349, 'Macroeconomics', 'History', 5, 29, NULL, NULL),
(351, 'Data Structures', 'Computer Science', 1, 488, NULL, NULL),
(352, 'Data Structures', 'Biology', 5, 344, NULL, NULL),
(353, 'Microbiology', 'English', 5, 885, NULL, NULL),
(354, 'Database Systems', 'Biology', 3, 307, NULL, NULL),
(355, 'Quantum Physics', 'Psychology', 2, 438, NULL, NULL),
(356, 'Quantum Physics', 'Physics', 3, 597, NULL, NULL),
(357, 'Quantum Physics', 'Psychology', 4, 55, NULL, NULL),
(358, 'Database Systems', 'Physics', 2, 355, NULL, NULL),
(359, 'Inorganic Chemistry', 'Computer Science', 5, 439, NULL, NULL),
(360, 'Algorithms', 'Economics', 4, 818, NULL, NULL),
(361, 'Statistics', 'Psychology', 2, 205, NULL, NULL),
(362, 'World History', 'English', 5, 287, NULL, NULL),
(363, 'Linear Algebra', 'Philosophy', 4, 988, NULL, NULL),
(364, 'Database Systems', 'Psychology', 3, 902, NULL, NULL),
(365, 'Macroeconomics', 'History', 5, 280, NULL, NULL),
(366, 'Quantum Physics', 'Biology', 2, 339, NULL, NULL),
(367, 'Intro to CS', 'Mathematics', 5, 52, NULL, NULL),
(368, 'Algorithms', 'Psychology', 2, 383, NULL, NULL),
(369, 'Literature', 'Psychology', 2, 60, NULL, NULL),
(370, 'Operating Systems', 'Biology', 4, 218, NULL, NULL),
(371, 'Calculus II', 'Philosophy', 3, 242, NULL, NULL),
(373, 'Discrete Math', 'English', 1, 430, NULL, NULL),
(374, 'Data Structures', 'Biology', 4, 54, NULL, NULL),
(375, 'Linear Algebra', 'Computer Science', 2, 463, NULL, NULL),
(376, 'Algorithms', 'Biology', 4, 386, NULL, NULL),
(377, 'Algorithms', 'Mathematics', 2, 913, NULL, NULL),
(378, 'Macroeconomics', 'Biology', 3, 583, NULL, NULL),
(379, 'Intro to CS', 'Psychology', 4, 290, NULL, NULL),
(380, 'Literature', 'English', 2, 416, NULL, NULL),
(381, 'Organic Chemistry', 'Chemistry', 4, 834, NULL, NULL),
(382, 'Statistics', 'History', 2, 549, NULL, NULL),
(383, 'Operating Systems', 'Psychology', 3, 29, NULL, NULL),
(384, 'Classical Mechanics', 'Mathematics', 2, 454, NULL, NULL),
(385, 'Literature', 'Psychology', 4, 137, NULL, NULL),
(386, 'Quantum Physics', 'Chemistry', 3, 194, NULL, NULL),
(387, 'Classical Mechanics', 'Physics', 1, 770, NULL, NULL),
(388, 'Microbiology', 'Computer Science', 2, 733, NULL, NULL),
(389, 'Classical Mechanics', 'Psychology', 3, 420, NULL, NULL),
(390, 'Statistics', 'Chemistry', 5, 213, NULL, NULL),
(391, 'Calculus I', 'Economics', 3, 8, NULL, NULL),
(392, 'Inorganic Chemistry', 'Economics', 1, 642, NULL, NULL),
(393, 'Calculus II', 'Psychology', 1, 849, NULL, NULL),
(394, 'Macroeconomics', 'Biology', 4, 104, NULL, NULL),
(395, 'Discrete Math', 'Computer Science', 3, 808, NULL, NULL),
(396, 'Macroeconomics', 'History', 5, 222, NULL, NULL),
(397, 'Database Systems', 'History', 2, 710, NULL, NULL),
(398, 'Genetics', 'Biology', 2, 402, NULL, NULL),
(399, 'Operating Systems', 'Biology', 2, 436, NULL, NULL),
(400, 'Intro to CS', 'History', 3, 284, NULL, NULL),
(401, 'Microbiology', 'Psychology', 3, 708, NULL, NULL),
(402, 'Database Systems', 'Chemistry', 1, 819, NULL, NULL),
(404, 'Inorganic Chemistry', 'Psychology', 1, 187, NULL, NULL),
(405, 'Macroeconomics', 'Biology', 5, 547, NULL, NULL),
(406, 'Genetics', 'Philosophy', 2, 640, NULL, NULL),
(408, 'Calculus II', 'Philosophy', 4, 286, NULL, NULL),
(409, 'Data Structures', 'Economics', 1, 971, NULL, NULL),
(410, 'Data Structures', 'English', 5, 744, NULL, NULL),
(411, 'Discrete Math', 'Philosophy', 2, 181, NULL, NULL),
(412, 'Calculus II', 'History', 2, 486, NULL, NULL),
(413, 'Organic Chemistry', 'English', 1, 803, NULL, NULL),
(414, 'Inorganic Chemistry', 'Economics', 1, 665, NULL, NULL),
(415, 'Calculus I', 'History', 2, 828, NULL, NULL),
(416, 'Ethics', 'Chemistry', 5, 3, NULL, NULL),
(417, 'Intro to CS', 'English', 3, 407, NULL, NULL),
(418, 'Quantum Physics', 'Computer Science', 3, 571, NULL, NULL),
(419, 'Inorganic Chemistry', 'History', 2, 810, NULL, NULL),
(421, 'Discrete Math', 'Mathematics', 3, 655, NULL, NULL),
(422, 'Calculus I', 'Mathematics', 1, 630, NULL, NULL),
(423, 'Ethics', 'History', 4, 196, NULL, NULL),
(424, 'Discrete Math', 'Economics', 1, 276, NULL, NULL),
(425, 'Genetics', 'Psychology', 4, 654, NULL, NULL),
(426, 'Database Systems', 'Economics', 4, 846, NULL, NULL),
(427, 'Calculus II', 'Chemistry', 5, 36, NULL, NULL),
(428, 'Inorganic Chemistry', 'Psychology', 2, 306, NULL, NULL),
(429, 'Algorithms', 'Philosophy', 4, 764, NULL, NULL),
(430, 'Inorganic Chemistry', 'Biology', 4, 239, NULL, NULL),
(431, 'Microbiology', 'Biology', 2, 675, NULL, NULL),
(432, 'Algorithms', 'Mathematics', 5, 609, NULL, NULL),
(433, 'Operating Systems', 'Psychology', 2, 543, NULL, NULL),
(434, 'Genetics', 'Physics', 1, 120, NULL, NULL),
(435, 'Literature', 'Philosophy', 2, 777, NULL, NULL),
(436, 'Calculus I', 'Mathematics', 5, 242, NULL, NULL),
(437, 'Operating Systems', 'Physics', 4, 437, NULL, NULL),
(438, 'Intro to CS', 'Philosophy', 5, 421, NULL, NULL),
(439, 'Calculus II', 'Chemistry', 3, 524, NULL, NULL),
(440, 'Organic Chemistry', 'History', 1, 237, NULL, NULL),
(441, 'Calculus II', 'Biology', 4, 684, NULL, NULL),
(442, 'Calculus I', 'English', 2, 638, NULL, NULL),
(443, 'Discrete Math', 'Biology', 5, 126, NULL, NULL),
(444, 'Ethics', 'Computer Science', 3, 949, NULL, NULL),
(445, 'Genetics', 'Philosophy', 3, 12, NULL, NULL),
(448, 'Statistics', 'Economics', 3, 765, NULL, NULL),
(449, 'Linear Algebra', 'Biology', 5, 314, NULL, NULL),
(450, 'Calculus II', 'History', 3, 112, NULL, NULL),
(453, 'Genetics', 'Philosophy', 1, 902, NULL, NULL),
(454, 'Ethics', 'Biology', 5, 226, NULL, NULL),
(455, 'Microbiology', 'Mathematics', 5, 926, NULL, NULL),
(457, 'Organic Chemistry', 'History', 4, 784, NULL, NULL),
(458, 'Data Structures', 'Economics', 5, 393, NULL, NULL),
(459, 'Discrete Math', 'Economics', 3, 44, NULL, NULL),
(460, 'Operating Systems', 'Psychology', 2, 833, NULL, NULL),
(461, 'Literature', 'History', 2, 530, NULL, NULL),
(462, 'Ethics', 'Mathematics', 1, 135, NULL, NULL),
(463, 'Data Structures', 'Mathematics', 4, 909, NULL, NULL),
(464, 'Organic Chemistry', 'Psychology', 4, 693, NULL, NULL),
(465, 'Algorithms', 'History', 2, 183, NULL, NULL),
(466, 'World History', 'Psychology', 1, 611, NULL, NULL),
(468, 'Macroeconomics', 'Mathematics', 1, 108, NULL, NULL),
(470, 'Classical Mechanics', 'Philosophy', 3, 712, NULL, NULL),
(471, 'Inorganic Chemistry', 'Economics', 3, 937, NULL, NULL),
(472, 'Calculus II', 'Philosophy', 3, 281, NULL, NULL),
(473, 'Macroeconomics', 'English', 4, 626, NULL, NULL),
(474, 'Database Systems', 'History', 5, 420, NULL, NULL),
(476, 'Macroeconomics', 'History', 5, 259, NULL, NULL),
(477, 'Calculus II', 'History', 4, 226, NULL, NULL),
(479, 'Calculus II', 'Mathematics', 5, 161, NULL, NULL),
(480, 'Quantum Physics', 'History', 1, 635, NULL, NULL),
(481, 'Statistics', 'Computer Science', 5, 316, NULL, NULL),
(482, 'Calculus II', 'Chemistry', 3, 178, NULL, NULL),
(483, 'Data Structures', 'English', 1, 507, NULL, NULL),
(484, 'Discrete Math', 'Computer Science', 1, 389, NULL, NULL),
(485, 'Microbiology', 'Philosophy', 2, 471, NULL, NULL),
(486, 'Algorithms', 'English', 1, 90, NULL, NULL),
(487, 'Ethics', 'History', 2, 980, NULL, NULL),
(488, 'Ethics', 'Economics', 3, 719, NULL, NULL),
(490, 'World History', 'Economics', 4, 92, NULL, NULL),
(491, 'World History', 'History', 3, 255, NULL, NULL),
(493, 'Microbiology', 'Biology', 4, 361, NULL, NULL),
(494, 'Quantum Physics', 'Physics', 2, 968, NULL, NULL),
(495, 'Macroeconomics', 'Chemistry', 4, 654, NULL, NULL),
(496, 'Classical Mechanics', 'Computer Science', 5, 436, NULL, NULL),
(497, 'Algorithms', 'Chemistry', 1, 932, NULL, NULL),
(498, 'Literature', 'English', 2, 226, NULL, NULL),
(499, 'Classical Mechanics', 'Computer Science', 5, 449, NULL, NULL),
(500, 'Calculus I', 'Chemistry', 2, 381, NULL, NULL),
(501, 'World History', 'Mathematics', 4, 426, NULL, NULL),
(502, 'Inorganic Chemistry', 'Physics', 5, 348, NULL, NULL),
(503, 'Linear Algebra', 'Psychology', 4, 549, NULL, NULL),
(504, 'Literature', 'Economics', 1, 294, NULL, NULL),
(505, 'World History', 'Economics', 2, 261, NULL, NULL),
(506, 'Linear Algebra', 'Psychology', 1, 779, NULL, NULL),
(507, 'Microbiology', 'Mathematics', 4, 905, NULL, NULL),
(508, 'Literature', 'Psychology', 1, 740, NULL, NULL),
(509, 'World History', 'Psychology', 1, 859, NULL, NULL),
(510, 'Ethics', 'Chemistry', 2, 488, NULL, NULL),
(512, 'Intro to CS', 'Biology', 3, 423, NULL, NULL),
(513, 'Intro to CS', 'Computer Science', 3, 327, NULL, NULL),
(514, 'Genetics', 'Psychology', 5, 77, NULL, NULL),
(515, 'Algorithms', 'English', 4, 385, NULL, NULL),
(516, 'Classical Mechanics', 'Chemistry', 2, 845, NULL, NULL),
(517, 'Statistics', 'Economics', 2, 572, NULL, NULL),
(518, 'Ethics', 'Economics', 3, 130, NULL, NULL),
(519, 'Statistics', 'English', 1, 633, NULL, NULL),
(520, 'Quantum Physics', 'Computer Science', 5, 995, NULL, NULL),
(521, 'Macroeconomics', 'Economics', 3, 721, NULL, NULL),
(522, 'World History', 'Psychology', 1, 879, NULL, NULL),
(523, 'Genetics', 'Economics', 2, 711, NULL, NULL),
(524, 'Discrete Math', 'Psychology', 3, 113, NULL, NULL),
(525, 'Organic Chemistry', 'English', 4, 869, NULL, NULL),
(526, 'Inorganic Chemistry', 'Biology', 5, 715, NULL, NULL),
(527, 'Algorithms', 'Physics', 5, 48, NULL, NULL),
(528, 'Intro to CS', 'History', 1, 48, NULL, NULL),
(529, 'Data Structures', 'Mathematics', 4, 851, NULL, NULL),
(530, 'Calculus I', 'History', 2, 186, NULL, NULL),
(531, 'Quantum Physics', 'Mathematics', 5, 336, NULL, NULL),
(532, 'Ethics', 'Chemistry', 1, 550, NULL, NULL),
(533, 'Linear Algebra', 'Computer Science', 2, 843, NULL, NULL),
(534, 'Intro to CS', 'Mathematics', 1, 986, NULL, NULL),
(535, 'Algorithms', 'Philosophy', 1, 391, NULL, NULL),
(536, 'Inorganic Chemistry', 'Biology', 5, 113, NULL, NULL),
(537, 'Organic Chemistry', 'Psychology', 4, 228, NULL, NULL),
(538, 'Statistics', 'Economics', 4, 629, NULL, NULL),
(539, 'Inorganic Chemistry', 'Mathematics', 5, 190, NULL, NULL),
(540, 'Database Systems', 'Physics', 2, 493, NULL, NULL),
(541, 'Quantum Physics', 'Economics', 3, 823, NULL, NULL),
(542, 'Statistics', 'Economics', 5, 667, NULL, NULL),
(543, 'Data Structures', 'Economics', 3, 907, NULL, NULL),
(544, 'Operating Systems', 'Mathematics', 4, 280, NULL, NULL),
(545, 'Microbiology', 'Philosophy', 2, 700, NULL, NULL),
(546, 'Data Structures', 'Psychology', 3, 897, NULL, NULL),
(548, 'Macroeconomics', 'Biology', 2, 481, NULL, NULL),
(549, 'Linear Algebra', 'Physics', 3, 939, NULL, NULL),
(551, 'Calculus I', 'History', 1, 160, NULL, NULL),
(552, 'Macroeconomics', 'Mathematics', 5, 951, NULL, NULL),
(553, 'Calculus I', 'Mathematics', 5, 783, NULL, NULL),
(554, 'Classical Mechanics', 'Biology', 2, 809, NULL, NULL),
(555, 'Data Structures', 'Chemistry', 4, 175, NULL, NULL),
(556, 'Discrete Math', 'Philosophy', 3, 524, NULL, NULL),
(557, 'Genetics', 'Philosophy', 1, 699, NULL, NULL),
(558, 'World History', 'Physics', 5, 816, NULL, NULL),
(560, 'Organic Chemistry', 'Biology', 2, 899, NULL, NULL),
(561, 'Classical Mechanics', 'Physics', 5, 307, NULL, NULL),
(562, 'Ethics', 'Economics', 4, 683, NULL, NULL),
(563, 'Calculus II', 'Economics', 4, 247, NULL, NULL),
(565, 'Operating Systems', 'Chemistry', 1, 926, NULL, NULL),
(566, 'Microbiology', 'Chemistry', 1, 132, NULL, NULL),
(567, 'Genetics', 'Chemistry', 5, 112, NULL, NULL),
(568, 'Genetics', 'Chemistry', 1, 358, NULL, NULL),
(569, 'Macroeconomics', 'Computer Science', 5, 562, NULL, NULL),
(570, 'Calculus II', 'Philosophy', 1, 846, NULL, NULL),
(571, 'Genetics', 'History', 2, 802, NULL, NULL),
(572, 'Linear Algebra', 'Psychology', 2, 361, NULL, NULL),
(573, 'Microbiology', 'Chemistry', 5, 394, NULL, NULL),
(574, 'Discrete Math', 'Chemistry', 2, 573, NULL, NULL),
(575, 'Operating Systems', 'Chemistry', 3, 964, NULL, NULL),
(576, 'Operating Systems', 'Biology', 4, 92, NULL, NULL),
(577, 'Data Structures', 'Mathematics', 4, 439, NULL, NULL),
(578, 'Classical Mechanics', 'Mathematics', 1, 286, NULL, NULL),
(579, 'Operating Systems', 'Biology', 2, 462, NULL, NULL),
(580, 'World History', 'History', 3, 84, NULL, NULL),
(581, 'World History', 'English', 1, 671, NULL, NULL),
(582, 'Database Systems', 'History', 3, 528, NULL, NULL),
(583, 'Statistics', 'Physics', 4, 637, NULL, NULL),
(584, 'Discrete Math', 'Computer Science', 1, 453, NULL, NULL),
(585, 'Intro to CS', 'Psychology', 3, 235, NULL, NULL),
(586, 'Linear Algebra', 'Philosophy', 3, 985, NULL, NULL),
(587, 'Literature', 'Mathematics', 4, 515, NULL, NULL),
(588, 'Linear Algebra', 'Philosophy', 1, 749, NULL, NULL),
(589, 'Linear Algebra', 'Physics', 1, 894, NULL, NULL),
(590, 'Microbiology', 'Mathematics', 3, 424, NULL, NULL),
(591, 'Operating Systems', 'Economics', 3, 691, NULL, NULL),
(592, 'Quantum Physics', 'Chemistry', 3, 459, NULL, NULL),
(593, 'Data Structures', 'History', 3, 110, NULL, NULL),
(594, 'Linear Algebra', 'Psychology', 3, 328, NULL, NULL),
(595, 'Database Systems', 'Economics', 2, 353, NULL, NULL),
(596, 'Calculus II', 'Chemistry', 5, 428, NULL, NULL),
(597, 'Linear Algebra', 'Psychology', 4, 689, NULL, NULL),
(598, 'Operating Systems', 'Economics', 4, 955, NULL, NULL),
(599, 'Discrete Math', 'Computer Science', 3, 493, NULL, NULL),
(600, 'Inorganic Chemistry', 'Economics', 1, 246, NULL, NULL),
(601, 'Literature', 'Computer Science', 3, 73, NULL, NULL),
(602, 'Genetics', 'Chemistry', 2, 968, NULL, NULL),
(603, 'Linear Algebra', 'Biology', 4, 718, NULL, NULL),
(604, 'Inorganic Chemistry', 'Psychology', 1, 813, NULL, NULL),
(605, 'Macroeconomics', 'English', 1, 756, NULL, NULL),
(606, 'Genetics', 'Psychology', 3, 255, NULL, NULL),
(607, 'Organic Chemistry', 'Mathematics', 2, 959, NULL, NULL),
(608, 'Organic Chemistry', 'English', 3, 552, NULL, NULL),
(609, 'World History', 'Chemistry', 5, 594, NULL, NULL),
(610, 'Organic Chemistry', 'History', 4, 773, NULL, NULL),
(611, 'Calculus II', 'Chemistry', 2, 936, NULL, NULL),
(612, 'Operating Systems', 'Economics', 2, 436, NULL, NULL),
(613, 'Intro to CS', 'History', 3, 352, NULL, NULL),
(614, 'Data Structures', 'History', 2, 809, NULL, NULL),
(615, 'Genetics', 'English', 1, 525, NULL, NULL),
(617, 'Organic Chemistry', 'History', 5, 383, NULL, NULL),
(618, 'Operating Systems', 'Economics', 3, 302, NULL, NULL),
(619, 'Classical Mechanics', 'Physics', 1, 381, NULL, NULL),
(620, 'Genetics', 'Physics', 3, 228, NULL, NULL),
(622, 'Inorganic Chemistry', 'Computer Science', 1, 925, NULL, NULL),
(623, 'Microbiology', 'Economics', 2, 313, NULL, NULL),
(624, 'Macroeconomics', 'English', 5, 280, NULL, NULL),
(625, 'Quantum Physics', 'History', 2, 546, NULL, NULL),
(626, 'Literature', 'History', 3, 182, NULL, NULL),
(628, 'Operating Systems', 'Physics', 3, 760, NULL, NULL),
(629, 'Algorithms', 'Chemistry', 5, 305, NULL, NULL),
(630, 'Discrete Math', 'Psychology', 4, 932, NULL, NULL),
(631, 'Macroeconomics', 'Economics', 3, 707, NULL, NULL),
(632, 'Database Systems', 'Chemistry', 2, 316, NULL, NULL),
(633, 'Calculus II', 'English', 2, 433, NULL, NULL),
(635, 'Organic Chemistry', 'Computer Science', 5, 51, NULL, NULL),
(636, 'Literature', 'Mathematics', 3, 36, NULL, NULL),
(637, 'Operating Systems', 'Economics', 2, 130, NULL, NULL),
(639, 'Classical Mechanics', 'Psychology', 3, 743, NULL, NULL),
(640, 'Calculus I', 'History', 1, 758, NULL, NULL),
(641, 'Calculus II', 'Economics', 3, 650, NULL, NULL),
(642, 'Calculus I', 'History', 1, 667, NULL, NULL),
(643, 'Ethics', 'Philosophy', 2, 136, NULL, NULL),
(644, 'Calculus I', 'Psychology', 4, 351, NULL, NULL),
(645, 'Data Structures', 'Computer Science', 1, 365, NULL, NULL),
(646, 'Algorithms', 'Chemistry', 4, 222, NULL, NULL),
(647, 'Ethics', 'English', 1, 32, NULL, NULL),
(648, 'Database Systems', 'Biology', 2, 928, NULL, NULL),
(649, 'Linear Algebra', 'Computer Science', 1, 256, NULL, NULL),
(651, 'World History', 'Psychology', 3, 855, NULL, NULL),
(652, 'Inorganic Chemistry', 'Philosophy', 4, 354, NULL, NULL),
(653, 'Microbiology', 'Chemistry', 1, 637, NULL, NULL),
(654, 'Classical Mechanics', 'English', 3, 166, NULL, NULL),
(655, 'World History', 'Biology', 1, 247, NULL, NULL),
(656, 'Discrete Math', 'Philosophy', 2, 178, NULL, NULL),
(657, 'Macroeconomics', 'Philosophy', 1, 676, NULL, NULL),
(658, 'Ethics', 'Psychology', 3, 187, NULL, NULL),
(659, 'Classical Mechanics', 'Mathematics', 1, 684, NULL, NULL),
(660, 'Database Systems', 'Psychology', 4, 793, NULL, NULL),
(661, 'World History', 'English', 4, 796, NULL, NULL),
(662, 'Macroeconomics', 'Philosophy', 2, 98, NULL, NULL),
(663, 'Literature', 'Psychology', 1, 783, NULL, NULL),
(664, 'Literature', 'Mathematics', 4, 277, NULL, NULL),
(665, 'Discrete Math', 'Chemistry', 1, 954, NULL, NULL),
(666, 'Literature', 'Computer Science', 2, 38, NULL, NULL),
(667, 'Genetics', 'Philosophy', 2, 494, NULL, NULL),
(668, 'World History', 'Chemistry', 1, 931, NULL, NULL),
(669, 'Inorganic Chemistry', 'Chemistry', 5, 347, NULL, NULL),
(671, 'Genetics', 'Economics', 5, 19, NULL, NULL),
(672, 'Quantum Physics', 'Computer Science', 2, 691, NULL, NULL),
(673, 'Intro to CS', 'Computer Science', 2, 273, NULL, NULL),
(674, 'Classical Mechanics', 'Mathematics', 2, 528, NULL, NULL),
(675, 'Calculus II', 'History', 2, 674, NULL, NULL),
(676, 'Genetics', 'Physics', 2, 639, NULL, NULL),
(677, 'Classical Mechanics', 'Computer Science', 2, 452, NULL, NULL),
(678, 'Algorithms', 'Economics', 4, 290, NULL, NULL),
(679, 'Quantum Physics', 'Computer Science', 4, 536, NULL, NULL),
(680, 'Ethics', 'English', 2, 932, NULL, NULL),
(681, 'Operating Systems', 'Philosophy', 1, 157, NULL, NULL),
(682, 'Algorithms', 'Chemistry', 2, 258, NULL, NULL),
(683, 'Literature', 'Computer Science', 5, 258, NULL, NULL),
(684, 'Classical Mechanics', 'History', 2, 43, NULL, NULL),
(685, 'Organic Chemistry', 'Chemistry', 4, 935, NULL, NULL),
(686, 'Calculus I', 'Biology', 4, 108, NULL, NULL),
(687, 'Linear Algebra', 'History', 2, 796, NULL, NULL),
(688, 'Macroeconomics', 'Physics', 4, 170, NULL, NULL),
(689, 'Discrete Math', 'Psychology', 4, 887, NULL, NULL),
(690, 'Genetics', 'Physics', 3, 820, NULL, NULL),
(691, 'Algorithms', 'Mathematics', 1, 440, NULL, NULL),
(692, 'Quantum Physics', 'Philosophy', 3, 628, NULL, NULL),
(693, 'Calculus II', 'History', 3, 869, NULL, NULL),
(694, 'Intro to CS', 'English', 3, 452, NULL, NULL),
(695, 'Literature', 'English', 3, 95, NULL, NULL),
(696, 'Ethics', 'History', 4, 362, NULL, NULL),
(697, 'Ethics', 'Biology', 1, 279, NULL, NULL),
(698, 'Ethics', 'Computer Science', 5, 77, NULL, NULL),
(699, 'Genetics', 'Physics', 1, 305, NULL, NULL),
(701, 'Genetics', 'Chemistry', 3, 193, NULL, NULL),
(702, 'Algorithms', 'Biology', 4, 673, NULL, NULL),
(703, 'Calculus I', 'History', 5, 159, NULL, NULL),
(704, 'Operating Systems', 'Mathematics', 2, 454, NULL, NULL),
(705, 'Quantum Physics', 'Computer Science', 5, 629, NULL, NULL),
(706, 'Operating Systems', 'Psychology', 2, 770, NULL, NULL),
(707, 'Organic Chemistry', 'Mathematics', 4, 709, NULL, NULL),
(708, 'Literature', 'Biology', 3, 90, NULL, NULL),
(709, 'Discrete Math', 'History', 3, 753, NULL, NULL),
(710, 'Calculus I', 'Economics', 4, 904, NULL, NULL),
(711, 'Macroeconomics', 'Chemistry', 2, 801, NULL, NULL),
(712, 'Data Structures', 'Chemistry', 5, 289, NULL, NULL),
(714, 'Algorithms', 'Chemistry', 3, 25, NULL, NULL),
(715, 'Algorithms', 'Biology', 3, 673, NULL, NULL),
(716, 'Linear Algebra', 'Chemistry', 3, 746, NULL, NULL),
(717, 'Statistics', 'Chemistry', 4, 305, NULL, NULL),
(718, 'Linear Algebra', 'Chemistry', 2, 860, NULL, NULL),
(719, 'Genetics', 'Physics', 5, 574, NULL, NULL),
(720, 'Intro to CS', 'Philosophy', 2, 947, NULL, NULL),
(721, 'Inorganic Chemistry', 'Economics', 3, 104, NULL, NULL),
(722, 'Algorithms', 'Philosophy', 2, 291, NULL, NULL),
(724, 'Classical Mechanics', 'English', 3, 669, NULL, NULL),
(725, 'Calculus I', 'Philosophy', 4, 19, NULL, NULL),
(726, 'Genetics', 'Chemistry', 5, 508, NULL, NULL),
(727, 'Algorithms', 'Biology', 3, 385, NULL, NULL),
(728, 'Data Structures', 'Chemistry', 2, 775, NULL, NULL),
(729, 'Organic Chemistry', 'Biology', 2, 280, NULL, NULL),
(730, 'Statistics', 'Chemistry', 2, 418, NULL, NULL),
(731, 'Calculus I', 'English', 5, 690, NULL, NULL),
(732, 'Ethics', 'Physics', 2, 876, NULL, NULL),
(733, 'Intro to CS', 'Psychology', 2, 306, NULL, NULL),
(734, 'Calculus II', 'Mathematics', 5, 936, NULL, NULL),
(735, 'Quantum Physics', 'Philosophy', 2, 761, NULL, NULL),
(736, 'World History', 'Chemistry', 4, 554, NULL, NULL),
(737, 'Macroeconomics', 'History', 1, 662, NULL, NULL),
(738, 'Database Systems', 'English', 3, 790, NULL, NULL),
(739, 'Microbiology', 'Chemistry', 5, 390, NULL, NULL),
(740, 'Literature', 'English', 2, 800, NULL, NULL),
(741, 'Genetics', 'Mathematics', 5, 113, NULL, NULL),
(742, 'Statistics', 'Chemistry', 2, 138, NULL, NULL),
(743, 'Ethics', 'Philosophy', 1, 505, NULL, NULL),
(744, 'Macroeconomics', 'Computer Science', 1, 917, NULL, NULL),
(745, 'Calculus II', 'History', 5, 525, NULL, NULL),
(746, 'World History', 'Chemistry', 4, 877, NULL, NULL),
(747, 'Organic Chemistry', 'History', 3, 769, NULL, NULL),
(748, 'World History', 'History', 5, 809, NULL, NULL),
(749, 'Operating Systems', 'Physics', 5, 793, NULL, NULL),
(750, 'Calculus II', 'Computer Science', 5, 399, NULL, NULL),
(752, 'Calculus I', 'Physics', 2, 321, NULL, NULL),
(753, 'Database Systems', 'Biology', 3, 665, NULL, NULL),
(755, 'Literature', 'Computer Science', 3, 239, NULL, NULL),
(756, 'Literature', 'English', 1, 97, NULL, NULL),
(757, 'Intro to CS', 'Psychology', 3, 260, NULL, NULL),
(758, 'Operating Systems', 'Biology', 3, 876, NULL, NULL),
(759, 'Genetics', 'Chemistry', 2, 906, NULL, NULL),
(760, 'Quantum Physics', 'English', 3, 980, NULL, NULL),
(761, 'Macroeconomics', 'Mathematics', 3, 844, NULL, NULL),
(762, 'Classical Mechanics', 'Psychology', 1, 316, NULL, NULL),
(764, 'Macroeconomics', 'Economics', 1, 935, NULL, NULL),
(765, 'World History', 'History', 5, 855, NULL, NULL),
(766, 'Literature', 'Psychology', 5, 446, NULL, NULL),
(767, 'Discrete Math', 'Computer Science', 3, 199, NULL, NULL),
(768, 'Inorganic Chemistry', 'Philosophy', 5, 451, NULL, NULL),
(769, 'Literature', 'Chemistry', 5, 979, NULL, NULL),
(770, 'Calculus II', 'Philosophy', 3, 558, NULL, NULL),
(771, 'Database Systems', 'Economics', 3, 488, NULL, NULL),
(772, 'Operating Systems', 'Psychology', 3, 290, NULL, NULL),
(773, 'Statistics', 'Philosophy', 4, 235, NULL, NULL),
(774, 'Linear Algebra', 'English', 4, 137, NULL, NULL),
(775, 'Discrete Math', 'Economics', 1, 507, NULL, NULL),
(776, 'Quantum Physics', 'Computer Science', 5, 621, NULL, NULL),
(777, 'Algorithms', 'Psychology', 4, 92, NULL, NULL),
(778, 'Quantum Physics', 'Biology', 5, 521, NULL, NULL),
(779, 'Operating Systems', 'Chemistry', 2, 596, NULL, NULL),
(780, 'Macroeconomics', 'Economics', 1, 97, NULL, NULL),
(781, 'Database Systems', 'Physics', 1, 641, NULL, NULL),
(782, 'Calculus I', 'Chemistry', 5, 192, NULL, NULL),
(783, 'Literature', 'Economics', 4, 712, NULL, NULL),
(784, 'Genetics', 'Biology', 3, 399, NULL, NULL),
(785, 'Intro to CS', 'Biology', 4, 957, NULL, NULL),
(786, 'Inorganic Chemistry', 'Chemistry', 4, 126, NULL, NULL),
(788, 'Statistics', 'Chemistry', 3, 752, NULL, NULL),
(789, 'World History', 'Physics', 3, 172, NULL, NULL),
(790, 'Statistics', 'Economics', 1, 60, NULL, NULL),
(791, 'Ethics', 'Chemistry', 3, 589, NULL, NULL),
(792, 'Organic Chemistry', 'Psychology', 4, 602, NULL, NULL),
(793, 'Classical Mechanics', 'Physics', 4, 105, NULL, NULL),
(794, 'Ethics', 'Mathematics', 5, 675, NULL, NULL),
(795, 'Inorganic Chemistry', 'English', 5, 449, NULL, NULL),
(796, 'Quantum Physics', 'Physics', 3, 473, NULL, NULL),
(797, 'Literature', 'History', 4, 308, NULL, NULL),
(798, 'Classical Mechanics', 'Physics', 5, 200, NULL, NULL),
(799, 'Literature', 'Physics', 3, 996, NULL, NULL),
(800, 'Classical Mechanics', 'Biology', 2, 543, NULL, NULL),
(801, 'Data Structures', 'History', 4, 18, NULL, NULL),
(802, 'Intro to CS', 'History', 5, 828, NULL, NULL),
(803, 'Calculus I', 'Mathematics', 2, 759, NULL, NULL),
(804, 'World History', 'Physics', 2, 353, NULL, NULL),
(805, 'Algorithms', 'Computer Science', 1, 117, NULL, NULL),
(806, 'Linear Algebra', 'Chemistry', 5, 332, NULL, NULL),
(807, 'Operating Systems', 'Biology', 5, 19, NULL, NULL),
(808, 'Data Structures', 'History', 3, 880, NULL, NULL),
(809, 'Calculus I', 'Computer Science', 2, 890, NULL, NULL),
(810, 'Discrete Math', 'Biology', 2, 846, NULL, NULL),
(811, 'Macroeconomics', 'Economics', 3, 628, NULL, NULL),
(812, 'Literature', 'Physics', 3, 820, NULL, NULL),
(813, 'Classical Mechanics', 'English', 3, 183, NULL, NULL),
(814, 'Statistics', 'Physics', 1, 137, NULL, NULL),
(815, 'Organic Chemistry', 'Computer Science', 1, 763, NULL, NULL),
(816, 'Database Systems', 'Mathematics', 1, 645, NULL, NULL),
(817, 'Database Systems', 'Chemistry', 4, 135, NULL, NULL),
(818, 'Classical Mechanics', 'Mathematics', 2, 792, NULL, NULL),
(819, 'Data Structures', 'Economics', 3, 867, NULL, NULL),
(820, 'Discrete Math', 'Mathematics', 2, 620, NULL, NULL),
(821, 'Operating Systems', 'Mathematics', 4, 772, NULL, NULL),
(822, 'Ethics', 'History', 2, 760, NULL, NULL),
(823, 'Calculus II', 'English', 4, 226, NULL, NULL),
(824, 'Organic Chemistry', 'Computer Science', 4, 199, NULL, NULL),
(825, 'Intro to CS', 'Mathematics', 5, 579, NULL, NULL),
(826, 'Discrete Math', 'Biology', 5, 507, NULL, NULL),
(827, 'Organic Chemistry', 'Economics', 4, 947, NULL, NULL),
(828, 'Intro to CS', 'Computer Science', 1, 453, NULL, NULL),
(829, 'Intro to CS', 'History', 3, 868, NULL, NULL),
(831, 'Statistics', 'Psychology', 3, 204, NULL, NULL),
(832, 'Algorithms', 'Physics', 5, 581, NULL, NULL),
(833, 'Calculus II', 'Chemistry', 4, 613, NULL, NULL),
(834, 'Intro to CS', 'Mathematics', 4, 649, NULL, NULL),
(835, 'Calculus I', 'Chemistry', 2, 465, NULL, NULL),
(836, 'Inorganic Chemistry', 'History', 2, 554, NULL, NULL),
(837, 'Organic Chemistry', 'Philosophy', 4, 769, NULL, NULL),
(838, 'Operating Systems', 'Biology', 3, 778, NULL, NULL),
(840, 'Genetics', 'Mathematics', 4, 300, NULL, NULL),
(841, 'Calculus I', 'Psychology', 3, 927, NULL, NULL),
(842, 'Literature', 'Physics', 2, 743, NULL, NULL),
(844, 'Microbiology', 'Economics', 3, 547, NULL, NULL),
(845, 'World History', 'Economics', 4, 627, NULL, NULL),
(846, 'Data Structures', 'Chemistry', 3, 1, NULL, NULL),
(847, 'Calculus II', 'History', 2, 857, NULL, NULL),
(848, 'Operating Systems', 'Economics', 4, 838, NULL, NULL),
(849, 'Algorithms', 'Psychology', 2, 598, NULL, NULL),
(850, 'Inorganic Chemistry', 'English', 2, 334, NULL, NULL),
(851, 'World History', 'History', 1, 370, NULL, NULL),
(852, 'Ethics', 'Biology', 4, 545, NULL, NULL),
(853, 'Statistics', 'Economics', 3, 319, NULL, NULL),
(854, 'Discrete Math', 'Psychology', 3, 986, NULL, NULL),
(855, 'Discrete Math', 'Physics', 5, 174, NULL, NULL),
(856, 'Discrete Math', 'English', 3, 611, NULL, NULL),
(857, 'Organic Chemistry', 'Psychology', 1, 889, NULL, NULL),
(858, 'Intro to CS', 'English', 5, 77, NULL, NULL),
(859, 'Linear Algebra', 'Philosophy', 3, 236, NULL, NULL),
(860, 'Linear Algebra', 'Biology', 1, 874, NULL, NULL),
(861, 'Intro to CS', 'Physics', 4, 403, NULL, NULL),
(862, 'Quantum Physics', 'Biology', 2, 680, NULL, NULL),
(864, 'Classical Mechanics', 'Mathematics', 3, 173, NULL, NULL),
(865, 'Calculus II', 'History', 3, 673, NULL, NULL),
(866, 'Algorithms', 'Economics', 1, 350, NULL, NULL),
(867, 'Statistics', 'English', 2, 315, NULL, NULL),
(869, 'World History', 'Psychology', 2, 143, NULL, NULL),
(870, 'Statistics', 'Philosophy', 1, 127, NULL, NULL),
(871, 'Classical Mechanics', 'Psychology', 2, 518, NULL, NULL),
(872, 'Operating Systems', 'Mathematics', 1, 689, NULL, NULL),
(873, 'Inorganic Chemistry', 'Psychology', 2, 144, NULL, NULL),
(875, 'Database Systems', 'Chemistry', 1, 629, NULL, NULL),
(876, 'Organic Chemistry', 'Biology', 2, 563, NULL, NULL),
(877, 'Literature', 'Mathematics', 1, 679, NULL, NULL),
(878, 'Calculus I', 'History', 4, 644, NULL, NULL),
(879, 'World History', 'Physics', 2, 263, NULL, NULL),
(880, 'Calculus II', 'Mathematics', 4, 852, NULL, NULL),
(882, 'Macroeconomics', 'Economics', 1, 425, NULL, NULL),
(883, 'Linear Algebra', 'Psychology', 1, 54, NULL, NULL),
(884, 'Algorithms', 'Economics', 3, 439, NULL, NULL),
(885, 'Organic Chemistry', 'Mathematics', 3, 47, NULL, NULL),
(886, 'Organic Chemistry', 'Chemistry', 4, 176, NULL, NULL),
(887, 'Calculus I', 'Philosophy', 5, 911, NULL, NULL),
(888, 'Microbiology', 'Mathematics', 2, 712, NULL, NULL),
(889, 'World History', 'Psychology', 4, 313, NULL, NULL),
(891, 'Data Structures', 'Philosophy', 3, 108, NULL, NULL),
(892, 'Algorithms', 'History', 1, 524, NULL, NULL),
(893, 'Database Systems', 'Mathematics', 2, 479, NULL, NULL),
(895, 'Genetics', 'Biology', 3, 940, NULL, NULL),
(896, 'Quantum Physics', 'Economics', 5, 829, NULL, NULL),
(898, 'Organic Chemistry', 'Chemistry', 1, 667, NULL, NULL),
(899, 'Quantum Physics', 'Computer Science', 4, 720, NULL, NULL),
(900, 'Inorganic Chemistry', 'Chemistry', 1, 988, NULL, NULL),
(901, 'Genetics', 'Physics', 5, 623, NULL, NULL),
(902, 'Microbiology', 'English', 4, 678, NULL, NULL),
(903, 'Calculus I', 'Chemistry', 2, 336, NULL, NULL),
(904, 'Algorithms', 'History', 5, 191, NULL, NULL),
(905, 'Linear Algebra', 'Economics', 3, 32, NULL, NULL),
(906, 'Microbiology', 'Physics', 3, 177, NULL, NULL),
(907, 'Genetics', 'History', 3, 384, NULL, NULL),
(908, 'Genetics', 'Physics', 2, 902, NULL, NULL),
(910, 'World History', 'Physics', 2, 43, NULL, NULL),
(911, 'Microbiology', 'Physics', 2, 263, NULL, NULL),
(912, 'Linear Algebra', 'Psychology', 4, 100, NULL, NULL),
(913, 'Literature', 'Philosophy', 1, 314, NULL, NULL),
(914, 'Intro to CS', 'Physics', 5, 181, NULL, NULL),
(915, 'Genetics', 'Biology', 1, 187, NULL, NULL),
(916, 'Discrete Math', 'Philosophy', 4, 512, NULL, NULL),
(918, 'Literature', 'Chemistry', 4, 467, NULL, NULL),
(919, 'Macroeconomics', 'Biology', 4, 477, NULL, NULL),
(920, 'Literature', 'Psychology', 3, 353, NULL, NULL),
(921, 'Data Structures', 'Computer Science', 3, 590, NULL, NULL),
(923, 'Statistics', 'Philosophy', 3, 795, NULL, NULL),
(924, 'Calculus II', 'Philosophy', 1, 57, NULL, NULL),
(925, 'Database Systems', 'Chemistry', 3, 694, NULL, NULL),
(927, 'Classical Mechanics', 'History', 2, 474, NULL, NULL),
(928, 'Literature', 'Philosophy', 5, 875, NULL, NULL),
(929, 'Macroeconomics', 'Economics', 5, 521, NULL, NULL),
(930, 'Classical Mechanics', 'History', 1, 232, NULL, NULL),
(931, 'Operating Systems', 'Chemistry', 5, 123, NULL, NULL),
(932, 'World History', 'Physics', 4, 886, NULL, NULL),
(933, 'Inorganic Chemistry', 'Psychology', 2, 1, NULL, NULL),
(934, 'Operating Systems', 'Mathematics', 3, 917, NULL, NULL),
(936, 'Inorganic Chemistry', 'Psychology', 2, 931, NULL, NULL),
(937, 'Calculus II', 'History', 1, 418, NULL, NULL),
(938, 'Algorithms', 'History', 3, 29, NULL, NULL),
(939, 'World History', 'Economics', 5, 543, NULL, NULL),
(940, 'World History', 'Mathematics', 1, 552, NULL, NULL),
(941, 'Intro to CS', 'Chemistry', 4, 315, NULL, NULL),
(942, 'Classical Mechanics', 'Biology', 4, 711, NULL, NULL),
(943, 'Genetics', 'Chemistry', 4, 650, NULL, NULL),
(945, 'Discrete Math', 'Physics', 5, 56, NULL, NULL),
(946, 'Literature', 'History', 1, 660, NULL, NULL),
(947, 'Statistics', 'Psychology', 5, 996, NULL, NULL),
(948, 'Literature', 'Philosophy', 5, 152, NULL, NULL),
(949, 'Quantum Physics', 'Chemistry', 3, 307, NULL, NULL),
(950, 'Operating Systems', 'Mathematics', 1, 544, NULL, NULL),
(951, 'Ethics', 'Psychology', 3, 606, NULL, NULL),
(952, 'Genetics', 'Psychology', 3, 452, NULL, NULL),
(953, 'Organic Chemistry', 'Psychology', 5, 641, NULL, NULL),
(954, 'Classical Mechanics', 'English', 2, 505, NULL, NULL),
(955, 'World History', 'History', 3, 588, NULL, NULL),
(956, 'Calculus I', 'Physics', 5, 376, NULL, NULL),
(957, 'Microbiology', 'Chemistry', 3, 723, NULL, NULL),
(958, 'Microbiology', 'Chemistry', 1, 151, NULL, NULL),
(959, 'Quantum Physics', 'Economics', 3, 787, NULL, NULL),
(960, 'Algorithms', 'Biology', 4, 121, NULL, NULL),
(10000, 'General Manager', NULL, 3, NULL, 242.17, 735.24),
(20000, 'Safety Technician I', NULL, 3, NULL, 721.11, 845.20),
(30000, 'Office Assistant III', NULL, 3, NULL, 600.28, 563.42),
(40000, 'Administrative Officer', NULL, 3, NULL, 502.65, 719.24),
(50000, 'Analog Circuit Design manager', NULL, 3, NULL, 766.60, 671.26),
(60000, 'Project Manager', NULL, 3, NULL, 660.33, 184.13),
(70000, 'Account Representative IV', NULL, 3, NULL, 289.90, 181.11),
(80000, 'Financial Analyst', NULL, 3, NULL, 746.47, 319.40),
(90000, 'Director of Sales', NULL, 3, NULL, 680.33, 150.39),
(100000, 'Clinical Specialist', NULL, 3, NULL, 661.30, 263.28),
(110000, 'Recruiting Manager', NULL, 3, NULL, 291.90, 503.29),
(120000, 'Quality Engineer', NULL, 3, NULL, 825.67, 844.75),
(130000, 'Payment Adjustment Coordinator', NULL, 3, NULL, 754.72, 236.06),
(140000, 'Graphic Designer', NULL, 3, NULL, 377.98, 834.04),
(150000, 'Marketing Manager', NULL, 3, NULL, 741.35, 531.42),
(160000, 'Payment Adjustment Coordinator', NULL, 3, NULL, 267.75, 466.27),
(170000, 'Help Desk Technician', NULL, 3, NULL, 766.76, 242.44),
(180000, 'Social Worker', NULL, 3, NULL, 424.76, 429.46),
(190000, 'Actuary', NULL, 3, NULL, 609.85, 373.14),
(200000, 'Staff Accountant III', NULL, 3, NULL, 577.93, 707.81),
(210000, 'Operator', NULL, 3, NULL, 791.66, 361.30),
(220000, 'Automation Specialist I', NULL, 3, NULL, 591.55, 455.14),
(240000, 'Safety Technician II', NULL, 3, NULL, 505.86, 750.62),
(250000, 'Librarian', NULL, 3, NULL, 870.25, 879.44),
(260000, 'Registered Nurse', NULL, 3, NULL, 299.10, 597.92),
(270000, 'Marketing Manager', NULL, 3, NULL, 825.97, 109.54),
(280000, 'Director of Sales', NULL, 3, NULL, 706.18, 236.92),
(290000, 'Staff Scientist', NULL, 3, NULL, 249.20, 368.82),
(300000, 'Social Worker', NULL, 3, NULL, 968.05, 207.79),
(310000, 'Help Desk Technician', NULL, 3, NULL, 667.67, 658.27);
INSERT INTO `course` (`course_id`, `course_name`, `department`, `credit_hours`, `coordinator_id`, `course_cost`, `professor_pay`) VALUES
(320000, 'Engineer II', NULL, 3, NULL, 525.20, 440.71),
(330000, 'Senior Cost Accountant', NULL, 3, NULL, 211.81, 570.73),
(340000, 'Geological Engineer', NULL, 3, NULL, 879.32, 465.09),
(350000, 'Nuclear Power Engineer', NULL, 3, NULL, 665.05, 157.55),
(360000, 'Software Consultant', NULL, 3, NULL, 727.59, 911.15),
(370000, 'Environmental Tech', NULL, 3, NULL, 734.16, 839.29),
(380000, 'Account Representative I', NULL, 3, NULL, 117.54, 321.22),
(390000, 'Structural Engineer', NULL, 3, NULL, 148.89, 842.20),
(400000, 'Research Associate', NULL, 3, NULL, 778.01, 113.10),
(410000, 'Recruiting Manager', NULL, 3, NULL, 823.72, 766.29),
(420000, 'Teacher', NULL, 3, NULL, 128.96, 709.30),
(430000, 'Software Test Engineer II', NULL, 3, NULL, 844.54, 165.60),
(440000, 'Marketing Manager', NULL, 3, NULL, 433.27, 559.22),
(450000, 'Health Coach II', NULL, 3, NULL, 211.84, 609.21),
(460000, 'Analyst Programmer', NULL, 3, NULL, 790.47, 484.48),
(470000, 'Environmental Tech', NULL, 3, NULL, 324.66, 859.91),
(480000, 'Web Designer I', NULL, 3, NULL, 218.59, 360.85),
(490000, 'Senior Editor', NULL, 3, NULL, 259.44, 564.32),
(500000, 'Biostatistician II', NULL, 3, NULL, 716.48, 441.14),
(510000, 'Civil Engineer', NULL, 3, NULL, 411.22, 257.23),
(520000, 'Teacher', NULL, 3, NULL, 258.58, 737.81),
(530000, 'Data Coordinator', NULL, 3, NULL, 278.04, 973.82),
(540000, 'Senior Sales Associate', NULL, 3, NULL, 427.00, 341.08),
(550000, 'Automation Specialist II', NULL, 3, NULL, 465.30, 367.46),
(560000, 'Staff Scientist', NULL, 3, NULL, 307.52, 871.82),
(570000, 'Senior Quality Engineer', NULL, 3, NULL, 282.97, 921.10),
(590000, 'Structural Engineer', NULL, 3, NULL, 288.50, 266.91),
(600000, 'Web Designer IV', NULL, 3, NULL, 523.71, 949.84),
(610000, 'General Manager', NULL, 3, NULL, 960.88, 529.17),
(620000, 'Sales Associate', NULL, 3, NULL, 526.74, 208.47),
(630000, 'Marketing Manager', NULL, 3, NULL, 736.13, 172.72),
(640000, 'Sales Associate', NULL, 3, NULL, 598.29, 731.85),
(650000, 'Software Consultant', NULL, 3, NULL, 886.33, 257.31),
(660000, 'Mechanical Systems Engineer', NULL, 3, NULL, 360.86, 217.10),
(670000, 'Programmer II', NULL, 3, NULL, 613.18, 641.27),
(680000, 'Information Systems Manager', NULL, 3, NULL, 462.49, 404.08),
(690000, 'Software Consultant', NULL, 3, NULL, 320.22, 515.48),
(700000, 'Physical Therapy Assistant', NULL, 3, NULL, 455.16, 393.39),
(710000, 'Account Coordinator', NULL, 3, NULL, 797.78, 313.81),
(720000, 'Cost Accountant', NULL, 3, NULL, 566.80, 748.68),
(730000, 'Office Assistant I', NULL, 3, NULL, 664.21, 812.98),
(740000, 'Staff Scientist', NULL, 3, NULL, 995.88, 541.83),
(750000, 'Occupational Therapist', NULL, 3, NULL, 625.46, 435.46),
(760000, 'VP Accounting', NULL, 3, NULL, 570.82, 399.31),
(780000, 'Junior Executive', NULL, 3, NULL, 521.19, 667.37),
(790000, 'Editor', NULL, 3, NULL, 875.73, 138.12),
(810000, 'Occupational Therapist', NULL, 3, NULL, 208.42, 843.42),
(820000, 'General Manager', NULL, 3, NULL, 501.89, 368.51),
(830000, 'Health Coach I', NULL, 3, NULL, 133.33, 994.19),
(840000, 'Help Desk Operator', NULL, 3, NULL, 976.29, 574.52),
(850000, 'Web Developer II', NULL, 3, NULL, 805.33, 704.86),
(860000, 'Financial Advisor', NULL, 3, NULL, 217.26, 669.04),
(870000, 'Technical Writer', NULL, 3, NULL, 492.67, 968.27),
(880000, 'VP Sales', NULL, 3, NULL, 251.34, 782.02),
(890000, 'Environmental Tech', NULL, 3, NULL, 170.75, 908.15),
(900000, 'Clinical Specialist', NULL, 3, NULL, 140.42, 294.52),
(910000, 'Tax Accountant', NULL, 3, NULL, 425.05, 585.38),
(920000, 'Desktop Support Technician', NULL, 3, NULL, 108.13, 257.61),
(930000, 'Internal Auditor', NULL, 3, NULL, 593.64, 803.33),
(940000, 'Director of Sales', NULL, 3, NULL, 687.14, 499.77),
(950000, 'Actuary', NULL, 3, NULL, 305.71, 607.67),
(960000, 'Sales Associate', NULL, 3, NULL, 350.73, 153.41),
(970000, 'Payment Adjustment Coordinator', NULL, 3, NULL, 528.13, 599.96),
(980000, 'Database Administrator III', NULL, 3, NULL, 127.82, 363.44),
(990000, 'Professor', NULL, 3, NULL, 262.18, 375.28),
(1000000, 'Analyst Programmer', NULL, 3, NULL, 427.73, 231.37),
(1010000, 'Civil Engineer', NULL, 3, NULL, 891.91, 292.41),
(1020000, 'Compensation Analyst', NULL, 3, NULL, 536.82, 766.26),
(1030000, 'Recruiter', NULL, 3, NULL, 756.37, 272.07),
(1040000, 'Community Outreach Specialist', NULL, 3, NULL, 895.51, 521.89),
(1050000, 'Internal Auditor', NULL, 3, NULL, 947.35, 976.35),
(1070000, 'Associate Professor', NULL, 3, NULL, 342.04, 387.35),
(1080000, 'Geological Engineer', NULL, 3, NULL, 797.91, 627.60),
(1090000, 'Human Resources Manager', NULL, 3, NULL, 322.07, 454.60),
(1100000, 'Project Manager', NULL, 3, NULL, 527.88, 986.62),
(1110000, 'Administrative Assistant IV', NULL, 3, NULL, 598.91, 643.73),
(1120000, 'Geological Engineer', NULL, 3, NULL, 941.26, 997.27),
(1130000, 'GIS Technical Architect', NULL, 3, NULL, 404.47, 497.37),
(1150000, 'Accountant III', NULL, 3, NULL, 334.23, 653.19),
(1160000, 'Help Desk Technician', NULL, 3, NULL, 558.02, 889.60),
(1170000, 'Senior Quality Engineer', NULL, 3, NULL, 643.36, 206.43),
(1180000, 'Mechanical Systems Engineer', NULL, 3, NULL, 840.64, 479.99),
(1190000, 'Nuclear Power Engineer', NULL, 3, NULL, 993.50, 896.57),
(1200000, 'Food Chemist', NULL, 3, NULL, 257.37, 464.47),
(1210000, 'GIS Technical Architect', NULL, 3, NULL, 808.77, 329.59),
(1220000, 'Administrative Assistant II', NULL, 3, NULL, 407.24, 825.16),
(1230000, 'Media Manager I', NULL, 3, NULL, 267.07, 436.75),
(1240000, 'Civil Engineer', NULL, 3, NULL, 788.60, 877.85),
(1250000, 'Physical Therapy Assistant', NULL, 3, NULL, 986.03, 292.80),
(1260000, 'VP Marketing', NULL, 3, NULL, 423.84, 379.72),
(1270000, 'Operator', NULL, 3, NULL, 139.92, 546.72),
(1280000, 'Nurse Practicioner', NULL, 3, NULL, 147.43, 328.43),
(1290000, 'Editor', NULL, 3, NULL, 154.98, 219.48),
(1300000, 'Account Representative I', NULL, 3, NULL, 310.52, 150.86),
(1310000, 'Editor', NULL, 3, NULL, 816.87, 723.91),
(1320000, 'Geological Engineer', NULL, 3, NULL, 685.54, 932.60),
(1330000, 'Structural Analysis Engineer', NULL, 3, NULL, 633.89, 189.70),
(1340000, 'Cost Accountant', NULL, 3, NULL, 295.56, 555.71),
(1350000, 'Social Worker', NULL, 3, NULL, 526.61, 143.49),
(1360000, 'Assistant Media Planner', NULL, 3, NULL, 982.69, 395.19),
(1370000, 'Dental Hygienist', NULL, 3, NULL, 660.76, 111.04),
(1380000, 'Food Chemist', NULL, 3, NULL, 418.78, 132.08),
(1390000, 'Statistician IV', NULL, 3, NULL, 726.70, 192.96),
(1400000, 'Senior Cost Accountant', NULL, 3, NULL, 406.08, 166.81),
(1410000, 'VP Marketing', NULL, 3, NULL, 407.74, 558.15),
(1420000, 'Senior Sales Associate', NULL, 3, NULL, 820.32, 109.47),
(1430000, 'Database Administrator IV', NULL, 3, NULL, 155.38, 530.52),
(1440000, 'Marketing Assistant', NULL, 3, NULL, 280.86, 522.56),
(1450000, 'Senior Sales Associate', NULL, 3, NULL, 246.37, 140.98),
(1460000, 'VP Quality Control', NULL, 3, NULL, 406.94, 355.84),
(1470000, 'Database Administrator III', NULL, 3, NULL, 190.68, 921.51),
(1490000, 'VP Quality Control', NULL, 3, NULL, 449.74, 460.76),
(1500000, 'Web Designer IV', NULL, 3, NULL, 614.26, 602.96),
(1510000, 'Marketing Manager', NULL, 3, NULL, 848.06, 560.46),
(1520000, 'Quality Control Specialist', NULL, 3, NULL, 896.61, 526.93),
(1530000, 'Assistant Media Planner', NULL, 3, NULL, 216.39, 199.62),
(1540000, 'Systems Administrator IV', NULL, 3, NULL, 119.91, 160.87),
(1550000, 'Executive Secretary', NULL, 3, NULL, 905.87, 352.17),
(1560000, 'VP Product Management', NULL, 3, NULL, 467.60, 548.67),
(1570000, 'Marketing Assistant', NULL, 3, NULL, 712.44, 354.30),
(1580000, 'Help Desk Technician', NULL, 3, NULL, 501.64, 963.60),
(1600000, 'Cost Accountant', NULL, 3, NULL, 421.48, 108.53),
(1610000, 'Financial Advisor', NULL, 3, NULL, 396.69, 500.84),
(1620000, 'Help Desk Technician', NULL, 3, NULL, 318.12, 947.22),
(1630000, 'Director of Sales', NULL, 3, NULL, 608.20, 991.78),
(1640000, 'Automation Specialist I', NULL, 3, NULL, 234.48, 623.81),
(1650000, 'Account Representative II', NULL, 3, NULL, 867.66, 795.67),
(1660000, 'Community Outreach Specialist', NULL, 3, NULL, 710.76, 272.64),
(1670000, 'Statistician III', NULL, 3, NULL, 818.11, 169.73),
(1680000, 'Tax Accountant', NULL, 3, NULL, 518.59, 394.67),
(1690000, 'Budget/Accounting Analyst III', NULL, 3, NULL, 874.26, 432.55),
(1700000, 'Engineer III', NULL, 3, NULL, 306.84, 937.30),
(1710000, 'Mechanical Systems Engineer', NULL, 3, NULL, 607.76, 743.54),
(1720000, 'Assistant Professor', NULL, 3, NULL, 438.59, 572.53),
(1740000, 'Human Resources Manager', NULL, 3, NULL, 336.86, 710.79),
(1750000, 'Internal Auditor', NULL, 3, NULL, 634.87, 682.50),
(1760000, 'VP Marketing', NULL, 3, NULL, 672.28, 305.33),
(1770000, 'Junior Executive', NULL, 3, NULL, 713.81, 807.88),
(1780000, 'Staff Accountant IV', NULL, 3, NULL, 495.81, 265.40),
(1790000, 'Media Manager III', NULL, 3, NULL, 121.75, 734.79),
(1800000, 'Analog Circuit Design manager', NULL, 3, NULL, 424.01, 518.56),
(1810000, 'VP Marketing', NULL, 3, NULL, 698.66, 696.61),
(1820000, 'Financial Advisor', NULL, 3, NULL, 179.62, 525.66),
(1830000, 'Social Worker', NULL, 3, NULL, 783.71, 530.28),
(1840000, 'Community Outreach Specialist', NULL, 3, NULL, 749.99, 608.33),
(1850000, 'Budget/Accounting Analyst IV', NULL, 3, NULL, 996.58, 845.97),
(1860000, 'Assistant Media Planner', NULL, 3, NULL, 835.75, 930.11),
(1870000, 'Nurse', NULL, 3, NULL, 477.47, 175.17),
(1880000, 'Civil Engineer', NULL, 3, NULL, 810.16, 649.40),
(1890000, 'Database Administrator II', NULL, 3, NULL, 219.46, 364.41),
(1900000, 'Nurse', NULL, 3, NULL, 646.53, 874.81),
(1910000, 'Human Resources Assistant IV', NULL, 3, NULL, 819.59, 134.20),
(1920000, 'Statistician I', NULL, 3, NULL, 696.83, 965.30),
(1940000, 'Social Worker', NULL, 3, NULL, 281.41, 639.26),
(1950000, 'Product Engineer', NULL, 3, NULL, 855.42, 500.85),
(1960000, 'Civil Engineer', NULL, 3, NULL, 645.46, 226.99),
(1970000, 'Environmental Tech', NULL, 3, NULL, 506.42, 955.66),
(1980000, 'VP Sales', NULL, 3, NULL, 959.60, 951.85),
(1990000, 'Human Resources Manager', NULL, 3, NULL, 379.24, 161.36),
(2000000, 'Safety Technician II', NULL, 3, NULL, 256.28, 800.48),
(2010000, 'Senior Financial Analyst', NULL, 3, NULL, 388.03, 984.90),
(2020000, 'VP Marketing', NULL, 3, NULL, 503.92, 393.67),
(2030000, 'Research Associate', NULL, 3, NULL, 830.93, 311.76),
(2040000, 'Cost Accountant', NULL, 3, NULL, 309.60, 496.44),
(2050000, 'Technical Writer', NULL, 3, NULL, 492.36, 985.75),
(2060000, 'Cost Accountant', NULL, 3, NULL, 467.53, 437.85),
(2070000, 'Administrative Assistant II', NULL, 3, NULL, 942.86, 661.43),
(2080000, 'Accountant IV', NULL, 3, NULL, 233.49, 922.99),
(2090000, 'Desktop Support Technician', NULL, 3, NULL, 249.89, 902.49),
(2100000, 'Payment Adjustment Coordinator', NULL, 3, NULL, 819.97, 965.11),
(2110000, 'Executive Secretary', NULL, 3, NULL, 590.84, 808.45),
(2120000, 'Help Desk Technician', NULL, 3, NULL, 886.16, 544.51),
(2130000, 'Systems Administrator III', NULL, 3, NULL, 909.36, 318.73),
(2140000, 'Junior Executive', NULL, 3, NULL, 537.61, 334.33),
(2150000, 'Recruiter', NULL, 3, NULL, 541.15, 715.94),
(2160000, 'Technical Writer', NULL, 3, NULL, 374.42, 575.33),
(2170000, 'Structural Engineer', NULL, 3, NULL, 372.23, 820.56),
(2180000, 'Financial Advisor', NULL, 3, NULL, 886.89, 740.30),
(2190000, 'Operator', NULL, 3, NULL, 907.34, 157.64),
(2200000, 'Marketing Assistant', NULL, 3, NULL, 797.66, 321.82),
(2210000, 'Recruiter', NULL, 3, NULL, 554.72, 653.54),
(2220000, 'Dental Hygienist', NULL, 3, NULL, 397.02, 617.30),
(2230000, 'VP Accounting', NULL, 3, NULL, 903.01, 630.03),
(2240000, 'GIS Technical Architect', NULL, 3, NULL, 291.18, 861.69),
(2250000, 'Actuary', NULL, 3, NULL, 238.34, 559.44),
(2260000, 'Senior Cost Accountant', NULL, 3, NULL, 225.48, 463.31),
(2270000, 'Data Coordinator', NULL, 3, NULL, 753.53, 123.12),
(2280000, 'Director of Sales', NULL, 3, NULL, 271.13, 577.05),
(2290000, 'Technical Writer', NULL, 3, NULL, 232.93, 987.92),
(2300000, 'VP Quality Control', NULL, 3, NULL, 657.34, 128.05),
(2310000, 'Programmer II', NULL, 3, NULL, 506.56, 445.91),
(2320000, 'Physical Therapy Assistant', NULL, 3, NULL, 952.52, 132.52),
(2330000, 'VP Sales', NULL, 3, NULL, 587.57, 270.63),
(2340000, 'Health Coach IV', NULL, 3, NULL, 260.61, 504.98),
(2350000, 'Account Executive', NULL, 3, NULL, 559.47, 880.59),
(2360000, 'Analog Circuit Design manager', NULL, 3, NULL, 660.11, 219.48),
(2370000, 'Environmental Specialist', NULL, 3, NULL, 355.75, 435.49),
(2380000, 'Actuary', NULL, 3, NULL, 884.52, 465.35),
(2390000, 'Pharmacist', NULL, 3, NULL, 921.86, 531.26),
(2400000, 'Dental Hygienist', NULL, 3, NULL, 447.71, 557.93),
(2410000, 'Geologist II', NULL, 3, NULL, 406.03, 997.71),
(2420000, 'Recruiter', NULL, 3, NULL, 878.66, 774.41),
(2430000, 'Business Systems Development Analyst', NULL, 3, NULL, 360.87, 156.71),
(2450000, 'Assistant Professor', NULL, 3, NULL, 169.95, 392.09),
(2460000, 'Nuclear Power Engineer', NULL, 3, NULL, 629.47, 515.23),
(2470000, 'Payment Adjustment Coordinator', NULL, 3, NULL, 510.63, 106.40),
(2480000, 'VP Marketing', NULL, 3, NULL, 793.44, 532.57),
(2490000, 'Sales Representative', NULL, 3, NULL, 375.74, 495.03),
(2500000, 'Director of Sales', NULL, 3, NULL, 477.91, 704.55),
(2520000, 'Research Assistant III', NULL, 3, NULL, 682.90, 418.68),
(2530000, 'Nuclear Power Engineer', NULL, 3, NULL, 245.13, 171.71),
(2540000, 'Web Designer IV', NULL, 3, NULL, 641.14, 858.92),
(2550000, 'Structural Engineer', NULL, 3, NULL, 981.68, 555.84),
(2560000, 'Structural Analysis Engineer', NULL, 3, NULL, 976.99, 800.66),
(2570000, 'Speech Pathologist', NULL, 3, NULL, 404.23, 998.57),
(2580000, 'Sales Representative', NULL, 3, NULL, 917.47, 181.56),
(2590000, 'Actuary', NULL, 3, NULL, 151.58, 132.21),
(2600000, 'Analyst Programmer', NULL, 3, NULL, 566.28, 730.92),
(2610000, 'Software Test Engineer IV', NULL, 3, NULL, 343.41, 575.78),
(2620000, 'Office Assistant IV', NULL, 3, NULL, 456.75, 521.05),
(2630000, 'Programmer Analyst IV', NULL, 3, NULL, 679.45, 132.93),
(2640000, 'Human Resources Assistant IV', NULL, 3, NULL, 522.38, 323.78),
(2650000, 'Compensation Analyst', NULL, 3, NULL, 185.65, 648.14),
(2660000, 'Director of Sales', NULL, 3, NULL, 823.85, 556.49),
(2670000, 'Accounting Assistant IV', NULL, 3, NULL, 999.48, 421.96),
(2680000, 'Computer Systems Analyst II', NULL, 3, NULL, 287.84, 719.43),
(2690000, 'Community Outreach Specialist', NULL, 3, NULL, 364.95, 140.24),
(2700000, 'Cost Accountant', NULL, 3, NULL, 505.08, 943.16),
(2710000, 'Environmental Tech', NULL, 3, NULL, 793.22, 561.68),
(2730000, 'Assistant Professor', NULL, 3, NULL, 931.10, 591.84),
(2740000, 'GIS Technical Architect', NULL, 3, NULL, 512.80, 324.75),
(2750000, 'VP Product Management', NULL, 3, NULL, 590.37, 585.54),
(2760000, 'Occupational Therapist', NULL, 3, NULL, 157.15, 658.50),
(2770000, 'VP Marketing', NULL, 3, NULL, 550.16, 384.50),
(2780000, 'Software Engineer I', NULL, 3, NULL, 246.33, 629.18),
(2790000, 'VP Accounting', NULL, 3, NULL, 538.74, 537.20),
(2800000, 'Senior Cost Accountant', NULL, 3, NULL, 388.44, 555.38),
(2810000, 'Programmer Analyst I', NULL, 3, NULL, 783.94, 679.94),
(2820000, 'Recruiting Manager', NULL, 3, NULL, 200.17, 187.09),
(2830000, 'Computer Systems Analyst IV', NULL, 3, NULL, 443.01, 945.35),
(2840000, 'Geological Engineer', NULL, 3, NULL, 873.07, 819.07),
(2850000, 'Social Worker', NULL, 3, NULL, 823.22, 532.80),
(2860000, 'Account Representative III', NULL, 3, NULL, 878.58, 588.08),
(2870000, 'GIS Technical Architect', NULL, 3, NULL, 735.39, 288.04),
(2880000, 'Nuclear Power Engineer', NULL, 3, NULL, 926.11, 979.97),
(2890000, 'Research Assistant III', NULL, 3, NULL, 509.42, 694.96),
(2900000, 'Help Desk Operator', NULL, 3, NULL, 692.57, 457.80),
(2910000, 'Civil Engineer', NULL, 3, NULL, 544.64, 941.75),
(2920000, 'Sales Representative', NULL, 3, NULL, 201.59, 280.24),
(2930000, 'Statistician I', NULL, 3, NULL, 284.08, 179.47),
(2940000, 'Technical Writer', NULL, 3, NULL, 948.75, 831.12),
(2950000, 'Chief Design Engineer', NULL, 3, NULL, 929.32, 118.81),
(2960000, 'Account Coordinator', NULL, 3, NULL, 235.86, 953.71),
(2970000, 'Cost Accountant', NULL, 3, NULL, 499.87, 740.59),
(2980000, 'Financial Advisor', NULL, 3, NULL, 884.22, 539.72),
(2990000, 'Systems Administrator IV', NULL, 3, NULL, 533.71, 747.21),
(3000000, 'Project Manager', NULL, 3, NULL, 265.93, 501.35),
(3010000, 'Account Representative III', NULL, 3, NULL, 161.94, 533.95),
(3020000, 'Human Resources Manager', NULL, 3, NULL, 568.00, 577.82),
(3030000, 'Senior Editor', NULL, 3, NULL, 644.75, 403.38),
(3040000, 'Biostatistician II', NULL, 3, NULL, 904.62, 746.75),
(3050000, 'VP Accounting', NULL, 3, NULL, 723.60, 514.20),
(3060000, 'Senior Developer', NULL, 3, NULL, 798.43, 114.25),
(3070000, 'Human Resources Assistant III', NULL, 3, NULL, 276.80, 794.11),
(3080000, 'Nurse Practicioner', NULL, 3, NULL, 954.44, 987.20),
(3090000, 'Internal Auditor', NULL, 3, NULL, 986.18, 332.35),
(3110000, 'Media Manager III', NULL, 3, NULL, 976.68, 870.97),
(3120000, 'Quality Engineer', NULL, 3, NULL, 731.51, 739.95),
(3130000, 'Operator', NULL, 3, NULL, 885.69, 597.66),
(3140000, 'Statistician III', NULL, 3, NULL, 959.14, 563.05),
(3150000, 'Account Representative III', NULL, 3, NULL, 685.69, 535.74),
(3170000, 'Occupational Therapist', NULL, 3, NULL, 377.29, 433.69),
(3180000, 'Safety Technician IV', NULL, 3, NULL, 357.84, 912.75),
(3190000, 'Occupational Therapist', NULL, 3, NULL, 657.68, 226.09),
(3200000, 'Environmental Specialist', NULL, 3, NULL, 482.76, 505.49),
(3210000, 'Sales Representative', NULL, 3, NULL, 419.69, 285.64),
(3220000, 'Analog Circuit Design manager', NULL, 3, NULL, 435.05, 714.94),
(3230000, 'Office Assistant III', NULL, 3, NULL, 520.16, 648.47),
(3240000, 'Compensation Analyst', NULL, 3, NULL, 378.99, 749.30),
(3250000, 'Environmental Specialist', NULL, 3, NULL, 234.09, 619.99),
(3270000, 'Environmental Specialist', NULL, 3, NULL, 161.39, 378.75),
(3280000, 'Quality Control Specialist', NULL, 3, NULL, 547.41, 105.52),
(3290000, 'Health Coach IV', NULL, 3, NULL, 766.12, 415.93),
(3300000, 'Food Chemist', NULL, 3, NULL, 921.78, 556.37),
(3310000, 'Quality Engineer', NULL, 3, NULL, 646.55, 519.87),
(3320000, 'Physical Therapy Assistant', NULL, 3, NULL, 813.91, 983.63),
(3330000, 'Chemical Engineer', NULL, 3, NULL, 416.67, 700.93),
(3340000, 'Director of Sales', NULL, 3, NULL, 779.52, 892.39),
(3350000, 'Administrative Assistant II', NULL, 3, NULL, 443.72, 917.64),
(3360000, 'Social Worker', NULL, 3, NULL, 625.37, 105.13),
(3370000, 'Sales Associate', NULL, 3, NULL, 378.76, 800.16),
(3380000, 'Marketing Manager', NULL, 3, NULL, 745.78, 127.65),
(3390000, 'VP Quality Control', NULL, 3, NULL, 363.76, 862.46),
(3410000, 'Executive Secretary', NULL, 3, NULL, 318.61, 971.79),
(3420000, 'Community Outreach Specialist', NULL, 3, NULL, 344.29, 430.99),
(3430000, 'Paralegal', NULL, 3, NULL, 613.91, 335.23),
(3440000, 'Legal Assistant', NULL, 3, NULL, 580.99, 639.97),
(3450000, 'Marketing Assistant', NULL, 3, NULL, 855.15, 745.60),
(3460000, 'Engineer I', NULL, 3, NULL, 498.87, 700.60),
(3480000, 'GIS Technical Architect', NULL, 3, NULL, 973.84, 627.89),
(3490000, 'Compensation Analyst', NULL, 3, NULL, 464.03, 408.04),
(3500000, 'Clinical Specialist', NULL, 3, NULL, 131.14, 860.74),
(3510000, 'Account Representative III', NULL, 3, NULL, 234.77, 687.23),
(3520000, 'Safety Technician III', NULL, 3, NULL, 991.06, 448.40),
(3530000, 'Chief Design Engineer', NULL, 3, NULL, 278.09, 491.94),
(3540000, 'Community Outreach Specialist', NULL, 3, NULL, 723.88, 675.44),
(3550000, 'Senior Financial Analyst', NULL, 3, NULL, 475.86, 642.69),
(3560000, 'Payment Adjustment Coordinator', NULL, 3, NULL, 280.06, 534.90),
(3580000, 'Software Consultant', NULL, 3, NULL, 863.20, 553.49),
(3590000, 'Staff Accountant IV', NULL, 3, NULL, 117.51, 690.51),
(3610000, 'Chemical Engineer', NULL, 3, NULL, 687.29, 312.13),
(3620000, 'VP Marketing', NULL, 3, NULL, 692.70, 841.84),
(3630000, 'Nurse Practicioner', NULL, 3, NULL, 342.52, 228.30),
(3640000, 'Research Nurse', NULL, 3, NULL, 155.83, 414.56),
(3650000, 'Tax Accountant', NULL, 3, NULL, 573.33, 345.98),
(3660000, 'Office Assistant III', NULL, 3, NULL, 612.64, 609.97),
(3670000, 'Nurse Practicioner', NULL, 3, NULL, 142.05, 497.94),
(3680000, 'Web Developer IV', NULL, 3, NULL, 226.62, 108.21),
(3690000, 'Compensation Analyst', NULL, 3, NULL, 881.44, 924.10),
(3700000, 'Nuclear Power Engineer', NULL, 3, NULL, 397.62, 470.58),
(3710000, 'Budget/Accounting Analyst IV', NULL, 3, NULL, 870.03, 867.74),
(3720000, 'Senior Developer', NULL, 3, NULL, 213.16, 882.57),
(3730000, 'Staff Accountant I', NULL, 3, NULL, 334.68, 435.15),
(3740000, 'Actuary', NULL, 3, NULL, 420.65, 385.27),
(3750000, 'Speech Pathologist', NULL, 3, NULL, 608.86, 887.71),
(3760000, 'Web Developer IV', NULL, 3, NULL, 516.98, 779.37),
(3770000, 'Tax Accountant', NULL, 3, NULL, 506.89, 379.52),
(3780000, 'Registered Nurse', NULL, 3, NULL, 817.15, 184.10),
(3790000, 'Analyst Programmer', NULL, 3, NULL, 961.28, 890.48),
(3800000, 'Actuary', NULL, 3, NULL, 441.77, 646.64),
(3820000, 'Compensation Analyst', NULL, 3, NULL, 938.57, 427.18),
(3830000, 'Analyst Programmer', NULL, 3, NULL, 411.50, 469.25),
(3840000, 'Systems Administrator II', NULL, 3, NULL, 349.67, 916.28),
(3850000, 'Actuary', NULL, 3, NULL, 647.10, 518.69),
(3860000, 'Nurse', NULL, 3, NULL, 830.74, 287.45),
(3870000, 'Database Administrator I', NULL, 3, NULL, 308.27, 651.64),
(3880000, 'Web Designer III', NULL, 3, NULL, 474.24, 869.61),
(3890000, 'Nurse Practicioner', NULL, 3, NULL, 821.06, 745.19),
(3900000, 'Sales Representative', NULL, 3, NULL, 425.03, 271.18),
(3910000, 'Paralegal', NULL, 3, NULL, 835.23, 189.06),
(3930000, 'Junior Executive', NULL, 3, NULL, 404.19, 452.76),
(3940000, 'Engineer IV', NULL, 3, NULL, 728.24, 866.15),
(3950000, 'General Manager', NULL, 3, NULL, 198.60, 218.14),
(3960000, 'Chemical Engineer', NULL, 3, NULL, 921.68, 669.13),
(3970000, 'Technical Writer', NULL, 3, NULL, 232.95, 424.47),
(3980000, 'Payment Adjustment Coordinator', NULL, 3, NULL, 847.89, 872.74),
(3990000, 'Senior Editor', NULL, 3, NULL, 966.47, 586.75);

-- --------------------------------------------------------

--
-- Table structure for table `course_semester`
--

CREATE TABLE `course_semester` (
  `course_id` int(11) NOT NULL,
  `semester_id` int(11) NOT NULL
) ENGINE=InnoDB DEFAULT CHARSET=utf8mb4 COLLATE=utf8mb4_general_ci;

--
-- Dumping data for table `course_semester`
--

INSERT INTO `course_semester` (`course_id`, `semester_id`) VALUES
(1, 38),
(2, 255),
(3, 159),
(4, 7),
(4, 695),
(4, 822),
(6, 45),
(6, 536),
(8, 795),
(9, 44),
(10, 950),
(11, 23),
(13, 970),
(15, 211),
(16, 730),
(16, 967),
(18, 462),
(19, 11),
(19, 33),
(19, 579),
(19, 929),
(20, 208),
(23, 744),
(25, 398),
(25, 968),
(26, 909),
(27, 335),
(28, 631),
(35, 499),
(35, 703),
(36, 949),
(37, 417),
(41, 253),
(42, 157),
(42, 710),
(43, 593),
(43, 636),
(54, 161),
(55, 178),
(57, 482),
(59, 678),
(59, 987),
(60, 364),
(62, 144),
(63, 552),
(64, 88),
(64, 107),
(64, 718),
(65, 193),
(65, 202),
(66, 748),
(67, 41),
(67, 257),
(67, 435),
(68, 152),
(69, 785),
(71, 895),
(72, 337),
(72, 877),
(73, 187),
(75, 454),
(76, 228),
(76, 917),
(77, 251),
(80, 647),
(81, 223),
(82, 459),
(85, 915),
(86, 759),
(88, 998),
(89, 776),
(91, 598),
(96, 111),
(96, 855),
(97, 234),
(97, 256),
(97, 652),
(97, 853),
(98, 54),
(98, 980),
(99, 25),
(100, 984),
(101, 515),
(104, 538),
(105, 525),
(106, 411),
(107, 160),
(108, 428),
(111, 181),
(111, 326),
(112, 945),
(113, 188),
(114, 655),
(116, 118),
(118, 554),
(119, 860),
(121, 621),
(123, 510),
(123, 844),
(125, 638),
(125, 868),
(128, 233),
(128, 345),
(128, 767),
(132, 93),
(132, 394),
(132, 412),
(135, 22),
(137, 470),
(137, 653),
(137, 675),
(137, 983),
(138, 419),
(140, 40),
(142, 409),
(144, 448),
(145, 339),
(145, 608),
(148, 68),
(148, 313),
(150, 550),
(150, 562),
(152, 167),
(152, 547),
(152, 898),
(155, 948),
(156, 543),
(158, 408),
(159, 637),
(159, 912),
(160, 65),
(161, 252),
(161, 489),
(164, 736),
(165, 473),
(168, 163),
(169, 320),
(169, 762),
(176, 601),
(178, 673),
(180, 479),
(180, 654),
(180, 750),
(180, 872),
(181, 42),
(181, 818),
(182, 590),
(184, 279),
(188, 32),
(188, 399),
(188, 557),
(188, 723),
(192, 592),
(194, 185),
(194, 589),
(195, 285),
(195, 755),
(196, 432),
(198, 597),
(201, 311),
(201, 504),
(202, 516),
(203, 354),
(204, 368),
(205, 77),
(205, 334),
(206, 400),
(208, 109),
(209, 360),
(210, 815),
(211, 172),
(213, 731),
(216, 664),
(217, 298),
(217, 404),
(218, 299),
(218, 645),
(219, 990),
(223, 502),
(224, 389),
(224, 768),
(224, 901),
(224, 936),
(225, 194),
(228, 110),
(231, 66),
(232, 982),
(232, 988),
(239, 133),
(239, 174),
(239, 930),
(240, 92),
(240, 261),
(240, 870),
(241, 283),
(242, 772),
(243, 572),
(243, 802),
(247, 57),
(249, 376),
(249, 831),
(251, 626),
(251, 890),
(253, 595),
(254, 134),
(256, 586),
(259, 683),
(261, 817),
(262, 918),
(266, 190),
(268, 328),
(269, 290),
(270, 8),
(270, 851),
(271, 687),
(272, 246),
(273, 533),
(273, 726),
(276, 108),
(277, 204),
(277, 825),
(279, 105),
(279, 832),
(280, 165),
(280, 803),
(280, 847),
(281, 4),
(281, 669),
(282, 106),
(284, 698),
(285, 529),
(287, 186),
(287, 804),
(287, 941),
(290, 375),
(290, 476),
(290, 977),
(292, 972),
(293, 440),
(294, 295),
(295, 220),
(295, 686),
(296, 164),
(297, 487),
(298, 577),
(298, 994),
(299, 528),
(301, 418),
(301, 439),
(301, 640),
(303, 406),
(303, 747),
(309, 297),
(310, 385),
(310, 531),
(310, 911),
(310, 962),
(310, 976),
(312, 371),
(314, 128),
(315, 500),
(315, 542),
(320, 150),
(320, 808),
(321, 272),
(322, 70),
(322, 127),
(322, 644),
(326, 702),
(329, 64),
(330, 393),
(330, 852),
(331, 658),
(331, 859),
(332, 361),
(333, 324),
(334, 12),
(334, 478),
(335, 229),
(335, 379),
(336, 73),
(336, 407),
(339, 863),
(342, 861),
(343, 210),
(344, 219),
(345, 274),
(345, 892),
(347, 551),
(348, 169),
(348, 512),
(351, 293),
(351, 781),
(352, 214),
(353, 71),
(354, 770),
(355, 89),
(355, 558),
(356, 751),
(356, 986),
(357, 460),
(357, 995),
(358, 130),
(358, 584),
(358, 963),
(359, 362),
(360, 880),
(361, 323),
(365, 932),
(367, 679),
(368, 55),
(368, 242),
(369, 266),
(369, 925),
(370, 67),
(370, 155),
(371, 84),
(371, 267),
(373, 602),
(375, 83),
(375, 231),
(378, 738),
(379, 724),
(380, 53),
(381, 148),
(382, 47),
(384, 396),
(386, 766),
(388, 953),
(390, 117),
(390, 451),
(391, 474),
(392, 957),
(393, 2),
(394, 35),
(394, 700),
(395, 162),
(396, 197),
(397, 585),
(399, 273),
(401, 277),
(401, 465),
(405, 49),
(409, 553),
(409, 952),
(412, 594),
(413, 456),
(414, 357),
(414, 423),
(416, 472),
(418, 628),
(418, 667),
(419, 149),
(419, 964),
(422, 154),
(422, 387),
(424, 341),
(425, 845),
(426, 965),
(430, 450),
(430, 727),
(433, 646),
(434, 714),
(435, 369),
(435, 719),
(437, 292),
(438, 623),
(440, 87),
(440, 330),
(441, 873),
(442, 374),
(443, 372),
(448, 816),
(448, 916),
(450, 716),
(453, 16),
(453, 48),
(453, 189),
(453, 625),
(454, 347),
(454, 875),
(455, 561),
(458, 99),
(458, 420),
(458, 517),
(460, 136),
(461, 444),
(461, 908),
(462, 27),
(463, 974),
(464, 997),
(468, 737),
(470, 141),
(471, 309),
(471, 753),
(471, 943),
(482, 497),
(483, 485),
(484, 746),
(485, 215),
(486, 583),
(488, 332),
(490, 60),
(491, 91),
(491, 788),
(491, 829),
(495, 484),
(496, 434),
(496, 840),
(497, 806),
(497, 862),
(498, 466),
(498, 662),
(499, 713),
(500, 612),
(500, 613),
(501, 31),
(501, 315),
(502, 135),
(502, 373),
(503, 104),
(505, 217),
(506, 145),
(506, 732),
(507, 843),
(508, 934),
(512, 304),
(512, 951),
(514, 209),
(517, 340),
(518, 849),
(518, 973),
(519, 171),
(521, 226),
(521, 570),
(524, 146),
(524, 203),
(525, 565),
(526, 617),
(529, 245),
(529, 632),
(530, 725),
(531, 796),
(531, 937),
(531, 958),
(532, 37),
(532, 286),
(532, 453),
(533, 777),
(534, 349),
(535, 773),
(537, 139),
(537, 578),
(539, 36),
(540, 380),
(541, 526),
(542, 674),
(544, 416),
(544, 978),
(546, 296),
(548, 166),
(548, 224),
(548, 811),
(548, 907),
(549, 195),
(549, 838),
(551, 899),
(553, 351),
(555, 200),
(556, 81),
(556, 619),
(557, 301),
(557, 327),
(557, 819),
(558, 147),
(558, 306),
(561, 216),
(561, 463),
(561, 530),
(562, 227),
(562, 353),
(562, 684),
(562, 821),
(563, 260),
(567, 505),
(568, 789),
(568, 913),
(571, 156),
(572, 827),
(573, 467),
(573, 824),
(573, 897),
(576, 307),
(576, 979),
(577, 665),
(577, 900),
(578, 989),
(579, 708),
(579, 921),
(580, 622),
(580, 959),
(581, 243),
(581, 429),
(581, 927),
(581, 960),
(585, 891),
(586, 721),
(587, 124),
(588, 975),
(590, 221),
(591, 142),
(593, 95),
(594, 814),
(595, 618),
(596, 666),
(596, 739),
(597, 903),
(598, 826),
(598, 944),
(599, 449),
(599, 629),
(599, 797),
(599, 857),
(600, 168),
(600, 938),
(600, 993),
(601, 765),
(601, 850),
(601, 854),
(603, 694),
(604, 641),
(604, 692),
(605, 235),
(606, 421),
(609, 820),
(609, 856),
(610, 794),
(611, 207),
(611, 541),
(614, 325),
(615, 289),
(617, 458),
(618, 278),
(618, 559),
(619, 780),
(622, 151),
(622, 175),
(622, 573),
(623, 403),
(628, 97),
(631, 184),
(632, 513),
(632, 889),
(633, 383),
(633, 431),
(633, 729),
(635, 281),
(636, 153),
(637, 312),
(642, 600),
(644, 1),
(644, 63),
(644, 688),
(646, 30),
(646, 230),
(646, 955),
(647, 270),
(648, 300),
(649, 199),
(651, 436),
(652, 876),
(653, 537),
(653, 833),
(654, 836),
(659, 244),
(660, 119),
(660, 503),
(662, 275),
(662, 491),
(664, 496),
(664, 842),
(666, 359),
(666, 549),
(669, 518),
(669, 704),
(671, 291),
(671, 422),
(671, 567),
(671, 701),
(672, 743),
(673, 137),
(673, 322),
(673, 464),
(673, 685),
(676, 62),
(676, 177),
(676, 681),
(676, 954),
(678, 74),
(678, 250),
(678, 758),
(679, 511),
(679, 693),
(680, 787),
(682, 158),
(682, 668),
(683, 749),
(683, 881),
(684, 21),
(686, 3),
(686, 568),
(687, 115),
(689, 922),
(691, 271),
(691, 391),
(692, 605),
(692, 882),
(693, 79),
(694, 116),
(696, 85),
(701, 935),
(702, 388),
(702, 735),
(703, 443),
(703, 709),
(707, 173),
(708, 712),
(710, 599),
(715, 809),
(715, 894),
(717, 775),
(718, 140),
(718, 303),
(719, 206),
(725, 212),
(725, 837),
(726, 10),
(728, 370),
(728, 582),
(729, 471),
(729, 756),
(730, 524),
(730, 630),
(731, 321),
(731, 336),
(731, 642),
(732, 834),
(733, 514),
(734, 15),
(734, 506),
(734, 548),
(734, 830),
(736, 534),
(737, 29),
(737, 996),
(738, 671),
(739, 121),
(739, 481),
(741, 222),
(742, 607),
(742, 690),
(742, 745),
(744, 563),
(745, 611),
(746, 606),
(748, 78),
(748, 639),
(750, 707),
(753, 905),
(755, 114),
(755, 587),
(756, 5),
(756, 39),
(756, 310),
(756, 858),
(757, 72),
(757, 239),
(757, 282),
(757, 769),
(758, 50),
(758, 461),
(758, 495),
(760, 34),
(761, 452),
(762, 225),
(762, 596),
(764, 846),
(766, 205),
(766, 801),
(768, 176),
(768, 546),
(768, 799),
(769, 56),
(769, 350),
(770, 24),
(771, 581),
(773, 384),
(774, 138),
(774, 940),
(775, 86),
(777, 378),
(782, 287),
(782, 390),
(784, 342),
(789, 123),
(789, 603),
(789, 720),
(790, 424),
(791, 564),
(793, 519),
(795, 75),
(795, 635),
(796, 574),
(798, 355),
(798, 677),
(798, 752),
(799, 835),
(799, 966),
(802, 810),
(804, 634),
(805, 249),
(805, 356),
(806, 241),
(806, 715),
(807, 410),
(807, 680),
(808, 59),
(808, 259),
(808, 392),
(809, 180),
(812, 488),
(813, 90),
(814, 555),
(814, 610),
(814, 696),
(815, 523),
(816, 102),
(816, 722),
(818, 126),
(818, 493),
(818, 616),
(820, 402),
(820, 956),
(821, 624),
(823, 520),
(823, 754),
(824, 316),
(824, 566),
(825, 447),
(827, 19),
(827, 262),
(827, 893),
(829, 609),
(829, 697),
(832, 395),
(832, 717),
(832, 771),
(833, 377),
(834, 807),
(834, 923),
(834, 939),
(835, 888),
(835, 926),
(838, 112),
(844, 650),
(845, 813),
(845, 884),
(846, 783),
(847, 728),
(849, 501),
(850, 46),
(850, 305),
(852, 170),
(852, 284),
(853, 318),
(854, 651),
(854, 774),
(857, 782),
(859, 828),
(860, 101),
(860, 604),
(862, 352),
(865, 363),
(865, 413),
(867, 539),
(867, 633),
(867, 848),
(869, 999),
(871, 914),
(872, 254),
(872, 527),
(872, 991),
(873, 13),
(873, 343),
(875, 397),
(875, 507),
(875, 805),
(876, 258),
(877, 96),
(877, 885),
(878, 682),
(879, 760),
(882, 676),
(884, 779),
(885, 76),
(885, 113),
(885, 122),
(885, 196),
(885, 705),
(888, 366),
(888, 798),
(889, 183),
(889, 232),
(889, 494),
(892, 790),
(893, 333),
(895, 94),
(895, 492),
(896, 427),
(896, 906),
(899, 961),
(902, 778),
(902, 823),
(903, 509),
(904, 415),
(905, 910),
(905, 928),
(906, 430),
(910, 401),
(913, 902),
(915, 919),
(916, 314),
(918, 198),
(918, 588),
(918, 924),
(924, 656),
(927, 6),
(927, 498),
(928, 483),
(928, 627),
(929, 867),
(932, 438),
(933, 182),
(934, 179),
(939, 331),
(940, 556),
(940, 920),
(941, 433),
(941, 864),
(941, 985),
(942, 9),
(942, 544),
(945, 869),
(947, 367),
(948, 20),
(948, 761),
(948, 791),
(950, 786),
(951, 329),
(951, 648),
(951, 740),
(952, 382),
(954, 61),
(954, 904),
(955, 871),
(956, 532),
(957, 240),
(957, 425),
(959, 946),
(960, 218),
(960, 348);

-- --------------------------------------------------------

--
-- Table structure for table `course_teacher`
--

CREATE TABLE `course_teacher` (
  `course_id` int(11) NOT NULL,
  `teacher_id` int(11) NOT NULL,
  `weekly_hours` int(11) DEFAULT NULL
) ENGINE=InnoDB DEFAULT CHARSET=utf8mb4 COLLATE=utf8mb4_general_ci;

--
-- Dumping data for table `course_teacher`
--

INSERT INTO `course_teacher` (`course_id`, `teacher_id`, `weekly_hours`) VALUES
(1, 1, NULL),
(1, 468, NULL),
(3, 13, NULL),
(4, 633, NULL),
(4, 810, NULL),
(6, 826, NULL),
(8, 789, NULL),
(10, 62, NULL),
(12, 385, NULL),
(13, 7, NULL),
(17, 412, NULL),
(19, 116, NULL),
(20, 159, NULL),
(21, 536, NULL),
(24, 3, NULL),
(25, 526, NULL),
(28, 571, NULL),
(28, 815, NULL),
(31, 541, NULL),
(35, 402, NULL),
(36, 334, NULL),
(39, 354, NULL),
(41, 94, NULL),
(45, 470, NULL),
(48, 64, NULL),
(48, 395, NULL),
(52, 198, NULL),
(52, 461, NULL),
(59, 166, NULL),
(60, 482, NULL),
(60, 533, NULL),
(60, 853, NULL),
(62, 25, NULL),
(62, 47, NULL),
(69, 185, NULL),
(69, 394, NULL),
(71, 112, NULL),
(72, 17, NULL),
(75, 892, NULL),
(76, 414, NULL),
(77, 833, NULL),
(78, 186, NULL),
(78, 463, NULL),
(83, 375, NULL),
(88, 864, NULL),
(89, 24, NULL),
(95, 875, NULL),
(98, 148, NULL),
(98, 353, NULL),
(100, 643, NULL),
(102, 480, NULL),
(105, 583, NULL),
(116, 818, NULL),
(119, 409, NULL),
(122, 622, NULL),
(124, 60, NULL),
(125, 619, NULL),
(129, 648, NULL),
(131, 458, NULL),
(132, 555, NULL),
(132, 629, NULL),
(134, 417, NULL),
(135, 459, NULL),
(135, 481, NULL),
(137, 880, NULL),
(138, 646, NULL),
(141, 527, NULL),
(145, 444, NULL),
(145, 604, NULL),
(146, 440, NULL),
(147, 10, NULL),
(151, 130, NULL),
(156, 358, NULL),
(158, 343, NULL),
(158, 388, NULL),
(160, 879, NULL),
(163, 476, NULL),
(164, 577, NULL),
(166, 149, NULL),
(168, 194, NULL),
(169, 355, NULL),
(169, 857, NULL),
(171, 65, NULL),
(171, 139, NULL),
(173, 570, NULL),
(176, 371, NULL),
(180, 809, NULL),
(181, 150, NULL),
(182, 542, NULL),
(184, 830, NULL),
(185, 29, NULL),
(186, 352, NULL),
(187, 137, NULL),
(192, 613, NULL),
(193, 93, NULL),
(196, 484, NULL),
(196, 793, NULL),
(202, 336, NULL),
(203, 132, NULL),
(203, 624, NULL),
(204, 510, NULL),
(204, 870, NULL),
(207, 421, NULL),
(207, 531, NULL),
(209, 35, NULL),
(209, 182, NULL),
(210, 500, NULL),
(211, 448, NULL),
(213, 344, NULL),
(216, 142, NULL),
(217, 449, NULL),
(218, 886, NULL),
(219, 837, NULL),
(222, 872, NULL),
(226, 454, NULL),
(226, 504, NULL),
(227, 43, NULL),
(228, 520, NULL),
(235, 498, NULL),
(236, 524, NULL),
(238, 9, NULL),
(239, 141, NULL),
(239, 593, NULL),
(242, 794, NULL),
(242, 832, NULL),
(242, 846, NULL),
(247, 831, NULL),
(249, 855, NULL),
(252, 163, NULL),
(255, 452, NULL),
(255, 617, NULL),
(256, 384, NULL),
(256, 568, NULL),
(261, 889, NULL),
(265, 608, NULL),
(267, 126, NULL),
(269, 447, NULL),
(269, 893, NULL),
(270, 829, NULL),
(276, 523, NULL),
(278, 816, NULL),
(279, 647, NULL),
(279, 877, NULL),
(280, 193, NULL),
(283, 499, NULL),
(284, 398, NULL),
(285, 435, NULL),
(285, 649, NULL),
(287, 21, NULL),
(288, 66, NULL),
(291, 115, NULL),
(292, 350, NULL),
(296, 467, NULL),
(297, 360, NULL),
(297, 539, NULL),
(299, 820, NULL),
(300, 366, NULL),
(301, 849, NULL),
(302, 423, NULL),
(303, 489, NULL),
(312, 39, NULL),
(314, 451, NULL),
(315, 506, NULL),
(316, 15, NULL),
(316, 878, NULL),
(319, 799, NULL),
(320, 424, NULL),
(322, 161, NULL),
(324, 151, NULL),
(326, 372, NULL),
(328, 400, NULL),
(328, 503, NULL),
(332, 370, NULL),
(334, 183, NULL),
(335, 836, NULL),
(336, 534, NULL),
(341, 377, NULL),
(341, 881, NULL),
(342, 6, NULL),
(342, 425, NULL),
(344, 419, NULL),
(345, 4, NULL),
(345, 618, NULL),
(345, 890, NULL),
(348, 158, NULL),
(349, 199, NULL),
(349, 464, NULL),
(351, 14, NULL),
(355, 20, NULL),
(355, 348, NULL),
(361, 521, NULL),
(362, 364, NULL),
(362, 501, NULL),
(367, 1, NULL),
(369, 378, NULL),
(370, 792, NULL),
(373, 191, NULL),
(375, 509, NULL),
(378, 517, NULL),
(381, 876, NULL),
(383, 339, NULL),
(390, 632, NULL),
(390, 850, NULL),
(392, 63, NULL),
(394, 529, NULL),
(399, 865, NULL),
(408, 340, NULL),
(409, 474, NULL),
(411, 200, NULL),
(411, 856, NULL),
(412, 361, NULL),
(414, 430, NULL),
(417, 362, NULL),
(425, 61, NULL),
(425, 441, NULL),
(427, 389, NULL),
(428, 365, NULL),
(437, 565, NULL),
(440, 562, NULL),
(442, 795, NULL),
(443, 48, NULL),
(443, 597, NULL),
(444, 16, NULL),
(450, 108, NULL),
(454, 825, NULL),
(455, 144, NULL),
(458, 98, NULL),
(458, 642, NULL),
(459, 858, NULL),
(460, 422, NULL),
(460, 644, NULL),
(463, 891, NULL),
(464, 11, NULL),
(464, 828, NULL),
(465, 54, NULL),
(468, 554, NULL),
(470, 95, NULL),
(476, 790, NULL),
(479, 55, NULL),
(479, 380, NULL),
(484, 59, NULL),
(487, 368, NULL),
(487, 800, NULL),
(488, 505, NULL),
(490, 874, NULL),
(494, 651, NULL),
(495, 101, NULL),
(497, 896, NULL),
(498, 616, NULL),
(500, 453, NULL),
(500, 572, NULL),
(501, 808, NULL),
(501, 871, NULL),
(503, 477, NULL),
(504, 393, NULL),
(504, 543, NULL),
(505, 502, NULL),
(507, 173, NULL),
(512, 32, NULL),
(512, 514, NULL),
(514, 807, NULL),
(516, 53, NULL),
(516, 443, NULL),
(517, 45, NULL),
(519, 51, NULL),
(528, 866, NULL),
(531, 599, NULL),
(538, 102, NULL),
(538, 391, NULL),
(540, 34, NULL),
(553, 129, NULL),
(556, 492, NULL),
(556, 507, NULL),
(557, 471, NULL),
(560, 192, NULL),
(561, 36, NULL),
(562, 627, NULL),
(562, 801, NULL),
(566, 407, NULL),
(569, 590, NULL),
(572, 52, NULL),
(572, 559, NULL),
(573, 805, NULL),
(574, 57, NULL),
(575, 615, NULL),
(578, 545, NULL),
(578, 854, NULL),
(579, 42, NULL),
(579, 56, NULL),
(581, 172, NULL),
(585, 469, NULL),
(588, 582, NULL),
(589, 596, NULL),
(589, 638, NULL),
(595, 603, NULL),
(595, 611, NULL),
(597, 553, NULL),
(599, 202, NULL),
(602, 575, NULL),
(603, 347, NULL),
(604, 181, NULL),
(608, 626, NULL),
(609, 131, NULL),
(610, 485, NULL),
(612, 138, NULL),
(617, 518, NULL),
(618, 537, NULL),
(620, 812, NULL),
(622, 374, NULL),
(625, 8, NULL),
(626, 376, NULL),
(626, 594, NULL),
(629, 118, NULL),
(630, 373, NULL),
(631, 178, NULL),
(632, 442, NULL),
(637, 798, NULL),
(637, 868, NULL),
(642, 105, NULL),
(642, 369, NULL),
(642, 404, NULL),
(642, 588, NULL),
(643, 641, NULL),
(647, 591, NULL),
(648, 5, NULL),
(653, 177, NULL),
(666, 113, NULL),
(669, 578, NULL),
(672, 127, NULL),
(672, 456, NULL),
(673, 848, NULL),
(677, 125, NULL),
(677, 508, NULL),
(679, 403, NULL),
(682, 157, NULL),
(682, 359, NULL),
(683, 26, NULL),
(684, 413, NULL),
(685, 581, NULL),
(686, 399, NULL),
(687, 38, NULL),
(687, 134, NULL),
(688, 50, NULL),
(688, 390, NULL),
(688, 645, NULL),
(689, 433, NULL),
(692, 528, NULL),
(693, 196, NULL),
(696, 887, NULL),
(697, 636, NULL),
(697, 819, NULL),
(698, 387, NULL),
(699, 168, NULL),
(699, 488, NULL),
(702, 558, NULL),
(704, 821, NULL),
(705, 882, NULL),
(710, 796, NULL),
(711, 564, NULL),
(717, 109, NULL),
(717, 551, NULL),
(719, 100, NULL),
(722, 37, NULL),
(722, 175, NULL),
(724, 439, NULL),
(727, 455, NULL),
(727, 538, NULL),
(727, 600, NULL),
(727, 614, NULL),
(728, 852, NULL),
(730, 473, NULL),
(732, 552, NULL),
(732, 605, NULL),
(733, 491, NULL),
(735, 104, NULL),
(736, 19, NULL),
(743, 635, NULL),
(744, 341, NULL),
(744, 811, NULL),
(746, 580, NULL),
(746, 602, NULL),
(746, 803, NULL),
(746, 806, NULL),
(752, 103, NULL),
(766, 18, NULL),
(766, 511, NULL),
(768, 838, NULL),
(769, 595, NULL),
(770, 408, NULL),
(773, 438, NULL),
(775, 823, NULL),
(779, 530, NULL),
(780, 124, NULL),
(781, 493, NULL),
(781, 525, NULL),
(782, 457, NULL),
(782, 563, NULL),
(782, 612, NULL),
(784, 145, NULL),
(791, 396, NULL),
(791, 885, NULL),
(792, 589, NULL),
(793, 363, NULL),
(797, 863, NULL),
(799, 203, NULL),
(800, 621, NULL),
(803, 415, NULL),
(805, 133, NULL),
(806, 416, NULL),
(810, 429, NULL),
(811, 556, NULL),
(816, 406, NULL),
(816, 513, NULL),
(816, 639, NULL),
(816, 895, NULL),
(817, 140, NULL),
(817, 436, NULL),
(818, 519, NULL),
(823, 111, NULL),
(823, 337, NULL),
(824, 357, NULL),
(825, 190, NULL),
(826, 117, NULL),
(827, 91, NULL),
(832, 386, NULL),
(834, 152, NULL),
(836, 478, NULL),
(836, 479, NULL),
(840, 873, NULL),
(841, 119, NULL),
(842, 12, NULL),
(842, 791, NULL),
(844, 522, NULL),
(848, 195, NULL),
(848, 888, NULL),
(849, 169, NULL),
(855, 869, NULL),
(859, 797, NULL),
(866, 397, NULL),
(869, 184, NULL),
(870, 428, NULL),
(871, 155, NULL),
(872, 512, NULL),
(873, 356, NULL),
(882, 201, NULL),
(884, 31, NULL),
(891, 495, NULL),
(893, 609, NULL),
(895, 628, NULL),
(896, 486, NULL),
(900, 107, NULL),
(901, 640, NULL),
(903, 174, NULL),
(903, 392, NULL),
(906, 121, NULL),
(906, 894, NULL),
(907, 598, NULL),
(911, 576, NULL),
(912, 167, NULL),
(912, 625, NULL),
(918, 44, NULL),
(920, 342, NULL),
(921, 437, NULL),
(924, 426, NULL),
(929, 411, NULL),
(931, 420, NULL),
(932, 345, NULL),
(932, 579, NULL),
(932, 623, NULL),
(934, 171, NULL),
(936, 584, NULL),
(936, 834, NULL),
(938, 162, NULL),
(943, 813, NULL),
(948, 824, NULL),
(955, 187, NULL),
(956, 446, NULL),
(958, 23, NULL),
(958, 573, NULL),
(958, 586, NULL),
(958, 817, NULL),
(959, 601, NULL),
(960, 176, NULL),
(50000, 1370000, 7),
(50000, 2870000, 1),
(90000, 1620000, 4),
(130000, 3320000, 2),
(150000, 3580000, 7),
(180000, 140000, 9),
(190000, 3910000, 4),
(200000, 3460000, 8),
(250000, 2480000, 9),
(360000, 3380000, 3),
(440000, 2890000, 9),
(500000, 560000, 10),
(500000, 1390000, 10),
(500000, 3460000, 10),
(510000, 130000, 6),
(520000, 90000, 3),
(530000, 2990000, 8),
(540000, 2090000, 3),
(590000, 2240000, 4),
(590000, 3070000, 10),
(630000, 3580000, 4),
(650000, 3050000, 6),
(690000, 950000, 6),
(700000, 3900000, 4),
(710000, 3640000, 5),
(720000, 1250000, 2),
(760000, 80000, 1),
(810000, 2530000, 8),
(850000, 2240000, 6),
(890000, 1150000, 9),
(910000, 3690000, 9),
(920000, 1730000, 1),
(950000, 350000, 6),
(960000, 1360000, 2),
(980000, 3600000, 8),
(990000, 2650000, 6),
(1010000, 80000, 1),
(1080000, 1710000, 3),
(1090000, 2090000, 6),
(1130000, 3960000, 9),
(1150000, 210000, 4),
(1160000, 1020000, 2),
(1160000, 1160000, 9),
(1160000, 3070000, 5),
(1180000, 2190000, 10),
(1180000, 2380000, 9),
(1250000, 2650000, 9),
(1280000, 280000, 10),
(1290000, 2190000, 7),
(1330000, 2380000, 7),
(1360000, 3600000, 7),
(1370000, 560000, 10),
(1410000, 1710000, 9),
(1420000, 1360000, 6),
(1420000, 3200000, 7),
(1470000, 610000, 10),
(1490000, 440000, 1),
(1520000, 3510000, 8),
(1520000, 3880000, 3),
(1540000, 110000, 8),
(1540000, 2600000, 9),
(1560000, 110000, 6),
(1560000, 1340000, 10),
(1570000, 250000, 5),
(1580000, 1830000, 5),
(1630000, 910000, 6),
(1630000, 1260000, 10),
(1710000, 20000, 2),
(1720000, 2800000, 7),
(1740000, 3240000, 8),
(1760000, 580000, 10),
(1780000, 2600000, 10),
(1810000, 440000, 1),
(1840000, 20000, 7),
(1860000, 3880000, 8),
(1870000, 2920000, 8),
(1920000, 380000, 10),
(2050000, 2740000, 8),
(2060000, 1160000, 5),
(2060000, 2890000, 2),
(2080000, 2890000, 4),
(2090000, 870000, 5),
(2100000, 2990000, 5),
(2110000, 2100000, 1),
(2120000, 280000, 9),
(2130000, 2030000, 6),
(2180000, 1150000, 4),
(2180000, 2650000, 8),
(2190000, 350000, 4),
(2200000, 1450000, 5),
(2240000, 1620000, 10),
(2250000, 3460000, 10),
(2250000, 3600000, 9),
(2260000, 700000, 2),
(2320000, 2600000, 10),
(2390000, 2030000, 4),
(2420000, 810000, 3),
(2450000, 120000, 7),
(2500000, 1150000, 3),
(2540000, 950000, 2),
(2540000, 2120000, 3),
(2550000, 3510000, 4),
(2600000, 3950000, 7),
(2610000, 210000, 2),
(2610000, 2280000, 3),
(2630000, 2550000, 6),
(2640000, 180000, 2),
(2710000, 1390000, 4),
(2800000, 20000, 6),
(2800000, 1230000, 4),
(2810000, 1710000, 8),
(2840000, 350000, 3),
(2890000, 2870000, 4),
(3000000, 1620000, 1),
(3000000, 2130000, 2),
(3130000, 1670000, 8),
(3180000, 610000, 10),
(3200000, 3640000, 7),
(3240000, 1920000, 5),
(3270000, 1390000, 4),
(3280000, 3050000, 3),
(3320000, 1920000, 10),
(3340000, 1020000, 7),
(3350000, 580000, 1),
(3350000, 2100000, 6),
(3350000, 2800000, 8),
(3380000, 2740000, 5),
(3490000, 1100000, 5),
(3520000, 180000, 7),
(3520000, 1230000, 6),
(3530000, 80000, 7),
(3550000, 1250000, 5),
(3580000, 1340000, 7),
(3630000, 1240000, 8),
(3660000, 440000, 4),
(3670000, 1420000, 2),
(3680000, 2740000, 1),
(3750000, 1250000, 8),
(3790000, 210000, 4),
(3800000, 110000, 8),
(3820000, 2990000, 7),
(3820000, 3900000, 2),
(3830000, 2090000, 9),
(3830000, 3070000, 10),
(3870000, 3900000, 10),
(3930000, 90000, 1),
(3930000, 3880000, 3),
(3960000, 1190000, 8),
(3970000, 870000, 1);

-- --------------------------------------------------------

--
-- Table structure for table `grade`
--

CREATE TABLE `grade` (
  `student_id` int(11) NOT NULL,
  `test_id` int(11) NOT NULL,
  `grade` int(11) DEFAULT 0
) ENGINE=InnoDB DEFAULT CHARSET=utf8mb4 COLLATE=utf8mb4_general_ci;

--
-- Dumping data for table `grade`
--

INSERT INTO `grade` (`student_id`, `test_id`, `grade`) VALUES
(1, 1, 95),
(2, 253, 20),
(2, 385, 86),
(4, 31, 29),
(8, 478, 67),
(9, 254, 50),
(10, 14, 47),
(15, 128, 68),
(15, 469, 45),
(17, 841, 90),
(18, 518, 38),
(19, 470, 35),
(25, 84, 58),
(26, 157, 32),
(26, 701, 51),
(27, 240, 92),
(29, 94, 29),
(29, 322, 60),
(29, 595, 84),
(29, 930, 82),
(30, 777, 51),
(34, 645, 95),
(36, 118, 91),
(36, 596, 42),
(38, 150, 42),
(40, 703, 29),
(40, 761, 70),
(43, 505, 83),
(43, 643, 29),
(45, 573, 40),
(46, 551, 38),
(46, 887, 62),
(47, 396, 53),
(47, 836, 39),
(48, 760, 94),
(51, 488, 25),
(53, 407, 61),
(53, 568, 58),
(53, 630, 49),
(54, 646, 55),
(57, 151, 51),
(58, 70, 95),
(58, 773, 46),
(60, 913, 38),
(61, 343, 80),
(61, 352, 60),
(62, 576, 29),
(63, 212, 50),
(65, 92, 75),
(67, 400, 46),
(67, 654, 22),
(69, 466, 26),
(69, 572, 22),
(69, 904, 97),
(71, 711, 78),
(74, 13, 85),
(77, 501, 58),
(79, 19, 65),
(79, 399, 70),
(80, 812, 66),
(92, 26, 60),
(93, 819, 41),
(96, 202, 74),
(96, 347, 87),
(98, 192, 95),
(100, 649, 50),
(102, 562, 60),
(103, 346, 43),
(104, 622, 47),
(104, 645, 80),
(106, 904, 84),
(108, 641, 23),
(108, 690, 62),
(109, 479, 94),
(113, 394, 25),
(115, 32, 74),
(117, 496, 62),
(117, 928, 66),
(118, 59, 36),
(118, 708, 53),
(120, 370, 81),
(122, 412, 97),
(122, 500, 67),
(122, 571, 82),
(122, 894, 20),
(124, 312, 76),
(124, 651, 51),
(125, 374, 84),
(125, 833, 86),
(129, 747, 66),
(134, 595, 38),
(136, 298, 65),
(137, 659, 99),
(139, 51, 24),
(139, 621, 96),
(140, 328, 26),
(140, 625, 75),
(140, 781, 71),
(141, 379, 69),
(146, 725, 49),
(147, 93, 56),
(148, 532, 28),
(150, 270, 89),
(150, 373, 30),
(152, 473, 92),
(153, 757, 32),
(155, 282, 26),
(157, 224, 82),
(159, 698, 65),
(161, 689, 45),
(164, 556, 30),
(164, 851, 47),
(166, 549, 22),
(168, 324, 52),
(168, 627, 94),
(171, 440, 90),
(171, 919, 53),
(172, 178, 50),
(173, 63, 47),
(174, 343, 89),
(174, 370, 67),
(176, 339, 75),
(176, 708, 77),
(177, 89, 42),
(177, 611, 67),
(177, 677, 49),
(178, 791, 53),
(179, 206, 59),
(179, 419, 74),
(180, 446, 72),
(181, 148, 57),
(182, 488, 84),
(182, 808, 24),
(182, 886, 92),
(183, 760, 63),
(184, 746, 93),
(185, 7, 46),
(185, 841, 35),
(188, 716, 69),
(189, 242, 55),
(191, 350, 60),
(191, 820, 30),
(192, 400, 91),
(193, 440, 99),
(196, 861, 94),
(198, 144, 41),
(200, 860, 92),
(201, 403, 37),
(201, 488, 46),
(201, 790, 60),
(202, 10, 58),
(204, 666, 78),
(205, 453, 78),
(205, 508, 23),
(207, 571, 55),
(209, 846, 47),
(209, 954, 24),
(210, 136, 35),
(213, 576, 89),
(214, 929, 54),
(215, 875, 78),
(216, 844, 53),
(218, 847, 28),
(219, 912, 76),
(221, 512, 34),
(222, 281, 42),
(222, 854, 52),
(229, 741, 33),
(230, 456, 57),
(232, 498, 51),
(234, 97, 66),
(235, 914, 33),
(238, 433, 61),
(239, 118, 73),
(240, 743, 20),
(241, 273, 65),
(242, 807, 37),
(242, 882, 92),
(243, 928, 97),
(245, 364, 93),
(247, 767, 42),
(252, 257, 89),
(253, 109, 65),
(253, 410, 43),
(254, 954, 96),
(255, 130, 77),
(256, 69, 88),
(256, 290, 46),
(257, 186, 58),
(258, 697, 50),
(259, 123, 46),
(259, 656, 98),
(259, 955, 45),
(260, 815, 95),
(260, 909, 80),
(261, 223, 59),
(266, 164, 49),
(266, 314, 48),
(266, 840, 54),
(267, 551, 73),
(267, 881, 41),
(268, 676, 20),
(268, 859, 100),
(269, 33, 32),
(275, 362, 70),
(276, 774, 74),
(280, 256, 39),
(282, 97, 36),
(284, 33, 25),
(284, 273, 81),
(284, 768, 65),
(284, 802, 83),
(285, 554, 56),
(286, 743, 68),
(287, 121, 77),
(287, 498, 92),
(288, 738, 64),
(289, 230, 55),
(289, 240, 37),
(289, 804, 86),
(289, 924, 60),
(290, 221, 45),
(292, 923, 59),
(298, 451, 32),
(299, 135, 56),
(300, 912, 87),
(303, 68, 73),
(303, 90, 36),
(303, 905, 42),
(305, 683, 30),
(306, 86, 63),
(309, 883, 91),
(314, 833, 25),
(316, 105, 79),
(320, 886, 38),
(322, 191, 74),
(322, 931, 36),
(323, 33, 30),
(323, 574, 86),
(324, 79, 82),
(324, 571, 56),
(325, 652, 75),
(327, 304, 63),
(331, 763, 69),
(331, 815, 71),
(332, 879, 57),
(333, 888, 26),
(334, 196, 94),
(334, 566, 85),
(335, 397, 79),
(336, 2, 73),
(336, 809, 92),
(336, 895, 46),
(339, 471, 79),
(342, 409, 24),
(342, 456, 99),
(343, 694, 71),
(345, 42, 72),
(346, 436, 47),
(348, 176, 38),
(351, 192, 20),
(352, 213, 37),
(353, 343, 23),
(353, 466, 55),
(355, 710, 73),
(356, 336, 30),
(356, 862, 69),
(357, 181, 24),
(357, 187, 40),
(358, 625, 44),
(359, 774, 90),
(360, 955, 65),
(361, 423, 39),
(362, 6, 32),
(362, 251, 64),
(362, 435, 98),
(363, 770, 81),
(366, 209, 34),
(366, 650, 57),
(368, 943, 75),
(372, 260, 50),
(372, 820, 68),
(374, 58, 86),
(374, 250, 57),
(378, 861, 44),
(384, 908, 46),
(386, 171, 99),
(386, 391, 94),
(386, 396, 66),
(387, 360, 75),
(389, 287, 95),
(389, 741, 36),
(390, 406, 59),
(390, 652, 76),
(391, 617, 97),
(391, 703, 52),
(393, 911, 58),
(393, 924, 23),
(398, 427, 96),
(398, 512, 73),
(400, 678, 82),
(401, 135, 80),
(401, 543, 29),
(402, 563, 99),
(403, 275, 83),
(404, 843, 63),
(405, 942, 97),
(406, 427, 75),
(410, 111, 21),
(410, 925, 93),
(411, 293, 59),
(417, 599, 36),
(421, 480, 43),
(422, 144, 59),
(423, 828, 96),
(424, 426, 94),
(424, 754, 35),
(426, 255, 47),
(426, 674, 94),
(427, 462, 74),
(430, 493, 91),
(431, 800, 31),
(433, 428, 51),
(439, 658, 30),
(439, 907, 39),
(439, 950, 33),
(440, 541, 50),
(441, 91, 87),
(441, 394, 86),
(445, 648, 37),
(446, 81, 75),
(446, 501, 22),
(448, 14, 84),
(448, 564, 68),
(450, 127, 81),
(450, 566, 30),
(451, 147, 30),
(451, 564, 58),
(452, 743, 27),
(453, 430, 35),
(454, 713, 84),
(459, 85, 74),
(460, 389, 86),
(460, 432, 22),
(461, 342, 58),
(461, 791, 36),
(462, 144, 43),
(463, 808, 53),
(465, 159, 96),
(465, 346, 99),
(466, 228, 62),
(469, 137, 89),
(470, 454, 84),
(470, 820, 38),
(471, 485, 55),
(472, 789, 100),
(473, 27, 22),
(473, 610, 87),
(475, 81, 65),
(476, 252, 70),
(478, 851, 38),
(479, 416, 63),
(482, 436, 39),
(482, 526, 75),
(483, 568, 36),
(484, 754, 87),
(484, 795, 47),
(484, 910, 97),
(485, 361, 56),
(486, 195, 31),
(486, 223, 44),
(488, 189, 51),
(490, 346, 55),
(495, 666, 47),
(496, 473, 99),
(497, 378, 72),
(498, 714, 79),
(500, 719, 65),
(501, 862, 82),
(504, 173, 20),
(505, 242, 56),
(507, 785, 39),
(508, 5, 80),
(508, 829, 50),
(509, 866, 48),
(510, 901, 56),
(512, 67, 36),
(512, 500, 65),
(514, 162, 82),
(515, 726, 97),
(516, 92, 56),
(519, 505, 39),
(521, 722, 54),
(522, 480, 83),
(526, 7, 42),
(526, 684, 52),
(527, 368, 51),
(527, 415, 24),
(528, 843, 53),
(530, 607, 90),
(532, 421, 84),
(535, 600, 57),
(535, 652, 21),
(535, 844, 29),
(536, 95, 88),
(536, 225, 37),
(538, 628, 42),
(539, 711, 25),
(540, 212, 57),
(542, 69, 80),
(542, 327, 82),
(542, 877, 64),
(542, 916, 69),
(543, 271, 77),
(548, 147, 30),
(548, 464, 86),
(548, 574, 67),
(549, 399, 46),
(549, 705, 92),
(549, 921, 39),
(550, 227, 52),
(550, 453, 90),
(551, 738, 42),
(552, 162, 86),
(552, 170, 89),
(552, 926, 30),
(554, 731, 80),
(555, 339, 80),
(556, 779, 55),
(556, 845, 44),
(558, 11, 73),
(558, 945, 51),
(562, 366, 65),
(562, 413, 74),
(562, 668, 75),
(563, 834, 72),
(564, 329, 34),
(564, 571, 73),
(565, 551, 30),
(567, 905, 64),
(568, 108, 39),
(568, 581, 87),
(568, 650, 33),
(568, 811, 39),
(569, 151, 32),
(570, 951, 51),
(571, 858, 86),
(573, 86, 26),
(574, 714, 49),
(575, 554, 96),
(575, 595, 31),
(577, 162, 88),
(577, 536, 26),
(577, 686, 55),
(577, 916, 49),
(583, 346, 48),
(583, 520, 85),
(586, 531, 52),
(586, 791, 97),
(587, 389, 65),
(589, 779, 32),
(593, 696, 89),
(595, 320, 73),
(596, 639, 38),
(597, 38, 65),
(597, 525, 87),
(599, 33, 20),
(600, 763, 89),
(601, 165, 58),
(601, 678, 39),
(602, 487, 69),
(605, 475, 79),
(606, 453, 94),
(606, 863, 33),
(607, 723, 20),
(609, 92, 25),
(609, 465, 88),
(610, 387, 92),
(611, 76, 40),
(611, 914, 86),
(612, 905, 39),
(614, 429, 81),
(616, 631, 31),
(619, 345, 48),
(619, 805, 56),
(620, 456, 40),
(620, 865, 73),
(622, 126, 23),
(628, 554, 81),
(629, 357, 76),
(630, 852, 82),
(631, 567, 24),
(632, 762, 68),
(635, 708, 85),
(640, 577, 95),
(641, 278, 31),
(642, 135, 21),
(643, 486, 50),
(643, 805, 23),
(644, 676, 22),
(646, 472, 67),
(647, 810, 97),
(650, 548, 36),
(651, 378, 64),
(651, 657, 53),
(651, 834, 26),
(652, 55, 53),
(652, 870, 62),
(653, 612, 100),
(653, 833, 54),
(654, 314, 96),
(655, 204, 34),
(657, 14, 84),
(657, 24, 69),
(657, 600, 90),
(657, 691, 43),
(658, 480, 90),
(659, 95, 75),
(660, 514, 37),
(661, 374, 54),
(664, 284, 24),
(664, 326, 70),
(665, 350, 60),
(665, 358, 27),
(665, 704, 68),
(667, 188, 52),
(670, 686, 69),
(671, 748, 85),
(672, 437, 33),
(672, 562, 84),
(673, 180, 48),
(674, 286, 94),
(674, 328, 75),
(674, 395, 25),
(674, 936, 69),
(676, 162, 36),
(677, 570, 62),
(680, 238, 85),
(681, 739, 21),
(681, 919, 23),
(682, 799, 71),
(685, 923, 62),
(688, 241, 94),
(689, 738, 50),
(690, 869, 96),
(693, 1, 64),
(693, 175, 47),
(693, 472, 49),
(694, 631, 84),
(694, 685, 81),
(695, 299, 58),
(696, 638, 72),
(697, 567, 89),
(698, 909, 92),
(700, 418, 29),
(700, 633, 76),
(700, 953, 97),
(701, 85, 30),
(702, 442, 59),
(703, 576, 76),
(704, 188, 78),
(704, 844, 54),
(706, 3, 100),
(707, 46, 99),
(707, 328, 75),
(708, 86, 68),
(709, 739, 41),
(710, 302, 20),
(712, 488, 49),
(713, 268, 28),
(713, 915, 25),
(715, 684, 20),
(718, 24, 34),
(718, 656, 85),
(721, 173, 55),
(723, 854, 47),
(724, 869, 79),
(724, 940, 68),
(725, 532, 58),
(727, 451, 94),
(729, 370, 30),
(733, 410, 30),
(733, 609, 84),
(733, 748, 40),
(738, 306, 97),
(738, 681, 65),
(740, 161, 91),
(742, 448, 93),
(742, 481, 39),
(744, 882, 64),
(745, 690, 69),
(750, 394, 36),
(750, 604, 65),
(751, 755, 44),
(751, 856, 78),
(754, 235, 30),
(754, 240, 62),
(755, 317, 42),
(756, 649, 61),
(757, 69, 64),
(760, 40, 28),
(762, 572, 82),
(764, 224, 42),
(764, 345, 99),
(766, 176, 88),
(771, 536, 70),
(771, 926, 72),
(772, 293, 59),
(773, 364, 78),
(773, 757, 97),
(774, 474, 35),
(775, 408, 30),
(776, 135, 46),
(776, 574, 64),
(780, 828, 56),
(782, 282, 38),
(782, 675, 54),
(783, 950, 72),
(786, 244, 66),
(786, 547, 25),
(787, 919, 71),
(788, 695, 33),
(790, 511, 40),
(791, 81, 90),
(792, 911, 50),
(794, 381, 85),
(795, 450, 59),
(795, 811, 51),
(796, 901, 69),
(797, 59, 25),
(797, 510, 45),
(797, 910, 41),
(798, 837, 49),
(799, 368, 88),
(800, 22, 50),
(800, 208, 60),
(800, 352, 64),
(800, 375, 87),
(801, 956, 89),
(802, 198, 91),
(803, 260, 57),
(803, 580, 43),
(807, 327, 100),
(808, 416, 66),
(808, 575, 53),
(809, 157, 90),
(809, 412, 99),
(811, 802, 29),
(812, 481, 62),
(812, 563, 57),
(816, 25, 36),
(817, 631, 63),
(818, 518, 89),
(823, 71, 72),
(824, 720, 53),
(824, 808, 63),
(824, 933, 76),
(825, 366, 67),
(825, 788, 88),
(826, 627, 33),
(828, 296, 67),
(828, 945, 64),
(830, 239, 100),
(832, 475, 30),
(833, 756, 35),
(835, 1, 44),
(836, 479, 21),
(837, 675, 41),
(838, 59, 90),
(840, 161, 62),
(844, 218, 63),
(845, 892, 99),
(847, 635, 49),
(849, 705, 100),
(850, 51, 31),
(851, 277, 22),
(852, 548, 72),
(855, 421, 44),
(856, 375, 47),
(857, 151, 57),
(859, 106, 81),
(861, 478, 95),
(861, 771, 28),
(864, 210, 36),
(865, 649, 58),
(865, 665, 68),
(866, 405, 75),
(866, 694, 86),
(866, 900, 99),
(869, 919, 88),
(873, 411, 67),
(873, 637, 33),
(877, 132, 94),
(878, 733, 33),
(879, 419, 90),
(879, 739, 96),
(880, 862, 37),
(881, 471, 47),
(882, 800, 59),
(884, 461, 52),
(885, 396, 39),
(885, 419, 63),
(887, 510, 91),
(888, 711, 80),
(890, 83, 21),
(892, 597, 54),
(892, 695, 92),
(892, 759, 85),
(897, 24, 59),
(897, 75, 86),
(899, 651, 88),
(902, 747, 51),
(903, 863, 40),
(903, 890, 35),
(905, 183, 45),
(905, 283, 26),
(905, 725, 75),
(906, 168, 36),
(907, 927, 47),
(908, 286, 47),
(908, 493, 58),
(909, 324, 95),
(909, 447, 64),
(910, 926, 51),
(912, 725, 92),
(912, 810, 37),
(915, 421, 22),
(915, 732, 73),
(915, 787, 88),
(917, 362, 27),
(918, 80, 67),
(918, 930, 32),
(920, 578, 99),
(921, 162, 58),
(922, 598, 84),
(930, 121, 23),
(931, 381, 72),
(931, 469, 40),
(932, 342, 60),
(932, 380, 28),
(933, 3, 65),
(934, 773, 100),
(937, 339, 25),
(937, 458, 42),
(940, 604, 39),
(940, 714, 91),
(945, 483, 73),
(946, 940, 38),
(948, 760, 75),
(949, 313, 92),
(949, 747, 92),
(950, 223, 69),
(951, 345, 26),
(951, 491, 89),
(954, 739, 25),
(956, 597, 37),
(959, 319, 95),
(961, 224, 90),
(962, 236, 28),
(965, 421, 98),
(966, 200, 22),
(966, 949, 80),
(967, 662, 76),
(967, 782, 75),
(968, 45, 20),
(969, 456, 52),
(969, 742, 65),
(970, 265, 93),
(970, 640, 78),
(973, 621, 76),
(974, 407, 78),
(974, 771, 64),
(975, 5, 27),
(978, 944, 97),
(979, 46, 62),
(979, 548, 58),
(981, 146, 59),
(983, 456, 90),
(983, 491, 69),
(983, 923, 41),
(984, 146, 28),
(984, 464, 38),
(984, 895, 51),
(985, 92, 76),
(985, 449, 97),
(985, 452, 29),
(985, 832, 49),
(985, 855, 51),
(986, 280, 67),
(987, 160, 52),
(988, 879, 91),
(989, 219, 98),
(990, 770, 84),
(990, 815, 72),
(990, 933, 31),
(991, 466, 97),
(992, 779, 87),
(993, 40, 50),
(994, 574, 78),
(994, 639, 81),
(996, 273, 55),
(998, 443, 64),
(998, 732, 62),
(999, 178, 48);

-- --------------------------------------------------------

--
-- Table structure for table `semester`
--

CREATE TABLE `semester` (
  `semester_id` int(11) NOT NULL,
  `semester_name` varchar(50) DEFAULT NULL,
  `start_date` date DEFAULT NULL,
  `end_date` date DEFAULT NULL
) ENGINE=InnoDB DEFAULT CHARSET=utf8mb4 COLLATE=utf8mb4_general_ci;

--
-- Dumping data for table `semester`
--

INSERT INTO `semester` (`semester_id`, `semester_name`, `start_date`, `end_date`) VALUES
(1, 'A', '2023-09-01', '2023-12-31'),
(2, 'B', '2023-11-21', '2023-07-01'),
(3, 'B', '2024-03-29', '2024-02-09'),
(4, 'ELUL', '2024-03-26', '2024-03-06'),
(5, 'ELUL', '2024-01-12', '2024-02-24'),
(6, 'B', '2024-05-03', '2023-09-09'),
(7, 'A', '2023-10-27', '2023-11-17'),
(8, 'B', '2023-12-11', '2023-10-10'),
(9, 'B', '2023-12-15', '2023-11-16'),
(10, 'ELUL', '2023-05-28', '2024-02-22'),
(11, 'B', '2024-01-02', '2023-07-03'),
(12, 'A', '2023-12-07', '2023-10-16'),
(13, 'B', '2024-01-08', '2024-02-04'),
(14, 'ELUL', '2024-03-07', '2024-01-22'),
(15, 'A', '2023-06-12', '2024-03-10'),
(16, 'B', '2023-08-02', '2023-11-02'),
(17, 'A', '2024-02-08', '2024-03-06'),
(18, 'B', '2023-08-31', '2023-09-10'),
(19, 'B', '2024-02-14', '2023-09-09'),
(20, 'A', '2023-06-25', '2024-04-24'),
(21, 'B', '2024-04-15', '2023-11-04'),
(22, 'A', '2024-03-04', '2023-06-22'),
(23, 'B', '2024-01-24', '2024-04-17'),
(24, 'ELUL', '2023-10-01', '2024-02-26'),
(25, 'A', '2024-02-18', '2023-09-18'),
(26, 'B', '2023-08-28', '2024-04-18'),
(27, 'A', '2023-07-20', '2024-04-14'),
(28, 'B', '2024-05-06', '2024-03-23'),
(29, 'A', '2023-11-02', '2023-12-28'),
(30, 'A', '2024-03-10', '2024-03-29'),
(31, 'B', '2023-12-06', '2023-11-22'),
(32, 'B', '2024-02-20', '2024-01-17'),
(33, 'B', '2024-01-15', '2023-09-04'),
(34, 'A', '2023-11-07', '2023-12-03'),
(35, 'ELUL', '2023-06-19', '2023-11-12'),
(36, 'A', '2023-06-10', '2023-10-29'),
(37, 'ELUL', '2023-06-04', '2023-11-01'),
(38, 'B', '2023-08-18', '2023-08-01'),
(39, 'ELUL', '2024-04-26', '2024-02-26'),
(40, 'A', '2023-07-30', '2024-01-30'),
(41, 'A', '2023-06-24', '2023-09-21'),
(42, 'B', '2023-05-28', '2023-09-16'),
(43, 'B', '2024-02-19', '2023-09-02'),
(44, 'ELUL', '2024-03-14', '2024-05-25'),
(45, 'A', '2023-08-21', '2024-02-04'),
(46, 'B', '2024-05-20', '2023-12-29'),
(47, 'A', '2023-06-11', '2023-12-17'),
(48, 'A', '2024-03-16', '2023-06-09'),
(49, 'ELUL', '2023-06-16', '2023-12-22'),
(50, 'A', '2024-05-07', '2023-10-04'),
(51, 'A', '2024-05-14', '2023-06-20'),
(52, 'B', '2023-05-28', '2023-06-27'),
(53, 'B', '2023-11-10', '2024-05-10'),
(54, 'B', '2023-06-23', '2023-12-31'),
(55, 'A', '2023-09-30', '2023-08-20'),
(56, 'A', '2024-03-21', '2023-09-01'),
(57, 'A', '2023-09-04', '2023-12-09'),
(58, 'ELUL', '2024-05-11', '2023-09-13'),
(59, 'A', '2023-11-29', '2024-03-31'),
(60, 'ELUL', '2024-04-15', '2024-05-16'),
(61, 'ELUL', '2024-04-02', '2023-09-09'),
(62, 'B', '2024-04-21', '2023-09-09'),
(63, 'ELUL', '2024-05-26', '2024-05-08'),
(64, 'B', '2024-04-27', '2023-08-11'),
(65, 'ELUL', '2024-05-13', '2023-07-13'),
(66, 'A', '2023-06-04', '2023-10-23'),
(67, 'A', '2024-05-02', '2023-06-29'),
(68, 'A', '2023-06-19', '2024-04-09'),
(69, 'A', '2023-10-18', '2024-04-04'),
(70, 'ELUL', '2024-03-27', '2023-12-23'),
(71, 'B', '2024-02-15', '2023-07-04'),
(72, 'A', '2023-12-25', '2023-07-06'),
(73, 'A', '2024-02-06', '2024-03-16'),
(74, 'ELUL', '2024-02-09', '2024-05-12'),
(75, 'B', '2024-02-14', '2023-05-28'),
(76, 'B', '2023-07-27', '2023-11-21'),
(77, 'A', '2024-05-25', '2023-06-27'),
(78, 'B', '2024-04-21', '2024-01-19'),
(79, 'A', '2023-05-28', '2023-07-05'),
(80, 'A', '2024-04-15', '2023-09-07'),
(81, 'B', '2023-10-05', '2023-12-27'),
(82, 'ELUL', '2023-12-15', '2023-11-26'),
(83, 'A', '2023-11-25', '2024-02-11'),
(84, 'B', '2024-04-07', '2023-12-10'),
(85, 'ELUL', '2023-07-31', '2023-12-24'),
(86, 'ELUL', '2023-06-01', '2023-09-30'),
(87, 'A', '2023-10-29', '2023-05-27'),
(88, 'ELUL', '2023-11-06', '2024-02-17'),
(89, 'ELUL', '2024-05-16', '2023-08-16'),
(90, 'ELUL', '2023-06-22', '2024-05-07'),
(91, 'ELUL', '2023-10-26', '2023-08-26'),
(92, 'A', '2023-12-25', '2023-10-22'),
(93, 'ELUL', '2023-11-03', '2024-01-05'),
(94, 'B', '2023-11-19', '2023-10-27'),
(95, 'B', '2024-05-11', '2023-07-15'),
(96, 'B', '2024-03-27', '2023-08-02'),
(97, 'ELUL', '2023-11-25', '2023-06-19'),
(98, 'ELUL', '2024-04-10', '2023-06-14'),
(99, 'A', '2024-01-13', '2024-05-06'),
(100, 'B', '2024-02-08', '2023-11-18'),
(101, 'ELUL', '2024-05-09', '2024-03-20'),
(102, 'B', '2023-06-02', '2023-11-28'),
(103, 'A', '2023-08-16', '2024-03-03'),
(104, 'B', '2024-01-22', '2023-09-26'),
(105, 'A', '2023-07-25', '2023-12-09'),
(106, 'A', '2023-09-17', '2024-01-08'),
(107, 'ELUL', '2023-06-20', '2023-06-19'),
(108, 'ELUL', '2024-03-04', '2023-11-26'),
(109, 'A', '2024-01-17', '2023-11-20'),
(110, 'ELUL', '2023-06-11', '2024-02-06'),
(111, 'ELUL', '2023-10-23', '2023-12-24'),
(112, 'B', '2024-05-15', '2024-01-14'),
(113, 'B', '2023-06-01', '2023-08-29'),
(114, 'B', '2023-07-04', '2024-02-09'),
(115, 'A', '2023-08-27', '2024-04-12'),
(116, 'B', '2023-07-09', '2023-09-11'),
(117, 'A', '2024-05-08', '2023-06-06'),
(118, 'A', '2024-05-06', '2023-06-04'),
(119, 'A', '2023-07-09', '2023-11-28'),
(120, 'A', '2023-08-14', '2024-02-02'),
(121, 'B', '2023-09-05', '2023-08-02'),
(122, 'B', '2023-06-07', '2024-02-09'),
(123, 'B', '2023-05-30', '2024-01-14'),
(124, 'B', '2024-02-19', '2023-12-06'),
(125, 'B', '2023-11-21', '2023-05-30'),
(126, 'A', '2024-02-02', '2023-10-05'),
(127, 'A', '2024-01-11', '2024-05-17'),
(128, 'B', '2023-08-09', '2024-02-26'),
(129, 'ELUL', '2023-12-16', '2024-02-15'),
(130, 'A', '2024-02-13', '2024-01-01'),
(131, 'A', '2023-07-16', '2023-10-17'),
(132, 'B', '2023-09-25', '2023-07-23'),
(133, 'A', '2023-08-15', '2023-08-07'),
(134, 'A', '2023-11-15', '2024-05-26'),
(135, 'A', '2023-12-16', '2024-03-19'),
(136, 'A', '2024-01-12', '2024-03-18'),
(137, 'ELUL', '2023-05-27', '2023-08-02'),
(138, 'B', '2024-05-20', '2023-08-25'),
(139, 'ELUL', '2023-10-24', '2023-06-06'),
(140, 'ELUL', '2023-09-18', '2023-08-12'),
(141, 'ELUL', '2024-03-07', '2024-05-23'),
(142, 'ELUL', '2023-06-03', '2023-12-17'),
(143, 'ELUL', '2024-05-07', '2024-05-26'),
(144, 'B', '2023-11-09', '2024-03-15'),
(145, 'ELUL', '2024-01-08', '2023-07-30'),
(146, 'A', '2023-09-15', '2023-09-11'),
(147, 'ELUL', '2023-11-11', '2023-07-01'),
(148, 'ELUL', '2024-04-17', '2024-03-05'),
(149, 'B', '2023-09-14', '2023-11-25'),
(150, 'B', '2023-07-05', '2024-03-04'),
(151, 'B', '2023-12-04', '2023-06-30'),
(152, 'B', '2023-06-18', '2023-10-16'),
(153, 'ELUL', '2024-02-25', '2024-03-30'),
(154, 'A', '2023-10-30', '2023-12-27'),
(155, 'A', '2024-01-30', '2024-01-22'),
(156, 'A', '2024-03-05', '2024-03-24'),
(157, 'A', '2023-08-16', '2023-06-11'),
(158, 'ELUL', '2023-11-03', '2023-07-25'),
(159, 'B', '2024-04-03', '2023-06-01'),
(160, 'ELUL', '2023-08-18', '2024-01-15'),
(161, 'ELUL', '2024-04-28', '2024-05-08'),
(162, 'A', '2024-01-29', '2023-12-05'),
(163, 'B', '2024-03-29', '2023-09-03'),
(164, 'A', '2024-02-03', '2024-02-15'),
(165, 'B', '2024-02-22', '2023-11-06'),
(166, 'ELUL', '2023-08-07', '2024-02-14'),
(167, 'ELUL', '2023-08-12', '2023-10-15'),
(168, 'ELUL', '2024-03-10', '2023-12-22'),
(169, 'ELUL', '2023-06-12', '2023-08-27'),
(170, 'B', '2024-01-23', '2024-03-05'),
(171, 'A', '2023-08-31', '2023-08-30'),
(172, 'B', '2023-09-04', '2023-08-15'),
(173, 'B', '2024-01-22', '2024-01-07'),
(174, 'ELUL', '2023-08-04', '2024-05-18'),
(175, 'ELUL', '2024-03-19', '2023-12-26'),
(176, 'A', '2023-07-25', '2023-12-22'),
(177, 'A', '2023-06-23', '2023-12-20'),
(178, 'B', '2024-04-02', '2023-06-27'),
(179, 'B', '2023-06-27', '2023-11-04'),
(180, 'B', '2023-07-15', '2024-03-31'),
(181, 'B', '2024-04-07', '2024-04-12'),
(182, 'B', '2023-06-23', '2024-03-15'),
(183, 'A', '2024-02-05', '2023-10-13'),
(184, 'ELUL', '2024-02-28', '2024-05-22'),
(185, 'B', '2023-10-12', '2023-12-25'),
(186, 'A', '2024-02-08', '2024-01-02'),
(187, 'ELUL', '2023-09-19', '2024-01-23'),
(188, 'ELUL', '2024-05-09', '2023-10-26'),
(189, 'A', '2023-10-19', '2024-05-20'),
(190, 'A', '2024-03-31', '2023-07-27'),
(191, 'B', '2023-11-08', '2024-01-27'),
(192, 'ELUL', '2024-05-13', '2023-07-05'),
(193, 'B', '2023-06-20', '2023-06-05'),
(194, 'B', '2023-09-28', '2023-08-08'),
(195, 'B', '2023-07-09', '2024-03-31'),
(196, 'A', '2023-07-02', '2023-10-07'),
(197, 'A', '2023-12-01', '2023-06-27'),
(198, 'ELUL', '2023-09-21', '2023-06-12'),
(199, 'A', '2024-05-16', '2023-08-13'),
(200, 'B', '2024-03-23', '2024-05-11'),
(201, 'B', '2024-02-27', '2023-12-01'),
(202, 'A', '2023-09-20', '2023-12-26'),
(203, 'ELUL', '2023-10-10', '2024-02-11'),
(204, 'B', '2024-04-29', '2024-02-01'),
(205, 'ELUL', '2024-02-24', '2023-08-11'),
(206, 'A', '2023-12-22', '2024-03-08'),
(207, 'A', '2024-03-15', '2023-11-24'),
(208, 'A', '2023-10-27', '2023-08-23'),
(209, 'ELUL', '2023-07-08', '2023-08-07'),
(210, 'B', '2024-05-18', '2024-02-06'),
(211, 'B', '2023-09-08', '2023-07-13'),
(212, 'ELUL', '2023-06-15', '2023-12-15'),
(213, 'B', '2024-01-12', '2023-07-24'),
(214, 'B', '2024-03-08', '2024-03-15'),
(215, 'B', '2024-02-08', '2023-08-24'),
(216, 'ELUL', '2023-11-24', '2023-11-08'),
(217, 'B', '2024-05-03', '2023-11-28'),
(218, 'B', '2024-05-11', '2024-05-08'),
(219, 'ELUL', '2024-02-21', '2023-06-10'),
(220, 'ELUL', '2024-02-18', '2023-08-15'),
(221, 'B', '2023-10-05', '2024-02-25'),
(222, 'ELUL', '2024-03-02', '2024-04-12'),
(223, 'A', '2023-12-22', '2024-04-14'),
(224, 'A', '2024-05-08', '2024-02-21'),
(225, 'A', '2023-06-24', '2023-07-19'),
(226, 'ELUL', '2024-01-20', '2024-01-30'),
(227, 'A', '2023-06-27', '2023-10-26'),
(228, 'A', '2024-05-01', '2023-10-08'),
(229, 'B', '2024-01-03', '2023-11-29'),
(230, 'ELUL', '2023-11-05', '2023-11-13'),
(231, 'ELUL', '2023-07-24', '2024-03-30'),
(232, 'B', '2023-11-16', '2023-12-14'),
(233, 'A', '2024-03-08', '2023-06-17'),
(234, 'B', '2023-08-07', '2023-09-17'),
(235, 'ELUL', '2023-10-20', '2023-07-19'),
(236, 'ELUL', '2023-09-25', '2023-08-02'),
(237, 'B', '2023-11-06', '2023-08-06'),
(238, 'B', '2024-03-30', '2023-12-25'),
(239, 'A', '2024-04-04', '2024-03-15'),
(240, 'A', '2024-03-26', '2023-10-16'),
(241, 'ELUL', '2023-08-07', '2024-01-26'),
(242, 'ELUL', '2024-02-09', '2023-06-19'),
(243, 'A', '2023-07-08', '2024-01-23'),
(244, 'A', '2023-09-15', '2024-01-07'),
(245, 'B', '2023-07-18', '2023-06-08'),
(246, 'ELUL', '2024-01-17', '2023-11-25'),
(247, 'B', '2024-03-27', '2024-03-19'),
(248, 'A', '2024-04-14', '2024-04-14'),
(249, 'A', '2023-08-26', '2023-06-24'),
(250, 'B', '2023-09-22', '2023-07-03'),
(251, 'ELUL', '2023-11-10', '2023-11-01'),
(252, 'ELUL', '2023-12-15', '2024-04-27'),
(253, 'B', '2023-07-01', '2023-12-29'),
(254, 'A', '2023-07-30', '2024-01-07'),
(255, 'ELUL', '2023-08-27', '2023-08-21'),
(256, 'B', '2024-04-18', '2023-10-24'),
(257, 'B', '2024-03-05', '2023-11-25'),
(258, 'ELUL', '2024-03-05', '2023-11-16'),
(259, 'B', '2023-11-03', '2024-02-19'),
(260, 'B', '2023-12-22', '2024-04-05'),
(261, 'A', '2023-06-25', '2024-03-15'),
(262, 'B', '2024-04-11', '2023-07-30'),
(263, 'ELUL', '2024-03-09', '2023-11-11'),
(264, 'A', '2023-12-19', '2023-06-20'),
(265, 'A', '2024-03-28', '2023-10-22'),
(266, 'B', '2024-03-06', '2023-10-21'),
(267, 'A', '2023-09-09', '2023-07-05'),
(268, 'ELUL', '2023-10-21', '2024-02-14'),
(269, 'B', '2023-07-06', '2023-12-30'),
(270, 'B', '2023-08-20', '2024-01-04'),
(271, 'ELUL', '2024-04-06', '2023-06-06'),
(272, 'B', '2024-02-23', '2023-11-25'),
(273, 'ELUL', '2023-11-27', '2023-09-04'),
(274, 'B', '2024-01-05', '2023-07-30'),
(275, 'ELUL', '2023-08-23', '2023-09-10'),
(276, 'B', '2024-03-02', '2024-03-29'),
(277, 'A', '2024-05-12', '2023-12-16'),
(278, 'A', '2023-09-01', '2024-01-09'),
(279, 'A', '2024-04-04', '2023-07-13'),
(280, 'B', '2023-12-20', '2023-10-10'),
(281, 'ELUL', '2024-05-22', '2023-12-16'),
(282, 'B', '2023-08-03', '2023-05-30'),
(283, 'ELUL', '2024-04-05', '2023-09-26'),
(284, 'A', '2023-11-20', '2023-07-24'),
(285, 'B', '2023-06-27', '2023-09-27'),
(286, 'B', '2024-05-09', '2024-05-24'),
(287, 'B', '2024-03-22', '2023-09-02'),
(288, 'A', '2023-08-09', '2023-09-24'),
(289, 'ELUL', '2023-07-19', '2024-04-11'),
(290, 'ELUL', '2023-08-22', '2023-07-04'),
(291, 'B', '2023-09-10', '2023-07-03'),
(292, 'B', '2024-01-07', '2023-07-12'),
(293, 'ELUL', '2023-07-17', '2023-12-29'),
(294, 'B', '2024-05-17', '2023-08-16'),
(295, 'A', '2024-05-24', '2023-06-30'),
(296, 'A', '2024-04-23', '2023-07-24'),
(297, 'B', '2023-06-30', '2024-04-30'),
(298, 'ELUL', '2024-04-10', '2024-01-02'),
(299, 'ELUL', '2024-02-13', '2024-05-16'),
(300, 'ELUL', '2023-08-15', '2024-01-26'),
(301, 'B', '2024-03-04', '2024-05-08'),
(302, 'ELUL', '2024-04-20', '2023-11-19'),
(303, 'ELUL', '2023-07-31', '2024-03-31'),
(304, 'B', '2023-08-30', '2023-10-31'),
(305, 'ELUL', '2023-09-08', '2024-05-14'),
(306, 'B', '2024-01-14', '2023-10-17'),
(307, 'A', '2024-02-27', '2023-07-29'),
(308, 'A', '2023-10-08', '2024-01-31'),
(309, 'ELUL', '2023-09-15', '2023-11-08'),
(310, 'ELUL', '2024-04-25', '2024-02-02'),
(311, 'ELUL', '2023-06-16', '2023-09-05'),
(312, 'B', '2023-12-20', '2023-09-13'),
(313, 'ELUL', '2023-10-15', '2023-07-01'),
(314, 'A', '2023-07-04', '2023-06-24'),
(315, 'A', '2023-06-20', '2023-10-06'),
(316, 'ELUL', '2024-02-17', '2024-05-21'),
(317, 'A', '2023-09-21', '2024-04-03'),
(318, 'ELUL', '2024-01-09', '2024-02-02'),
(319, 'A', '2023-10-14', '2023-06-26'),
(320, 'ELUL', '2023-12-22', '2023-07-18'),
(321, 'A', '2023-08-19', '2024-04-30'),
(322, 'ELUL', '2023-07-04', '2024-01-10'),
(323, 'B', '2023-11-04', '2023-10-27'),
(324, 'B', '2024-04-19', '2024-01-16'),
(325, 'B', '2024-05-03', '2023-08-12'),
(326, 'ELUL', '2024-03-10', '2024-02-05'),
(327, 'ELUL', '2024-04-18', '2024-05-05'),
(328, 'A', '2023-07-03', '2024-03-05'),
(329, 'A', '2023-06-28', '2024-05-09'),
(330, 'ELUL', '2024-05-12', '2023-12-07'),
(331, 'ELUL', '2023-12-16', '2024-03-16'),
(332, 'B', '2023-06-12', '2024-02-09'),
(333, 'B', '2023-11-01', '2023-11-20'),
(334, 'A', '2023-12-24', '2024-05-13'),
(335, 'B', '2024-04-03', '2024-03-15'),
(336, 'A', '2023-08-26', '2024-01-20'),
(337, 'B', '2024-05-23', '2023-12-29'),
(338, 'ELUL', '2023-09-29', '2023-12-29'),
(339, 'A', '2024-03-12', '2024-04-26'),
(340, 'A', '2023-09-21', '2024-02-01'),
(341, 'A', '2023-07-23', '2024-03-27'),
(342, 'A', '2023-07-31', '2023-08-23'),
(343, 'B', '2023-11-27', '2023-12-07'),
(344, 'B', '2024-01-16', '2023-08-14'),
(345, 'ELUL', '2024-05-12', '2024-03-23'),
(346, 'B', '2024-04-13', '2023-06-15'),
(347, 'A', '2024-04-15', '2024-02-13'),
(348, 'B', '2024-01-17', '2024-04-11'),
(349, 'A', '2024-04-20', '2024-04-02'),
(350, 'A', '2023-07-14', '2024-03-25'),
(351, 'B', '2023-08-25', '2023-12-30'),
(352, 'A', '2023-06-27', '2023-11-27'),
(353, 'ELUL', '2024-03-10', '2023-06-13'),
(354, 'A', '2023-09-27', '2024-02-26'),
(355, 'A', '2024-01-11', '2024-02-13'),
(356, 'ELUL', '2024-01-20', '2023-10-14'),
(357, 'A', '2023-11-09', '2023-08-08'),
(358, 'B', '2024-02-25', '2023-09-15'),
(359, 'B', '2023-06-15', '2024-01-30'),
(360, 'B', '2023-08-03', '2024-01-28'),
(361, 'B', '2023-05-28', '2024-03-04'),
(362, 'ELUL', '2023-11-09', '2023-12-02'),
(363, 'B', '2023-11-02', '2023-07-22'),
(364, 'A', '2023-07-23', '2023-10-07'),
(365, 'B', '2024-03-18', '2023-10-17'),
(366, 'B', '2023-09-11', '2024-01-24'),
(367, 'ELUL', '2023-10-07', '2023-06-23'),
(368, 'ELUL', '2023-05-31', '2023-06-02'),
(369, 'B', '2024-02-02', '2023-11-03'),
(370, 'A', '2023-10-13', '2023-12-08'),
(371, 'B', '2023-11-18', '2023-06-07'),
(372, 'B', '2023-06-27', '2023-06-16'),
(373, 'B', '2024-03-02', '2024-05-11'),
(374, 'A', '2023-09-11', '2023-06-15'),
(375, 'ELUL', '2024-04-20', '2023-08-12'),
(376, 'A', '2023-08-20', '2023-07-02'),
(377, 'A', '2023-12-06', '2024-04-24'),
(378, 'ELUL', '2023-11-28', '2023-08-04'),
(379, 'A', '2024-05-10', '2023-11-02'),
(380, 'A', '2024-05-19', '2023-11-08'),
(381, 'ELUL', '2023-11-12', '2024-02-17'),
(382, 'B', '2023-10-23', '2024-01-15'),
(383, 'A', '2023-11-06', '2023-10-14'),
(384, 'ELUL', '2024-05-24', '2023-08-16'),
(385, 'ELUL', '2023-08-06', '2023-07-15'),
(386, 'ELUL', '2023-07-18', '2024-02-02'),
(387, 'B', '2023-07-02', '2023-06-05'),
(388, 'ELUL', '2023-12-12', '2023-09-18'),
(389, 'B', '2023-08-13', '2024-02-07'),
(390, 'A', '2024-04-10', '2024-05-23'),
(391, 'B', '2023-07-04', '2023-12-06'),
(392, 'B', '2023-07-04', '2023-08-28'),
(393, 'B', '2023-10-03', '2023-11-28'),
(394, 'A', '2023-09-14', '2023-10-08'),
(395, 'ELUL', '2023-08-09', '2024-04-20'),
(396, 'A', '2024-05-20', '2023-06-14'),
(397, 'B', '2024-01-23', '2024-01-01'),
(398, 'A', '2023-05-28', '2023-11-24'),
(399, 'A', '2023-06-25', '2023-12-13'),
(400, 'ELUL', '2023-06-25', '2023-09-05'),
(401, 'ELUL', '2023-10-28', '2023-08-02'),
(402, 'B', '2023-11-22', '2023-05-30'),
(403, 'A', '2023-08-01', '2023-11-20'),
(404, 'ELUL', '2023-06-09', '2023-12-25'),
(405, 'A', '2024-04-20', '2024-01-15'),
(406, 'ELUL', '2024-02-23', '2023-06-01'),
(407, 'A', '2023-07-05', '2023-12-01'),
(408, 'ELUL', '2023-07-14', '2023-07-16'),
(409, 'A', '2023-12-01', '2023-06-10'),
(410, 'A', '2024-01-23', '2023-07-19'),
(411, 'ELUL', '2023-11-28', '2023-07-08'),
(412, 'A', '2024-03-13', '2024-03-06'),
(413, 'ELUL', '2024-05-01', '2024-02-24'),
(414, 'B', '2023-06-13', '2024-01-12'),
(415, 'B', '2024-03-22', '2023-12-15'),
(416, 'B', '2023-12-23', '2024-04-14'),
(417, 'ELUL', '2024-02-16', '2024-02-07'),
(418, 'B', '2023-06-13', '2024-02-01'),
(419, 'A', '2023-08-02', '2023-06-14'),
(420, 'B', '2023-12-21', '2024-01-15'),
(421, 'B', '2024-04-26', '2023-10-26'),
(422, 'B', '2024-04-08', '2023-06-07'),
(423, 'B', '2023-06-08', '2023-07-18'),
(424, 'A', '2024-01-13', '2024-05-19'),
(425, 'A', '2024-04-10', '2023-10-10'),
(426, 'B', '2023-07-06', '2024-05-08'),
(427, 'ELUL', '2024-05-06', '2023-07-03'),
(428, 'B', '2024-02-27', '2023-06-25'),
(429, 'ELUL', '2023-11-28', '2024-05-18'),
(430, 'B', '2023-10-12', '2023-07-24'),
(431, 'B', '2024-03-29', '2024-01-04'),
(432, 'A', '2023-12-21', '2023-10-06'),
(433, 'A', '2024-02-20', '2023-07-31'),
(434, 'ELUL', '2023-09-24', '2023-12-09'),
(435, 'ELUL', '2024-01-25', '2023-06-09'),
(436, 'B', '2024-01-23', '2023-06-04'),
(437, 'A', '2023-11-26', '2023-09-27'),
(438, 'A', '2024-05-01', '2023-10-08'),
(439, 'ELUL', '2023-07-02', '2023-09-05'),
(440, 'B', '2023-11-20', '2024-01-30'),
(441, 'A', '2023-10-17', '2023-10-25'),
(442, 'ELUL', '2023-08-15', '2024-02-17'),
(443, 'A', '2023-07-10', '2024-05-16'),
(444, 'B', '2024-03-14', '2024-04-06'),
(445, 'A', '2024-02-08', '2023-07-21'),
(446, 'B', '2023-12-16', '2023-12-27'),
(447, 'A', '2023-07-08', '2024-02-22'),
(448, 'B', '2023-07-05', '2023-05-27'),
(449, 'ELUL', '2023-05-29', '2024-04-08'),
(450, 'ELUL', '2024-03-21', '2023-07-30'),
(451, 'A', '2024-05-16', '2023-07-27'),
(452, 'B', '2023-08-03', '2024-01-20'),
(453, 'A', '2023-08-10', '2023-11-14'),
(454, 'A', '2024-03-08', '2023-09-11'),
(455, 'B', '2023-07-20', '2024-01-22'),
(456, 'ELUL', '2024-04-06', '2023-08-14'),
(457, 'ELUL', '2024-01-30', '2024-01-18'),
(458, 'A', '2024-05-20', '2023-10-28'),
(459, 'ELUL', '2024-01-09', '2023-07-14'),
(460, 'B', '2024-02-02', '2023-11-09'),
(461, 'A', '2024-01-23', '2024-03-06'),
(462, 'ELUL', '2023-12-31', '2023-06-08'),
(463, 'A', '2024-02-27', '2024-04-13'),
(464, 'A', '2023-07-17', '2024-03-05'),
(465, 'ELUL', '2024-04-26', '2023-10-12'),
(466, 'ELUL', '2024-02-07', '2023-06-29'),
(467, 'A', '2023-08-13', '2024-02-05'),
(468, 'B', '2023-07-25', '2024-05-04'),
(469, 'B', '2024-02-07', '2023-10-06'),
(470, 'B', '2024-01-12', '2023-10-24'),
(471, 'A', '2024-05-22', '2023-06-29'),
(472, 'A', '2023-09-05', '2023-10-24'),
(473, 'ELUL', '2024-04-30', '2024-02-27'),
(474, 'ELUL', '2024-04-05', '2024-03-18'),
(475, 'B', '2023-08-18', '2023-07-06'),
(476, 'ELUL', '2023-08-01', '2024-04-15'),
(477, 'B', '2023-12-11', '2023-07-25'),
(478, 'B', '2024-03-13', '2023-11-12'),
(479, 'ELUL', '2024-02-24', '2023-07-22'),
(480, 'A', '2024-02-27', '2024-01-07'),
(481, 'B', '2024-04-11', '2023-06-13'),
(482, 'A', '2023-06-20', '2024-01-24'),
(483, 'B', '2023-12-29', '2023-11-19'),
(484, 'A', '2024-02-05', '2024-04-22'),
(485, 'ELUL', '2023-09-28', '2023-08-16'),
(486, 'ELUL', '2024-01-12', '2024-05-15'),
(487, 'A', '2024-01-22', '2024-01-29'),
(488, 'ELUL', '2023-07-18', '2023-10-27'),
(489, 'ELUL', '2023-09-24', '2023-07-04'),
(490, 'B', '2024-03-16', '2024-03-30'),
(491, 'A', '2023-11-30', '2023-06-12'),
(492, 'ELUL', '2023-06-18', '2024-04-21'),
(493, 'B', '2023-12-30', '2023-10-18'),
(494, 'B', '2023-07-20', '2023-12-16'),
(495, 'B', '2024-01-08', '2024-03-26'),
(496, 'ELUL', '2024-02-25', '2024-03-12'),
(497, 'A', '2024-04-14', '2023-11-22'),
(498, 'B', '2024-05-10', '2023-10-06'),
(499, 'ELUL', '2023-08-27', '2024-02-01'),
(500, 'B', '2024-04-20', '2023-07-08'),
(501, 'ELUL', '2023-06-21', '2023-11-14'),
(502, 'B', '2023-07-04', '2024-04-02'),
(503, 'ELUL', '2024-05-17', '2023-09-02'),
(504, 'B', '2024-01-20', '2024-04-14'),
(505, 'B', '2024-03-18', '2024-02-26'),
(506, 'ELUL', '2023-08-08', '2023-09-12'),
(507, 'B', '2024-03-14', '2024-03-09'),
(508, 'ELUL', '2023-10-14', '2023-10-15'),
(509, 'ELUL', '2024-04-04', '2023-12-01'),
(510, 'A', '2023-08-12', '2024-03-08'),
(511, 'B', '2023-09-25', '2023-07-09'),
(512, 'B', '2023-09-21', '2024-05-08'),
(513, 'B', '2024-03-30', '2024-02-07'),
(514, 'B', '2023-07-23', '2024-01-15'),
(515, 'A', '2023-12-15', '2024-02-16'),
(516, 'ELUL', '2023-12-20', '2023-08-29'),
(517, 'A', '2023-07-18', '2024-02-20'),
(518, 'B', '2023-12-03', '2024-04-07'),
(519, 'ELUL', '2024-02-26', '2024-02-17'),
(520, 'A', '2023-07-13', '2024-02-12'),
(521, 'A', '2024-01-14', '2024-05-03'),
(522, 'ELUL', '2024-01-31', '2024-03-09'),
(523, 'B', '2023-10-16', '2024-04-05'),
(524, 'A', '2023-11-24', '2023-08-05'),
(525, 'A', '2024-01-02', '2023-07-21'),
(526, 'ELUL', '2024-05-16', '2023-07-18'),
(527, 'B', '2023-12-15', '2024-04-29'),
(528, 'A', '2024-01-15', '2024-03-31'),
(529, 'ELUL', '2023-09-17', '2024-01-11'),
(530, 'ELUL', '2024-01-19', '2024-01-01'),
(531, 'B', '2023-06-08', '2023-06-21'),
(532, 'A', '2023-10-08', '2023-12-04'),
(533, 'ELUL', '2024-03-18', '2023-06-25'),
(534, 'B', '2023-09-23', '2023-07-23'),
(535, 'A', '2024-02-05', '2024-03-18'),
(536, 'A', '2024-05-09', '2024-05-02'),
(537, 'A', '2023-08-12', '2024-03-09'),
(538, 'ELUL', '2023-12-20', '2023-12-02'),
(539, 'B', '2023-09-11', '2023-09-17'),
(540, 'A', '2024-04-23', '2023-09-30'),
(541, 'A', '2023-08-28', '2024-03-27'),
(542, 'A', '2024-04-16', '2023-09-16'),
(543, 'B', '2023-11-18', '2023-08-07'),
(544, 'B', '2023-09-09', '2024-01-29'),
(545, 'B', '2024-05-06', '2023-10-18'),
(546, 'A', '2023-11-04', '2024-05-24'),
(547, 'B', '2023-10-05', '2023-12-14'),
(548, 'B', '2024-04-22', '2023-08-08'),
(549, 'B', '2023-12-12', '2023-10-22'),
(550, 'B', '2024-02-12', '2023-10-17'),
(551, 'B', '2023-11-26', '2023-07-30'),
(552, 'B', '2024-02-14', '2024-04-06'),
(553, 'ELUL', '2023-12-03', '2024-01-07'),
(554, 'ELUL', '2024-04-07', '2023-09-26'),
(555, 'A', '2024-04-05', '2023-09-15'),
(556, 'ELUL', '2023-11-23', '2023-10-20'),
(557, 'ELUL', '2023-12-31', '2023-07-27'),
(558, 'B', '2024-03-26', '2023-08-31'),
(559, 'A', '2023-08-05', '2023-12-14'),
(560, 'A', '2023-08-28', '2023-06-23'),
(561, 'A', '2023-12-17', '2023-10-23'),
(562, 'A', '2023-08-14', '2024-05-16'),
(563, 'A', '2024-05-25', '2024-04-08'),
(564, 'B', '2023-06-04', '2024-02-02'),
(565, 'A', '2023-08-27', '2023-09-07'),
(566, 'B', '2024-02-19', '2023-06-22'),
(567, 'ELUL', '2024-01-17', '2023-11-17'),
(568, 'A', '2024-01-11', '2023-07-12'),
(569, 'A', '2023-11-28', '2023-12-12'),
(570, 'A', '2024-03-03', '2023-06-25'),
(571, 'B', '2023-12-11', '2023-06-17'),
(572, 'ELUL', '2024-05-24', '2024-03-30'),
(573, 'ELUL', '2023-09-28', '2024-05-14'),
(574, 'B', '2024-03-22', '2023-09-12'),
(575, 'B', '2024-01-09', '2023-06-07'),
(576, 'B', '2023-12-08', '2023-09-19'),
(577, 'ELUL', '2024-03-11', '2024-05-02'),
(578, 'B', '2023-09-27', '2024-04-27'),
(579, 'A', '2023-10-07', '2024-01-05'),
(580, 'ELUL', '2024-05-22', '2024-03-28'),
(581, 'A', '2023-10-30', '2024-04-22'),
(582, 'A', '2023-10-02', '2024-05-19'),
(583, 'A', '2023-07-04', '2024-03-15'),
(584, 'B', '2023-10-11', '2024-03-25'),
(585, 'A', '2023-12-06', '2023-12-09'),
(586, 'B', '2023-10-31', '2023-07-02'),
(587, 'A', '2024-05-07', '2024-03-10'),
(588, 'B', '2023-10-04', '2024-05-20'),
(589, 'A', '2024-03-14', '2023-06-11'),
(590, 'B', '2023-11-18', '2023-06-03'),
(591, 'B', '2023-10-20', '2023-06-08'),
(592, 'ELUL', '2023-12-04', '2023-07-28'),
(593, 'ELUL', '2023-09-28', '2024-05-25'),
(594, 'ELUL', '2024-01-18', '2024-03-26'),
(595, 'A', '2023-12-28', '2024-05-06'),
(596, 'ELUL', '2024-01-12', '2023-10-20'),
(597, 'ELUL', '2023-07-22', '2023-05-27'),
(598, 'ELUL', '2023-12-31', '2024-02-26'),
(599, 'ELUL', '2023-08-19', '2024-03-26'),
(600, 'ELUL', '2024-03-05', '2024-05-02'),
(601, 'B', '2023-12-31', '2023-12-20'),
(602, 'A', '2023-06-17', '2024-03-08'),
(603, 'B', '2024-04-03', '2023-11-04'),
(604, 'A', '2023-08-09', '2023-11-05'),
(605, 'ELUL', '2023-10-07', '2023-07-08'),
(606, 'A', '2023-06-18', '2023-06-29'),
(607, 'ELUL', '2024-03-02', '2024-05-17'),
(608, 'B', '2023-10-29', '2023-10-03'),
(609, 'A', '2024-04-15', '2023-06-09'),
(610, 'A', '2023-12-19', '2023-08-26'),
(611, 'A', '2024-04-16', '2023-10-29'),
(612, 'A', '2024-01-19', '2023-07-27'),
(613, 'ELUL', '2023-08-09', '2024-04-20'),
(614, 'A', '2023-06-14', '2023-06-03'),
(615, 'A', '2023-11-06', '2023-10-31'),
(616, 'ELUL', '2023-10-08', '2023-09-25'),
(617, 'ELUL', '2024-05-08', '2024-01-21'),
(618, 'B', '2024-01-24', '2024-03-13'),
(619, 'B', '2023-08-27', '2023-06-01'),
(620, 'ELUL', '2023-09-19', '2023-07-27'),
(621, 'ELUL', '2024-05-22', '2023-12-28'),
(622, 'ELUL', '2023-09-18', '2024-02-27'),
(623, 'ELUL', '2024-01-09', '2023-12-21'),
(624, 'ELUL', '2024-02-07', '2024-04-30'),
(625, 'A', '2023-08-13', '2023-12-12'),
(626, 'ELUL', '2023-12-27', '2023-08-23'),
(627, 'A', '2023-05-29', '2023-05-27'),
(628, 'A', '2024-05-17', '2024-04-21'),
(629, 'ELUL', '2023-07-17', '2023-06-25'),
(630, 'ELUL', '2024-03-25', '2024-02-21'),
(631, 'ELUL', '2024-03-18', '2024-04-18'),
(632, 'B', '2024-05-13', '2023-11-27'),
(633, 'A', '2024-04-19', '2023-07-11'),
(634, 'ELUL', '2024-05-14', '2024-01-25'),
(635, 'ELUL', '2023-10-26', '2024-04-17'),
(636, 'A', '2024-04-29', '2023-07-19'),
(637, 'B', '2024-03-24', '2023-09-25'),
(638, 'ELUL', '2024-02-21', '2023-06-16'),
(639, 'ELUL', '2023-07-09', '2024-01-19'),
(640, 'B', '2023-10-08', '2023-11-02'),
(641, 'A', '2023-07-25', '2024-04-19'),
(642, 'A', '2024-02-09', '2023-11-23'),
(643, 'A', '2023-11-22', '2023-07-28'),
(644, 'ELUL', '2024-01-23', '2024-03-02'),
(645, 'B', '2024-01-31', '2023-06-18'),
(646, 'A', '2023-09-05', '2023-07-10'),
(647, 'ELUL', '2023-08-11', '2023-06-27'),
(648, 'B', '2023-07-29', '2024-03-11'),
(649, 'B', '2023-07-01', '2024-04-11'),
(650, 'A', '2024-02-07', '2024-03-21'),
(651, 'A', '2024-03-26', '2024-01-07'),
(652, 'ELUL', '2023-11-04', '2024-03-25'),
(653, 'ELUL', '2023-12-21', '2023-12-08'),
(654, 'A', '2023-07-14', '2023-11-04'),
(655, 'A', '2023-06-30', '2024-04-10'),
(656, 'B', '2024-01-24', '2023-10-17'),
(657, 'B', '2024-04-18', '2024-02-04'),
(658, 'B', '2023-10-08', '2024-02-20'),
(659, 'ELUL', '2024-02-12', '2024-01-12'),
(660, 'B', '2024-04-14', '2024-02-20'),
(661, 'ELUL', '2023-09-20', '2023-06-17'),
(662, 'A', '2023-06-17', '2023-08-12'),
(663, 'ELUL', '2023-10-20', '2023-12-08'),
(664, 'A', '2023-08-09', '2023-10-29'),
(665, 'A', '2023-09-17', '2023-08-25'),
(666, 'ELUL', '2024-01-17', '2023-09-30'),
(667, 'ELUL', '2023-11-20', '2023-10-31'),
(668, 'ELUL', '2024-02-17', '2024-01-25'),
(669, 'A', '2024-02-14', '2024-01-22'),
(670, 'A', '2023-11-15', '2023-12-26'),
(671, 'B', '2023-10-23', '2023-09-21'),
(672, 'A', '2023-08-03', '2024-01-26'),
(673, 'B', '2024-04-13', '2024-04-19'),
(674, 'A', '2024-03-14', '2024-03-29'),
(675, 'A', '2024-03-28', '2024-01-17'),
(676, 'B', '2024-01-21', '2023-11-19'),
(677, 'ELUL', '2024-01-11', '2023-07-14'),
(678, 'B', '2023-12-28', '2023-10-12'),
(679, 'A', '2024-05-21', '2023-12-25'),
(680, 'B', '2023-09-15', '2024-02-08'),
(681, 'ELUL', '2024-01-12', '2023-09-29'),
(682, 'A', '2023-07-22', '2024-04-07'),
(683, 'B', '2024-05-16', '2023-07-12'),
(684, 'A', '2023-09-12', '2023-08-11'),
(685, 'A', '2023-08-09', '2023-12-23'),
(686, 'ELUL', '2024-05-21', '2024-05-15'),
(687, 'A', '2023-10-27', '2023-06-09'),
(688, 'ELUL', '2023-12-29', '2024-05-20'),
(689, 'A', '2023-08-06', '2023-10-14'),
(690, 'ELUL', '2023-12-22', '2024-01-25'),
(691, 'ELUL', '2023-09-11', '2023-09-06'),
(692, 'B', '2023-10-11', '2024-03-13'),
(693, 'B', '2024-01-18', '2024-03-01'),
(694, 'A', '2024-04-24', '2023-06-20'),
(695, 'B', '2023-06-04', '2024-05-02'),
(696, 'A', '2024-01-28', '2023-06-02'),
(697, 'ELUL', '2023-11-20', '2024-04-07'),
(698, 'B', '2023-10-06', '2023-06-04'),
(699, 'ELUL', '2023-08-01', '2023-06-20'),
(700, 'A', '2023-10-06', '2024-05-07'),
(701, 'A', '2024-04-10', '2023-10-03'),
(702, 'A', '2024-03-23', '2024-02-08'),
(703, 'ELUL', '2024-03-07', '2023-08-23'),
(704, 'ELUL', '2024-05-15', '2024-02-08'),
(705, 'ELUL', '2023-10-22', '2024-04-04'),
(706, 'A', '2024-01-20', '2024-02-16'),
(707, 'ELUL', '2023-12-14', '2024-01-27'),
(708, 'ELUL', '2024-04-30', '2024-04-04'),
(709, 'A', '2024-04-03', '2024-04-25'),
(710, 'ELUL', '2024-02-05', '2023-08-17'),
(711, 'ELUL', '2024-04-16', '2023-06-11'),
(712, 'B', '2024-01-23', '2024-05-02'),
(713, 'ELUL', '2024-01-08', '2023-12-08'),
(714, 'A', '2023-12-24', '2023-09-21'),
(715, 'A', '2023-08-22', '2023-08-29'),
(716, 'B', '2024-02-14', '2023-08-28'),
(717, 'B', '2024-02-15', '2024-02-22'),
(718, 'ELUL', '2024-01-26', '2023-07-23'),
(719, 'A', '2024-02-29', '2023-12-23'),
(720, 'B', '2023-11-16', '2024-02-09'),
(721, 'B', '2023-09-27', '2023-07-13'),
(722, 'B', '2024-04-09', '2023-07-28'),
(723, 'ELUL', '2024-05-01', '2024-03-25'),
(724, 'A', '2024-04-27', '2024-02-14'),
(725, 'B', '2024-02-16', '2023-10-01'),
(726, 'B', '2024-03-18', '2024-02-05'),
(727, 'A', '2023-12-23', '2023-09-03'),
(728, 'B', '2023-08-19', '2024-05-17'),
(729, 'ELUL', '2024-01-22', '2024-02-11'),
(730, 'A', '2024-04-20', '2024-01-29'),
(731, 'B', '2024-02-19', '2023-07-18'),
(732, 'A', '2023-08-19', '2023-12-04'),
(733, 'ELUL', '2023-09-26', '2023-05-27'),
(734, 'ELUL', '2024-01-10', '2023-09-23'),
(735, 'A', '2024-01-12', '2023-09-15'),
(736, 'A', '2023-10-14', '2024-03-19'),
(737, 'A', '2023-06-05', '2024-01-29'),
(738, 'A', '2023-11-28', '2024-01-05'),
(739, 'ELUL', '2024-05-12', '2023-11-02'),
(740, 'A', '2023-09-21', '2024-02-08'),
(741, 'ELUL', '2023-09-20', '2024-04-09'),
(742, 'B', '2024-04-21', '2023-07-20'),
(743, 'B', '2024-02-22', '2024-04-09'),
(744, 'B', '2023-10-16', '2024-02-14'),
(745, 'ELUL', '2023-11-24', '2023-11-01'),
(746, 'B', '2023-08-12', '2023-08-04'),
(747, 'A', '2023-10-10', '2023-09-05'),
(748, 'ELUL', '2024-02-22', '2023-08-23'),
(749, 'ELUL', '2023-10-27', '2024-03-02'),
(750, 'ELUL', '2023-11-20', '2023-09-06'),
(751, 'A', '2024-01-24', '2023-10-09'),
(752, 'B', '2023-06-03', '2024-04-08'),
(753, 'B', '2024-01-16', '2024-04-11'),
(754, 'A', '2024-01-09', '2023-11-10'),
(755, 'B', '2023-09-13', '2023-11-07'),
(756, 'B', '2024-05-21', '2023-10-30'),
(757, 'B', '2023-08-09', '2024-05-24'),
(758, 'A', '2024-01-14', '2024-04-19'),
(759, 'ELUL', '2024-02-03', '2024-02-27'),
(760, 'A', '2023-06-28', '2023-10-03'),
(761, 'B', '2023-09-25', '2024-05-09'),
(762, 'B', '2024-01-07', '2023-06-05'),
(763, 'ELUL', '2023-11-25', '2023-07-17'),
(764, 'A', '2023-06-18', '2023-11-12'),
(765, 'B', '2023-08-29', '2023-09-18'),
(766, 'ELUL', '2024-01-23', '2023-08-01'),
(767, 'B', '2024-05-20', '2024-05-24'),
(768, 'B', '2023-06-19', '2023-11-15'),
(769, 'B', '2023-12-27', '2023-08-07'),
(770, 'B', '2023-08-24', '2023-12-07'),
(771, 'A', '2023-11-19', '2024-04-30'),
(772, 'B', '2024-01-19', '2024-05-10'),
(773, 'ELUL', '2023-11-26', '2023-09-16'),
(774, 'B', '2024-02-01', '2023-10-31'),
(775, 'ELUL', '2023-09-29', '2023-10-10'),
(776, 'A', '2024-01-14', '2023-06-24'),
(777, 'A', '2023-06-18', '2024-04-06'),
(778, 'ELUL', '2023-10-17', '2023-11-03'),
(779, 'B', '2024-01-11', '2023-10-17'),
(780, 'A', '2023-08-15', '2024-05-05'),
(781, 'ELUL', '2023-10-20', '2024-03-16'),
(782, 'B', '2023-11-13', '2024-03-23'),
(783, 'ELUL', '2023-12-18', '2023-11-29'),
(784, 'A', '2023-11-14', '2024-04-05'),
(785, 'B', '2023-09-26', '2023-10-27'),
(786, 'A', '2024-05-24', '2024-01-21'),
(787, 'B', '2023-12-24', '2024-04-13'),
(788, 'B', '2024-03-08', '2023-10-24'),
(789, 'ELUL', '2023-08-13', '2023-10-04'),
(790, 'B', '2023-08-04', '2023-10-04'),
(791, 'B', '2023-08-25', '2024-05-19'),
(792, 'ELUL', '2023-12-17', '2024-02-24'),
(793, 'ELUL', '2024-01-19', '2023-11-21'),
(794, 'B', '2024-04-11', '2024-03-31'),
(795, 'ELUL', '2023-05-31', '2023-09-06'),
(796, 'A', '2023-07-12', '2023-12-27'),
(797, 'A', '2023-06-26', '2024-02-15'),
(798, 'B', '2023-08-05', '2023-10-27'),
(799, 'ELUL', '2023-12-24', '2024-04-29'),
(800, 'ELUL', '2024-01-22', '2024-03-01'),
(801, 'A', '2023-10-03', '2024-04-01'),
(802, 'ELUL', '2023-09-24', '2024-04-27'),
(803, 'B', '2023-06-22', '2024-04-27'),
(804, 'B', '2024-01-28', '2023-10-20'),
(805, 'ELUL', '2023-07-19', '2024-04-19'),
(806, 'B', '2023-10-01', '2023-09-08'),
(807, 'B', '2023-07-28', '2024-01-16'),
(808, 'A', '2023-11-17', '2024-05-01'),
(809, 'A', '2023-12-07', '2023-08-09'),
(810, 'B', '2024-05-17', '2023-06-24'),
(811, 'A', '2023-07-10', '2023-12-23'),
(812, 'ELUL', '2024-02-22', '2024-02-11'),
(813, 'ELUL', '2024-02-07', '2024-04-20'),
(814, 'A', '2023-06-28', '2023-12-03'),
(815, 'A', '2024-03-21', '2023-09-08'),
(816, 'ELUL', '2024-01-15', '2024-03-13'),
(817, 'B', '2024-02-13', '2023-06-05'),
(818, 'ELUL', '2023-09-10', '2024-03-11'),
(819, 'B', '2024-02-10', '2024-02-19'),
(820, 'B', '2024-03-09', '2024-03-05'),
(821, 'A', '2023-10-18', '2023-09-21'),
(822, 'ELUL', '2023-06-18', '2024-02-07'),
(823, 'B', '2023-06-01', '2024-05-07'),
(824, 'A', '2023-06-16', '2023-08-10'),
(825, 'B', '2024-05-02', '2024-02-10'),
(826, 'A', '2023-10-11', '2024-01-22'),
(827, 'B', '2023-05-29', '2023-06-04'),
(828, 'ELUL', '2023-07-30', '2024-02-09'),
(829, 'A', '2024-03-21', '2023-09-20'),
(830, 'B', '2024-04-29', '2023-07-12'),
(831, 'B', '2023-08-19', '2024-02-13'),
(832, 'B', '2024-02-07', '2023-12-07'),
(833, 'B', '2023-06-22', '2023-12-02'),
(834, 'ELUL', '2024-01-30', '2024-04-10'),
(835, 'ELUL', '2023-12-08', '2024-05-10'),
(836, 'A', '2023-10-10', '2024-01-31'),
(837, 'B', '2023-06-07', '2023-09-08'),
(838, 'ELUL', '2023-12-17', '2023-12-12'),
(839, 'B', '2023-09-05', '2024-04-22'),
(840, 'ELUL', '2023-09-26', '2023-06-19'),
(841, 'ELUL', '2023-10-05', '2023-07-28'),
(842, 'B', '2024-02-21', '2023-08-27'),
(843, 'ELUL', '2023-08-27', '2023-05-28'),
(844, 'ELUL', '2023-06-14', '2024-01-30'),
(845, 'ELUL', '2024-04-23', '2023-08-26'),
(846, 'ELUL', '2023-12-15', '2023-08-13'),
(847, 'B', '2023-06-01', '2024-05-16'),
(848, 'ELUL', '2023-12-19', '2023-11-03'),
(849, 'B', '2023-10-06', '2024-01-10'),
(850, 'B', '2024-05-26', '2023-12-09'),
(851, 'ELUL', '2023-06-29', '2023-07-02'),
(852, 'B', '2023-08-03', '2023-06-12'),
(853, 'B', '2024-02-24', '2023-10-29'),
(854, 'ELUL', '2024-03-16', '2023-08-22'),
(855, 'B', '2024-01-25', '2024-04-03'),
(856, 'B', '2023-10-02', '2024-04-17'),
(857, 'A', '2023-10-20', '2024-05-26'),
(858, 'ELUL', '2023-11-11', '2023-09-01'),
(859, 'ELUL', '2024-05-15', '2023-06-09'),
(860, 'ELUL', '2024-05-01', '2024-01-29'),
(861, 'A', '2024-05-17', '2023-08-24'),
(862, 'A', '2023-09-08', '2023-05-30'),
(863, 'ELUL', '2024-03-16', '2024-04-04'),
(864, 'A', '2023-10-28', '2023-11-17'),
(865, 'A', '2024-04-16', '2024-01-30'),
(866, 'B', '2024-02-18', '2023-10-30'),
(867, 'ELUL', '2024-05-14', '2024-03-04'),
(868, 'B', '2024-03-01', '2024-03-08'),
(869, 'A', '2024-01-31', '2024-02-02'),
(870, 'ELUL', '2023-07-10', '2023-11-20'),
(871, 'A', '2023-11-13', '2024-03-14'),
(872, 'B', '2023-06-03', '2023-11-21'),
(873, 'ELUL', '2024-03-17', '2023-07-29'),
(874, 'B', '2024-01-03', '2023-08-12'),
(875, 'ELUL', '2024-01-06', '2024-02-19'),
(876, 'ELUL', '2023-06-04', '2024-03-16'),
(877, 'A', '2023-08-27', '2023-11-01'),
(878, 'A', '2023-12-14', '2023-06-09'),
(879, 'B', '2023-07-07', '2024-05-16'),
(880, 'A', '2024-04-29', '2023-11-11'),
(881, 'B', '2024-04-18', '2024-05-22'),
(882, 'B', '2023-10-13', '2023-06-16'),
(883, 'B', '2023-11-17', '2024-05-16'),
(884, 'ELUL', '2024-05-01', '2024-02-05'),
(885, 'ELUL', '2023-09-21', '2023-12-22'),
(886, 'B', '2023-06-07', '2023-07-02'),
(887, 'A', '2023-11-01', '2023-11-12'),
(888, 'A', '2023-06-29', '2023-07-25'),
(889, 'B', '2023-06-21', '2023-06-23'),
(890, 'ELUL', '2023-06-17', '2024-03-30'),
(891, 'B', '2023-07-25', '2024-05-17'),
(892, 'A', '2024-02-24', '2023-12-23'),
(893, 'A', '2023-10-21', '2023-11-12'),
(894, 'B', '2023-11-09', '2024-03-30'),
(895, 'ELUL', '2023-08-13', '2023-07-22'),
(896, 'B', '2024-01-10', '2023-07-14'),
(897, 'B', '2023-12-10', '2023-07-15'),
(898, 'B', '2023-12-27', '2023-06-08'),
(899, 'B', '2023-11-22', '2024-05-26'),
(900, 'ELUL', '2024-05-01', '2023-06-27'),
(901, 'A', '2024-05-25', '2023-10-30'),
(902, 'ELUL', '2023-07-03', '2024-01-09'),
(903, 'B', '2023-11-07', '2023-08-10'),
(904, 'ELUL', '2024-01-24', '2024-03-18'),
(905, 'B', '2024-05-25', '2023-08-24'),
(906, 'B', '2024-02-20', '2023-08-29'),
(907, 'ELUL', '2024-03-16', '2024-01-26'),
(908, 'B', '2023-08-10', '2023-08-14'),
(909, 'A', '2023-08-04', '2023-06-11'),
(910, 'ELUL', '2024-04-29', '2023-10-16'),
(911, 'ELUL', '2023-10-15', '2023-07-16'),
(912, 'B', '2024-03-19', '2023-11-04'),
(913, 'ELUL', '2024-02-23', '2023-12-06'),
(914, 'A', '2023-10-10', '2024-01-12'),
(915, 'B', '2023-11-22', '2023-11-01'),
(916, 'A', '2023-08-15', '2023-11-28'),
(917, 'ELUL', '2024-02-03', '2024-01-18'),
(918, 'ELUL', '2023-08-24', '2024-04-14'),
(919, 'A', '2024-04-02', '2023-06-27'),
(920, 'B', '2023-11-11', '2023-12-29'),
(921, 'ELUL', '2023-11-10', '2024-03-04'),
(922, 'ELUL', '2024-01-17', '2023-12-05'),
(923, 'ELUL', '2023-09-17', '2023-06-11'),
(924, 'ELUL', '2023-11-13', '2024-03-04'),
(925, 'A', '2024-01-07', '2024-03-04'),
(926, 'A', '2024-03-31', '2024-02-29'),
(927, 'A', '2024-01-13', '2024-01-11'),
(928, 'ELUL', '2023-07-09', '2024-05-10'),
(929, 'A', '2024-01-14', '2024-04-24'),
(930, 'B', '2024-03-15', '2024-02-04'),
(931, 'A', '2023-06-13', '2024-01-20'),
(932, 'B', '2023-08-09', '2023-11-11'),
(933, 'A', '2024-03-19', '2023-12-09'),
(934, 'ELUL', '2023-07-21', '2023-07-17'),
(935, 'B', '2023-11-09', '2024-05-19'),
(936, 'A', '2024-02-15', '2023-06-06'),
(937, 'A', '2023-10-01', '2023-07-01'),
(938, 'B', '2024-04-07', '2023-06-25'),
(939, 'A', '2024-04-23', '2024-05-11'),
(940, 'A', '2024-04-21', '2024-05-22'),
(941, 'ELUL', '2024-02-27', '2023-07-02'),
(942, 'ELUL', '2024-02-03', '2023-08-20'),
(943, 'B', '2024-05-22', '2023-11-11'),
(944, 'B', '2024-04-01', '2023-09-03'),
(945, 'B', '2023-11-06', '2023-06-28'),
(946, 'B', '2024-02-15', '2024-05-21'),
(947, 'B', '2023-11-08', '2023-11-05'),
(948, 'A', '2023-05-28', '2023-11-11'),
(949, 'A', '2024-01-10', '2023-10-19'),
(950, 'A', '2023-08-26', '2023-09-01'),
(951, 'A', '2023-06-29', '2023-08-16'),
(952, 'ELUL', '2023-10-16', '2023-11-07'),
(953, 'B', '2023-09-22', '2024-01-18'),
(954, 'A', '2023-09-20', '2023-12-28'),
(955, 'ELUL', '2023-06-16', '2024-04-01'),
(956, 'B', '2023-06-14', '2023-06-10'),
(957, 'B', '2023-09-15', '2024-03-18'),
(958, 'B', '2024-04-03', '2023-08-25'),
(959, 'A', '2023-09-09', '2024-02-09'),
(960, 'ELUL', '2023-09-29', '2024-02-10'),
(961, 'A', '2024-04-28', '2024-01-17'),
(962, 'B', '2023-11-06', '2024-05-01'),
(963, 'ELUL', '2024-01-23', '2023-07-17'),
(964, 'ELUL', '2023-10-08', '2023-09-26'),
(965, 'A', '2023-08-07', '2023-12-21'),
(966, 'B', '2023-06-28', '2023-11-21'),
(967, 'ELUL', '2024-01-17', '2024-03-31'),
(968, 'A', '2023-10-04', '2024-04-13'),
(969, 'ELUL', '2024-03-13', '2023-09-28'),
(970, 'ELUL', '2023-08-07', '2023-09-04'),
(971, 'ELUL', '2024-05-21', '2024-01-28'),
(972, 'B', '2024-04-24', '2024-02-22'),
(973, 'ELUL', '2023-10-01', '2023-07-05'),
(974, 'A', '2023-09-18', '2023-10-15'),
(975, 'A', '2024-02-03', '2023-10-29'),
(976, 'B', '2024-01-11', '2023-12-01'),
(977, 'ELUL', '2023-09-04', '2023-06-14'),
(978, 'A', '2023-11-05', '2023-06-22'),
(979, 'A', '2023-10-04', '2023-06-17'),
(980, 'ELUL', '2023-12-15', '2024-04-04'),
(981, 'B', '2023-06-17', '2023-12-30'),
(982, 'ELUL', '2023-10-16', '2023-08-17'),
(983, 'ELUL', '2023-10-13', '2024-01-21'),
(984, 'ELUL', '2024-03-14', '2023-10-22'),
(985, 'A', '2023-11-09', '2024-03-30'),
(986, 'B', '2023-08-25', '2023-08-02'),
(987, 'ELUL', '2024-01-27', '2023-08-31'),
(988, 'A', '2023-10-28', '2023-09-06'),
(989, 'ELUL', '2023-07-10', '2024-01-28'),
(990, 'A', '2024-02-15', '2024-05-23'),
(991, 'ELUL', '2023-10-27', '2023-09-08'),
(992, 'B', '2024-01-10', '2023-09-22'),
(993, 'ELUL', '2023-10-06', '2024-04-25'),
(994, 'ELUL', '2024-05-03', '2023-09-16'),
(995, 'A', '2023-09-26', '2024-01-26'),
(996, 'B', '2023-09-24', '2024-04-11'),
(997, 'ELUL', '2023-11-22', '2024-02-13'),
(998, 'A', '2024-03-30', '2023-09-05'),
(999, 'ELUL', '2023-07-21', '2023-09-22'),
(1000, 'B', '2023-11-11', '2024-05-25');

-- --------------------------------------------------------

--
-- Table structure for table `students`
--

CREATE TABLE `students` (
  `id` int(11) NOT NULL,
  `first_name` varchar(50) NOT NULL,
  `last_name` varchar(50) DEFAULT NULL,
  `date_of_birth` date DEFAULT NULL,
  `bank_account` varchar(20) DEFAULT NULL,
  `enrollment_date` date DEFAULT NULL,
  `major` varchar(30) DEFAULT NULL,
  `national_id` varchar(20) DEFAULT NULL
) ENGINE=InnoDB DEFAULT CHARSET=utf8mb4 COLLATE=utf8mb4_general_ci;

--
-- Dumping data for table `students`
--

INSERT INTO `students` (`id`, `first_name`, `last_name`, `date_of_birth`, `bank_account`, `enrollment_date`, `major`, `national_id`) VALUES
(1, 'Dannel', 'Wrassell', '2024-02-05', NULL, '2001-09-01', NULL, NULL),
(2, 'Zachery', 'Lyffe', '2023-07-26', NULL, '1999-09-01', NULL, NULL),
(3, 'Cybil', 'Novello', '2024-01-14', NULL, '1994-09-01', NULL, NULL),
(4, 'Adrianna', 'Joslow', '2024-05-25', NULL, '2004-09-01', NULL, NULL),
(5, 'Nichols', 'Sharplin', '2024-02-14', NULL, '1984-09-01', NULL, NULL),
(6, 'Ericha', 'Evitt', '2023-08-03', NULL, '1997-09-01', NULL, NULL),
(7, 'Lonnard', 'Scollick', '2024-04-13', NULL, '2007-09-01', NULL, NULL),
(8, 'Franchot', 'Gluyus', '2023-09-12', NULL, '1994-09-01', NULL, NULL),
(9, 'Barron', 'Broseman', '2023-12-15', NULL, '2001-09-01', NULL, NULL),
(10, 'Barbette', 'Jodrelle', '2023-09-18', NULL, '2002-09-01', NULL, NULL),
(11, 'Thatcher', 'Bursell', '2024-04-23', NULL, '1993-09-01', NULL, NULL),
(12, 'Tootsie', 'O\'Quin', '2023-12-05', NULL, '2006-09-01', NULL, NULL),
(13, 'Charo', 'Hillen', '2023-07-26', NULL, '2011-09-01', NULL, NULL),
(14, 'Yolanthe', 'Looks', '2024-04-18', NULL, '2003-09-01', NULL, NULL),
(15, 'Imelda', 'Kimbell', '2024-01-27', NULL, '2006-09-01', NULL, NULL),
(16, 'De', 'Critzen', '2024-01-21', NULL, '2011-09-01', NULL, NULL),
(17, 'Ervin', 'Rainon', '2023-11-25', NULL, '1992-09-01', NULL, NULL),
(18, 'Ezekiel', 'Gebby', '2023-11-06', NULL, '2002-09-01', NULL, NULL),
(19, 'Jorey', 'Caughan', '2024-04-07', NULL, '1994-09-01', NULL, NULL),
(20, 'Warren', 'Bondesen', '2023-07-17', NULL, '1995-09-01', NULL, NULL),
(21, 'Tildie', 'Aleevy', '2023-07-20', NULL, '1995-09-01', NULL, NULL),
(22, 'Tish', 'Pock', '2023-06-21', NULL, '1986-09-01', NULL, NULL),
(23, 'Oneida', 'Billows', '2023-07-26', NULL, '1983-09-01', NULL, NULL),
(24, 'Clark', 'Cavalier', '2024-02-16', NULL, '2002-09-01', NULL, NULL),
(25, 'Ondrea', 'Rothert', '2023-12-07', NULL, '2009-09-01', NULL, NULL),
(26, 'Mikey', 'Orrock', '2024-04-25', NULL, '1993-09-01', NULL, NULL),
(27, 'Verina', 'Bugden', '2024-03-29', NULL, '1991-09-01', NULL, NULL),
(28, 'Oswald', 'Brolechan', '2023-12-02', NULL, '2013-09-01', NULL, NULL),
(29, 'Nataline', 'Cade', '2023-09-03', NULL, '1998-09-01', NULL, NULL),
(30, 'Maye', 'M\'Chirrie', '2023-06-29', NULL, '2004-09-01', NULL, NULL),
(31, 'Tresa', 'Bris', '2024-03-26', NULL, '1998-09-01', NULL, NULL),
(32, 'Salim', 'Schoales', '2024-05-09', NULL, '2012-09-01', NULL, NULL),
(33, 'Dasie', 'Temlett', '2024-05-01', NULL, '1993-09-01', NULL, NULL),
(34, 'Annabell', 'Audrey', '2023-05-27', NULL, '1996-09-01', NULL, NULL),
(35, 'Brunhilde', 'MacDunlevy', '2023-10-21', NULL, '2012-09-01', NULL, NULL),
(36, 'Shadow', 'Windebank', '2023-12-27', NULL, '2003-09-01', NULL, NULL),
(37, 'Royall', 'Champness', '2024-02-25', NULL, '1994-09-01', NULL, NULL),
(38, 'Stearn', 'Klawi', '2023-12-17', NULL, '1990-09-01', NULL, NULL),
(39, 'Nert', 'Adamowitz', '2024-02-15', NULL, '1994-09-01', NULL, NULL),
(40, 'Ignacio', 'Vaux', '2023-08-14', NULL, '2008-09-01', NULL, NULL),
(41, 'Meyer', 'Matei', '2023-09-09', NULL, '1999-09-01', NULL, NULL),
(42, 'Robby', 'Benmore', '2024-04-22', NULL, '2001-09-01', NULL, NULL),
(43, 'Oswell', 'Beardow', '2023-12-25', NULL, '1999-09-01', NULL, NULL),
(44, 'Lyndsie', 'Foddy', '2024-02-22', NULL, '1992-09-01', NULL, NULL),
(45, 'Buddy', 'Crippen', '2023-12-30', NULL, '1993-09-01', NULL, NULL),
(46, 'Christoffer', 'Seamarke', '2023-07-23', NULL, '2007-09-01', NULL, NULL),
(47, 'Nyssa', 'Northleigh', '2023-06-29', NULL, '1998-09-01', NULL, NULL),
(48, 'Kesley', 'Dy', '2023-12-20', NULL, '2012-09-01', NULL, NULL),
(49, 'Roberto', 'Filgate', '2024-04-16', NULL, '2011-09-01', NULL, NULL),
(50, 'Zelma', 'Trask', '2023-08-16', NULL, '2008-09-01', NULL, NULL),
(51, 'Raoul', 'Raise', '2023-09-08', NULL, '2001-09-01', NULL, NULL),
(52, 'Halli', 'Angove', '2023-09-29', NULL, '1995-09-01', NULL, NULL),
(53, 'Virgie', 'Ivakhin', '2023-07-07', NULL, '2010-09-01', NULL, NULL),
(54, 'Josiah', 'Bortolazzi', '2023-08-29', NULL, '1993-09-01', NULL, NULL),
(55, 'Dan', 'Licciardo', '2024-04-16', NULL, '2012-09-01', NULL, NULL),
(56, 'Patricia', 'Headington', '2023-09-09', NULL, '2009-09-01', NULL, NULL),
(57, 'Alexi', 'Harbidge', '2023-11-29', NULL, '2009-09-01', NULL, NULL),
(58, 'Farrell', 'Castanyer', '2023-09-14', NULL, '2001-09-01', NULL, NULL),
(59, 'Tania', 'Siseland', '2023-06-30', NULL, '2006-09-01', NULL, NULL),
(60, 'Marrissa', 'Trineman', '2024-04-22', NULL, '1988-09-01', NULL, NULL),
(61, 'Brendon', 'Quarrie', '2023-07-09', NULL, '1993-09-01', NULL, NULL),
(62, 'Luca', 'Hast', '2024-05-18', NULL, '1984-09-01', NULL, NULL),
(63, 'Maurice', 'Senett', '2024-03-14', NULL, '2012-09-01', NULL, NULL),
(64, 'Baldwin', 'Rotherforth', '2024-04-07', NULL, '1995-09-01', NULL, NULL),
(65, 'Roanne', 'Callendar', '2023-12-14', NULL, '2004-09-01', NULL, NULL),
(66, 'Dorena', 'Ashurst', '2023-09-05', NULL, '2000-09-01', NULL, NULL),
(67, 'Concettina', 'Western', '2023-06-04', NULL, '2009-09-01', NULL, NULL),
(68, 'Anderea', 'Creamer', '2023-09-07', NULL, '2010-09-01', NULL, NULL),
(69, 'Araldo', 'Klimshuk', '2023-10-25', NULL, '1992-09-01', NULL, NULL),
(70, 'Aeriell', 'Hucks', '2024-02-01', NULL, '2006-09-01', NULL, NULL),
(71, 'Maurita', 'Higgan', '2023-12-10', NULL, '1992-09-01', NULL, NULL),
(72, 'Robinett', 'Cristofanini', '2023-06-06', NULL, '1993-09-01', NULL, NULL),
(73, 'Kath', 'Cockarill', '2023-12-19', NULL, '1995-09-01', NULL, NULL),
(74, 'Reider', 'Gott', '2024-01-07', NULL, '1971-09-01', NULL, NULL),
(75, 'Wallie', 'Feronet', '2023-08-10', NULL, '1995-09-01', NULL, NULL),
(76, 'Eleanora', 'Hugle', '2023-10-02', NULL, '2009-09-01', NULL, NULL),
(77, 'Hall', 'Doole', '2024-03-21', NULL, '1984-09-01', NULL, NULL),
(78, 'Burr', 'Croley', '2023-08-11', NULL, '2005-09-01', NULL, NULL),
(79, 'Christen', 'Firpi', '2024-04-09', NULL, '1998-09-01', NULL, NULL),
(80, 'Lanie', 'Allbones', '2023-12-26', NULL, '2006-09-01', NULL, NULL),
(81, 'Wake', 'Dollman', '2024-04-08', NULL, '2008-09-01', NULL, NULL),
(82, 'Bondie', 'Cutcliffe', '2024-01-01', NULL, '2011-09-01', NULL, NULL),
(83, 'Juli', 'MacNalley', '2023-08-31', NULL, '2009-09-01', NULL, NULL),
(84, 'Bernetta', 'Spary', '2023-07-02', NULL, '1998-09-01', NULL, NULL),
(85, 'Gwendolin', 'Stripp', '2024-03-01', NULL, '2008-09-01', NULL, NULL),
(86, 'Brianne', 'Kirvell', '2023-10-15', NULL, '2011-09-01', NULL, NULL),
(87, 'Callida', 'Ascrofte', '2023-09-12', NULL, '2005-09-01', NULL, NULL),
(88, 'Reta', 'Cobley', '2023-08-24', NULL, '1993-09-01', NULL, NULL),
(89, 'Errick', 'McShea', '2023-08-29', NULL, '1977-09-01', NULL, NULL),
(90, 'Hadria', 'Gothard', '2023-08-05', NULL, '2008-09-01', NULL, NULL),
(91, 'Phelia', 'McAsgill', '2023-10-09', NULL, '1997-09-01', NULL, NULL),
(92, 'Lacie', 'Ettles', '2023-10-31', NULL, '2003-09-01', NULL, NULL),
(93, 'Sherwin', 'Juliano', '2024-05-05', NULL, '1997-09-01', NULL, NULL),
(94, 'Gabie', 'Cowperthwaite', '2023-12-18', NULL, '1991-09-01', NULL, NULL),
(95, 'Monah', 'Pauncefort', '2023-12-21', NULL, '2007-09-01', NULL, NULL),
(96, 'Moyna', 'Labadini', '2023-09-20', NULL, '2003-09-01', NULL, NULL),
(97, 'Ricardo', 'Pattison', '2024-04-21', NULL, '1997-09-01', NULL, NULL),
(98, 'Darcee', 'Allery', '2023-12-03', NULL, '2008-09-01', NULL, NULL),
(99, 'Byrle', 'Krop', '2023-11-23', NULL, '2001-09-01', NULL, NULL),
(100, 'Farlee', 'Bolter', '2023-06-07', NULL, '2012-09-01', NULL, NULL),
(101, 'Jannel', 'McNeely', '2023-10-08', NULL, '2010-09-01', NULL, NULL),
(102, 'Dani', 'Mawford', '2023-12-09', NULL, '1975-09-01', NULL, NULL),
(103, 'Sylvia', 'Cuberley', '2024-01-10', NULL, '1997-09-01', NULL, NULL),
(104, 'Katee', 'Pointer', '2023-08-26', NULL, '1961-09-01', NULL, NULL),
(105, 'Esma', 'Parnell', '2023-06-25', NULL, '1980-09-01', NULL, NULL),
(106, 'Salim', 'Georges', '2024-01-01', NULL, '2009-09-01', NULL, NULL),
(107, 'Alyssa', 'Boteman', '2024-04-30', NULL, '1989-09-01', NULL, NULL),
(108, 'Florette', 'Slimon', '2024-02-23', NULL, '2009-09-01', NULL, NULL),
(109, 'Morgan', 'Stockman', '2023-07-31', NULL, '2009-09-01', NULL, NULL),
(110, 'Byran', 'Hurrion', '2023-06-26', NULL, '1998-09-01', NULL, NULL),
(111, 'Cirillo', 'Wykes', '2023-09-25', NULL, '2004-09-01', NULL, NULL),
(112, 'Lida', 'Rallings', '2023-12-16', NULL, '1993-09-01', NULL, NULL),
(113, 'Johann', 'Madeley', '2024-01-29', NULL, '1992-09-01', NULL, NULL),
(114, 'Valdemar', 'Fairlem', '2024-02-13', NULL, '2007-09-01', NULL, NULL),
(115, 'Demetri', 'Swiffan', '2023-10-22', NULL, '2000-09-01', NULL, NULL),
(116, 'Elaina', 'Teare', '2024-01-24', NULL, '2010-09-01', NULL, NULL),
(117, 'Ted', 'Flather', '2024-03-09', NULL, '2001-09-01', NULL, NULL),
(118, 'Janelle', 'Allwell', '2023-12-04', NULL, '1997-09-01', NULL, NULL),
(119, 'Harv', 'McConnel', '2023-11-21', NULL, '2005-09-01', NULL, NULL),
(120, 'Prudence', 'Elloy', '2023-08-07', NULL, '1987-09-01', NULL, NULL),
(121, 'Domeniga', 'Hanington', '2023-06-28', NULL, '2003-09-01', NULL, NULL),
(122, 'Siouxie', 'Iacovuzzi', '2024-02-23', NULL, '1995-09-01', NULL, NULL),
(123, 'Karie', 'Aronstam', '2023-06-14', NULL, '1987-09-01', NULL, NULL),
(124, 'Georgianna', 'Dealy', '2024-05-11', NULL, '2007-09-01', NULL, NULL),
(125, 'Miquela', 'Samworth', '2024-01-09', NULL, '2007-09-01', NULL, NULL),
(126, 'Hugh', 'Peckitt', '2023-07-30', NULL, '2009-09-01', NULL, NULL),
(127, 'Randie', 'Fontell', '2024-01-09', NULL, '2001-09-01', NULL, NULL),
(128, 'Elfie', 'Terzza', '2024-02-08', NULL, '1991-09-01', NULL, NULL),
(129, 'Shannah', 'Bickerstaff', '2024-03-19', NULL, '2000-09-01', NULL, NULL),
(130, 'Annette', 'Hunton', '2023-05-28', NULL, '2005-09-01', NULL, NULL),
(131, 'Aluin', 'Becke', '2023-06-26', NULL, '1996-09-01', NULL, NULL),
(132, 'Aldon', 'Lockyer', '2024-04-05', NULL, '2009-09-01', NULL, NULL),
(133, 'Muffin', 'MacGray', '2023-07-15', NULL, '1988-09-01', NULL, NULL),
(134, 'Shayla', 'Hanks', '2023-12-29', NULL, '2003-09-01', NULL, NULL),
(135, 'Britt', 'Rummins', '2024-03-31', NULL, '2006-09-01', NULL, NULL),
(136, 'Ricard', 'Dormer', '2023-07-30', NULL, '2009-09-01', NULL, NULL),
(137, 'Torre', 'Pedican', '2023-10-08', NULL, '2012-09-01', NULL, NULL),
(138, 'Kerby', 'Gillanders', '2023-07-07', NULL, '1997-09-01', NULL, NULL),
(139, 'Orion', 'Granham', '2024-02-10', NULL, '2003-09-01', NULL, NULL),
(140, 'Carmina', 'Dilon', '2023-12-08', NULL, '1986-09-01', NULL, NULL),
(141, 'Bonnee', 'Aspey', '2023-10-11', NULL, '2006-09-01', NULL, NULL),
(142, 'Nadine', 'Bernhardi', '2023-09-23', NULL, '2005-09-01', NULL, NULL),
(143, 'Barbabra', 'Hanretty', '2024-02-04', NULL, '2004-09-01', NULL, NULL),
(144, 'Marty', 'Merwede', '2023-06-07', NULL, '1992-09-01', NULL, NULL),
(145, 'Lynea', 'Cawsby', '2024-02-17', NULL, '1998-09-01', NULL, NULL),
(146, 'Porty', 'Durrett', '2024-04-23', NULL, '2008-09-01', NULL, NULL),
(147, 'Chilton', 'Anderson', '2023-11-19', NULL, '1991-09-01', NULL, NULL),
(148, 'Melessa', 'Galbraeth', '2023-11-18', NULL, '2009-09-01', NULL, NULL),
(149, 'Vania', 'Bolland', '2023-10-23', NULL, '2005-09-01', NULL, NULL),
(150, 'Marion', 'Saltern', '2024-04-30', NULL, '1995-09-01', NULL, NULL),
(151, 'Gabriellia', 'Casson', '2023-11-29', NULL, '2005-09-01', NULL, NULL),
(152, 'Leticia', 'Chatterton', '2023-12-08', NULL, '1995-09-01', NULL, NULL),
(153, 'Brook', 'Joontjes', '2024-02-13', NULL, '1994-09-01', NULL, NULL),
(154, 'Victoria', 'Stihl', '2023-11-20', NULL, '2001-09-01', NULL, NULL),
(155, 'Johnnie', 'Wissby', '2024-03-26', NULL, '2000-09-01', NULL, NULL),
(156, 'Blair', 'Kepe', '2023-12-29', NULL, '2011-09-01', NULL, NULL),
(157, 'Sallyann', 'Lythgoe', '2024-05-03', NULL, '2011-09-01', NULL, NULL),
(158, 'Ricoriki', 'Normanvill', '2024-05-11', NULL, '2007-09-01', NULL, NULL),
(159, 'Ikey', 'Schulz', '2024-01-19', NULL, '2007-09-01', NULL, NULL),
(160, 'Tobi', 'Pibsworth', '2024-01-15', NULL, '2006-09-01', NULL, NULL),
(161, 'Akim', 'Syversen', '2023-12-30', NULL, '2011-09-01', NULL, NULL),
(162, 'Kameko', 'Osanne', '2024-03-11', NULL, '1993-09-01', NULL, NULL),
(163, 'Neville', 'MacGee', '2024-04-08', NULL, '2012-09-01', NULL, NULL),
(164, 'Willa', 'Charteris', '2023-08-11', NULL, '1993-09-01', NULL, NULL),
(165, 'Marline', 'Fudger', '2024-05-17', NULL, '2000-09-01', NULL, NULL),
(166, 'Gertrude', 'Mercey', '2023-10-29', NULL, '1987-09-01', NULL, NULL),
(167, 'Rollo', 'Filppetti', '2023-07-25', NULL, '2011-09-01', NULL, NULL),
(168, 'Sebastiano', 'Bloxholm', '2023-12-29', NULL, '1992-09-01', NULL, NULL),
(169, 'Terrill', 'ducarme', '2023-09-07', NULL, '2007-09-01', NULL, NULL),
(170, 'Barbara-anne', 'Galego', '2024-01-29', NULL, '1983-09-01', NULL, NULL),
(171, 'Adelaide', 'Tames', '2023-11-14', NULL, '2006-09-01', NULL, NULL),
(172, 'Cymbre', 'Maddie', '2024-02-02', NULL, '2007-09-01', NULL, NULL),
(173, 'Prue', 'Segoe', '2024-02-05', NULL, '2003-09-01', NULL, NULL),
(174, 'Genevra', 'Kettlewell', '2023-11-30', NULL, '1995-09-01', NULL, NULL),
(175, 'Chandal', 'Wildgoose', '2024-02-05', NULL, '2001-09-01', NULL, NULL),
(176, 'Corina', 'Wyard', '2024-04-08', NULL, '2012-09-01', NULL, NULL),
(177, 'Abbye', 'Carnow', '2023-09-16', NULL, '1993-09-01', NULL, NULL),
(178, 'Allie', 'Cruddace', '2023-08-09', NULL, '1999-09-01', NULL, NULL),
(179, 'Loralee', 'McMylor', '2023-12-25', NULL, '1985-09-01', NULL, NULL),
(180, 'Leola', 'Goult', '2023-06-13', NULL, '1998-09-01', NULL, NULL),
(181, 'Maddalena', 'Murty', '2024-01-18', NULL, '1991-09-01', NULL, NULL),
(182, 'Gaylor', 'Snoddy', '2024-01-06', NULL, '1993-09-01', NULL, NULL),
(183, 'Brett', 'Gaymer', '2024-03-15', NULL, '2007-09-01', NULL, NULL),
(184, 'Chucho', 'Freezer', '2023-06-24', NULL, '2009-09-01', NULL, NULL),
(185, 'Hanna', 'Arnowicz', '2023-12-30', NULL, '2008-09-01', NULL, NULL),
(186, 'Byrom', 'Krates', '2023-12-04', NULL, '1988-09-01', NULL, NULL),
(187, 'Mellisent', 'Antonnikov', '2023-06-07', NULL, '2001-09-01', NULL, NULL),
(188, 'Ferdinanda', 'Harg', '2024-03-06', NULL, '1973-09-01', NULL, NULL),
(189, 'Gael', 'Wewell', '2023-08-05', NULL, '2012-09-01', NULL, NULL),
(190, 'Abbye', 'Elvey', '2023-07-04', NULL, '2001-09-01', NULL, NULL),
(191, 'Renado', 'Binford', '2023-12-17', NULL, '2000-09-01', NULL, NULL),
(192, 'Ravi', 'Stronough', '2023-12-29', NULL, '1993-09-01', NULL, NULL),
(193, 'Nicoli', 'Quibell', '2023-11-04', NULL, '2005-09-01', NULL, NULL),
(194, 'Ivie', 'Navein', '2024-03-01', NULL, '2001-09-01', NULL, NULL),
(195, 'Gerladina', 'Farrance', '2023-08-01', NULL, '2001-09-01', NULL, NULL),
(196, 'Stefan', 'Finnick', '2024-03-17', NULL, '1993-09-01', NULL, NULL),
(197, 'Brody', 'Skechley', '2023-09-28', NULL, '1997-09-01', NULL, NULL),
(198, 'Fulvia', 'Allchorn', '2024-04-27', NULL, '2009-09-01', NULL, NULL),
(199, 'Hartwell', 'Collum', '2023-06-20', NULL, '2007-09-01', NULL, NULL),
(200, 'Helen-elizabeth', 'Lorenzini', '2023-08-21', NULL, '1995-09-01', NULL, NULL),
(201, 'Suellen', 'Smart', '2023-09-11', NULL, '2009-09-01', NULL, NULL),
(202, 'Eda', 'Harrowell', '2024-02-29', NULL, '1992-09-01', NULL, NULL),
(203, 'Charmain', 'Denny', '2024-05-15', NULL, '2006-09-01', NULL, NULL),
(204, 'Viola', 'Knill', '2024-01-22', NULL, '2003-09-01', NULL, NULL),
(205, 'Bearnard', 'Todd', '2024-05-09', NULL, '1997-09-01', NULL, NULL),
(206, 'Wadsworth', 'de Marco', '2024-02-08', NULL, '2006-09-01', NULL, NULL),
(207, 'Nealon', 'McGready', '2024-04-03', NULL, '2005-09-01', NULL, NULL),
(208, 'May', 'Lundon', '2023-10-01', NULL, '1992-09-01', NULL, NULL),
(209, 'Melonie', 'McPaike', '2024-01-18', NULL, '1970-09-01', NULL, NULL),
(210, 'Valera', 'Dabel', '2023-10-07', NULL, '2003-09-01', NULL, NULL),
(211, 'Violante', 'Chadderton', '2024-04-13', NULL, '1998-09-01', NULL, NULL),
(212, 'Dulcea', 'Dunsmuir', '2023-10-19', NULL, '1999-09-01', NULL, NULL),
(213, 'Rustin', 'Riggott', '2023-10-20', NULL, '1985-09-01', NULL, NULL),
(214, 'Preston', 'Blues', '2023-06-19', NULL, '2003-09-01', NULL, NULL),
(215, 'Jobie', 'O\'Currigan', '2023-09-03', NULL, '2011-09-01', NULL, NULL),
(216, 'Gram', 'Ruston', '2023-11-26', NULL, '1985-09-01', NULL, NULL),
(217, 'Andreana', 'Braune', '2023-06-03', NULL, '2005-09-01', NULL, NULL),
(218, 'Gabbey', 'Glasbey', '2023-10-25', NULL, '2001-09-01', NULL, NULL),
(219, 'Brynna', 'Sellers', '2023-06-20', NULL, '2008-09-01', NULL, NULL),
(220, 'Agathe', 'Wheildon', '2023-10-14', NULL, '2005-09-01', NULL, NULL),
(221, 'Jaclin', 'Pringour', '2024-05-16', NULL, '1990-09-01', NULL, NULL),
(222, 'Duffie', 'Carnock', '2023-09-04', NULL, '2011-09-01', NULL, NULL),
(223, 'Johan', 'Stirley', '2023-09-22', NULL, '1997-09-01', NULL, NULL),
(224, 'Daron', 'Sandhill', '2023-07-08', NULL, '1994-09-01', NULL, NULL),
(225, 'Kerianne', 'Walkinshaw', '2023-07-16', NULL, '1992-09-01', NULL, NULL),
(226, 'Zelda', 'Paish', '2023-06-11', NULL, '1994-09-01', NULL, NULL),
(227, 'Kriste', 'Schulkins', '2023-11-06', NULL, '2011-09-01', NULL, NULL),
(228, 'Etta', 'Zambonini', '2024-01-26', NULL, '2005-09-01', NULL, NULL),
(229, 'Sylvan', 'O\'Fielly', '2024-03-29', NULL, '1999-09-01', NULL, NULL),
(230, 'Tildie', 'Parry', '2023-09-13', NULL, '2002-09-01', NULL, NULL),
(231, 'Thekla', 'Tungay', '2024-04-16', NULL, '1993-09-01', NULL, NULL),
(232, 'Tony', 'Metheringham', '2023-11-29', NULL, '1996-09-01', NULL, NULL),
(233, 'Valma', 'Heathcote', '2023-12-23', NULL, '2001-09-01', NULL, NULL),
(234, 'Lucina', 'Chalcot', '2023-09-28', NULL, '1985-09-01', NULL, NULL),
(235, 'Martina', 'Bodle', '2024-02-17', NULL, '2000-09-01', NULL, NULL),
(236, 'Kissiah', 'Goaks', '2023-07-01', NULL, '1983-09-01', NULL, NULL),
(237, 'Janene', 'Raselles', '2023-10-27', NULL, '1990-09-01', NULL, NULL),
(238, 'Maureen', 'Dowley', '2023-06-24', NULL, '1986-09-01', NULL, NULL),
(239, 'Heidie', 'Morgon', '2023-11-15', NULL, '1998-09-01', NULL, NULL),
(240, 'Haskell', 'Jilliss', '2023-08-01', NULL, '2003-09-01', NULL, NULL),
(241, 'Benedict', 'Cruddace', '2024-04-10', NULL, '1995-09-01', NULL, NULL),
(242, 'Lane', 'Firbank', '2023-11-14', NULL, '1993-09-01', NULL, NULL),
(243, 'Joelle', 'Setford', '2024-04-15', NULL, '1999-09-01', NULL, NULL),
(244, 'Lindy', 'Hedworth', '2023-08-30', NULL, '1997-09-01', NULL, NULL),
(245, 'Timoteo', 'Jerrams', '2024-02-16', NULL, '2007-09-01', NULL, NULL),
(246, 'Valaria', 'Goodsir', '2023-12-16', NULL, '2001-09-01', NULL, NULL),
(247, 'Halley', 'Yokel', '2024-03-12', NULL, '2005-09-01', NULL, NULL),
(248, 'Iggy', 'Pritty', '2024-02-08', NULL, '1997-09-01', NULL, NULL),
(249, 'Nancie', 'Ringham', '2023-08-15', NULL, '2012-09-01', NULL, NULL),
(250, 'Adrianne', 'Splevins', '2024-01-31', NULL, '2008-09-01', NULL, NULL),
(251, 'Artur', 'Garroch', '2023-10-29', NULL, '2002-09-01', NULL, NULL),
(252, 'Nap', 'Redihalgh', '2023-11-12', NULL, '1992-09-01', NULL, NULL),
(253, 'Sylvester', 'Fawcett', '2023-12-11', NULL, '2001-09-01', NULL, NULL),
(254, 'Vaclav', 'Melliard', '2023-10-20', NULL, '2002-09-01', NULL, NULL),
(255, 'Dolph', 'Rustan', '2023-10-29', NULL, '2010-09-01', NULL, NULL),
(256, 'Marla', 'Rawstorn', '2023-12-28', NULL, '1994-09-01', NULL, NULL),
(257, 'Harriott', 'Elman', '2023-09-14', NULL, '2006-09-01', NULL, NULL),
(258, 'Mace', 'Loveard', '2023-12-27', NULL, '2009-09-01', NULL, NULL),
(259, 'Hannis', 'Senussi', '2023-09-14', NULL, '1992-09-01', NULL, NULL),
(260, 'Angie', 'Veschi', '2024-01-16', NULL, '2008-09-01', NULL, NULL),
(261, 'Kerstin', 'McDonald', '2024-01-18', NULL, '2006-09-01', NULL, NULL),
(262, 'Elvira', 'Waterstone', '2023-10-02', NULL, '2007-09-01', NULL, NULL),
(263, 'Sher', 'Shurmer', '2023-06-03', NULL, '2010-09-01', NULL, NULL),
(264, 'Sigfried', 'Shovelbottom', '2024-01-17', NULL, '2010-09-01', NULL, NULL),
(265, 'Adrienne', 'Benedick', '2024-03-06', NULL, '2010-09-01', NULL, NULL),
(266, 'Selie', 'Borless', '2024-05-10', NULL, '2010-09-01', NULL, NULL),
(267, 'Barbaraanne', 'O\'Feeny', '2024-03-06', NULL, '1995-09-01', NULL, NULL),
(268, 'Byrann', 'Iffe', '2023-07-05', NULL, '1995-09-01', NULL, NULL),
(269, 'Glendon', 'Kinmond', '2023-06-28', NULL, '1994-09-01', NULL, NULL),
(270, 'Farley', 'Human', '2023-12-13', NULL, '1999-09-01', NULL, NULL),
(271, 'Ethelred', 'Ledrun', '2024-02-10', NULL, '2008-09-01', NULL, NULL),
(272, 'Sharla', 'Cruden', '2023-11-26', NULL, '1999-09-01', NULL, NULL),
(273, 'Avram', 'Forsaith', '2023-12-21', NULL, '1995-09-01', NULL, NULL),
(274, 'Theodosia', 'Kinrade', '2023-09-02', NULL, '1978-09-01', NULL, NULL),
(275, 'Karl', 'Burkhill', '2023-06-17', NULL, '2010-09-01', NULL, NULL),
(276, 'Sybila', 'Knowling', '2023-12-13', NULL, '2010-09-01', NULL, NULL),
(277, 'Ericka', 'Poulden', '2024-01-08', NULL, '2012-09-01', NULL, NULL),
(278, 'Ari', 'Vipan', '2023-07-24', NULL, '2004-09-01', NULL, NULL),
(279, 'Derby', 'Brilon', '2023-08-02', NULL, '1984-09-01', NULL, NULL),
(280, 'Any', 'Wardley', '2023-08-12', NULL, '2009-09-01', NULL, NULL),
(281, 'Bradford', 'Rossborough', '2023-07-14', NULL, '1996-09-01', NULL, NULL),
(282, 'Pierre', 'Whitelock', '2023-11-09', NULL, '2011-09-01', NULL, NULL),
(283, 'Zia', 'Dudhill', '2023-07-06', NULL, '2011-09-01', NULL, NULL),
(284, 'Dianna', 'Renwick', '2024-01-05', NULL, '1994-09-01', NULL, NULL),
(285, 'Maure', 'Bischop', '2023-11-24', NULL, '2007-09-01', NULL, NULL),
(286, 'Rosamond', 'Iglesias', '2023-05-29', NULL, '2011-09-01', NULL, NULL),
(287, 'Matthaeus', 'Rain', '2024-03-28', NULL, '2009-09-01', NULL, NULL),
(288, 'Doris', 'Moreland', '2023-07-28', NULL, '1998-09-01', NULL, NULL),
(289, 'Gerry', 'Sallan', '2024-03-30', NULL, '1987-09-01', NULL, NULL),
(290, 'Trueman', 'Johnston', '2023-09-21', NULL, '2007-09-01', NULL, NULL),
(291, 'Pinchas', 'Arnaez', '2024-05-14', NULL, '1996-09-01', NULL, NULL),
(292, 'Simone', 'McGivena', '2023-06-08', NULL, '1978-09-01', NULL, NULL),
(293, 'Marylinda', 'Esterbrook', '2024-04-16', NULL, '2004-09-01', NULL, NULL),
(294, 'Johny', 'Tunnicliff', '2023-09-18', NULL, '2001-09-01', NULL, NULL),
(295, 'Emmerich', 'Benyan', '2023-07-11', NULL, '1992-09-01', NULL, NULL),
(296, 'Sybila', 'Watting', '2023-08-05', NULL, '1994-09-01', NULL, NULL),
(297, 'Morey', 'Kayzer', '2023-10-27', NULL, '1993-09-01', NULL, NULL),
(298, 'Dalt', 'Durante', '2023-06-27', NULL, '1984-09-01', NULL, NULL),
(299, 'Jannel', 'Hartle', '2023-10-03', NULL, '1993-09-01', NULL, NULL),
(300, 'Robbert', 'Maceur', '2023-07-08', NULL, '2005-09-01', NULL, NULL),
(301, 'Amata', 'Vye', '2024-05-09', NULL, '1992-09-01', NULL, NULL),
(302, 'Alicea', 'Hammerberg', '2023-12-02', NULL, '2010-09-01', NULL, NULL),
(303, 'Arly', 'Studholme', '2023-10-22', NULL, '1998-09-01', NULL, NULL),
(304, 'Glen', 'Godon', '2024-04-02', NULL, '2008-09-01', NULL, NULL),
(305, 'Ciro', 'MacNess', '2024-04-16', NULL, '2008-09-01', NULL, NULL),
(306, 'Carmine', 'Reimer', '2024-04-27', NULL, '1999-09-01', NULL, NULL),
(307, 'Ward', 'Gouldbourn', '2023-06-11', NULL, '2008-09-01', NULL, NULL),
(308, 'Amy', 'Gledhill', '2023-06-05', NULL, '1993-09-01', NULL, NULL),
(309, 'Glenn', 'Runchman', '2024-04-30', NULL, '1976-09-01', NULL, NULL),
(310, 'Walton', 'Wandrey', '2023-09-04', NULL, '1995-09-01', NULL, NULL),
(311, 'Saul', 'Newport', '2023-06-22', NULL, '1968-09-01', NULL, NULL),
(312, 'Benyamin', 'Standfield', '2024-01-21', NULL, '1991-09-01', NULL, NULL),
(313, 'Mata', 'Bains', '2024-04-20', NULL, '2008-09-01', NULL, NULL),
(314, 'Fernando', 'Treweek', '2023-06-07', NULL, '1992-09-01', NULL, NULL),
(315, 'Vick', 'Howe', '2024-05-03', NULL, '2006-09-01', NULL, NULL),
(316, 'Val', 'Sigart', '2023-10-10', NULL, '2003-09-01', NULL, NULL),
(317, 'Catarina', 'Arbon', '2023-08-10', NULL, '2012-09-01', NULL, NULL),
(318, 'Thibaut', 'Davidson', '2024-02-02', NULL, '2011-09-01', NULL, NULL),
(319, 'Rochette', 'Davers', '2023-11-10', NULL, '1994-09-01', NULL, NULL),
(320, 'Lyon', 'Quenby', '2024-04-20', NULL, '2004-09-01', NULL, NULL),
(321, 'Reider', 'Farden', '2023-08-06', NULL, '2006-09-01', NULL, NULL),
(322, 'Thornie', 'Swettenham', '2023-06-03', NULL, '2008-09-01', NULL, NULL),
(323, 'Carol-jean', 'McBayne', '2023-10-10', NULL, '2010-09-01', NULL, NULL),
(324, 'Christa', 'Frackiewicz', '2024-01-11', NULL, '2004-09-01', NULL, NULL),
(325, 'Bobette', 'Rishworth', '2023-06-01', NULL, '1986-09-01', NULL, NULL),
(326, 'Lea', 'Wheatman', '2023-12-03', NULL, '1997-09-01', NULL, NULL),
(327, 'Guillermo', 'Overnell', '2023-08-01', NULL, '1996-09-01', NULL, NULL),
(328, 'Patric', 'Chable', '2024-05-14', NULL, '1998-09-01', NULL, NULL),
(329, 'Lelia', 'Scranny', '2024-01-13', NULL, '1992-09-01', NULL, NULL),
(330, 'Chan', 'Bachelar', '2023-09-16', NULL, '2007-09-01', NULL, NULL),
(331, 'Berti', 'Paskerful', '2023-08-30', NULL, '2006-09-01', NULL, NULL),
(332, 'Rubina', 'Twinning', '2023-11-26', NULL, '2007-09-01', NULL, NULL),
(333, 'Sidoney', 'Kunkel', '2023-11-15', NULL, '2002-09-01', NULL, NULL),
(334, 'Florencia', 'Bellam', '2024-01-20', NULL, '2003-09-01', NULL, NULL),
(335, 'Lee', 'Placidi', '2023-06-06', NULL, '2005-09-01', NULL, NULL),
(336, 'Alleen', 'Cuer', '2024-02-19', NULL, '1988-09-01', NULL, NULL),
(337, 'Norene', 'Rorke', '2023-09-24', NULL, '2003-09-01', NULL, NULL),
(338, 'Carin', 'McGrey', '2023-07-18', NULL, '2010-09-01', NULL, NULL),
(339, 'Gareth', 'Lantuff', '2023-06-10', NULL, '2009-09-01', NULL, NULL),
(340, 'Isabelle', 'Fishe', '2023-07-24', NULL, '2000-09-01', NULL, NULL),
(341, 'Zorana', 'Wait', '2023-12-07', NULL, '2004-09-01', NULL, NULL),
(342, 'Shaylah', 'Conichie', '2023-07-07', NULL, '1998-09-01', NULL, NULL),
(343, 'Dael', 'Mimmack', '2023-10-29', NULL, '1976-09-01', NULL, NULL),
(344, 'Darbie', 'Shambrooke', '2023-10-27', NULL, '1990-09-01', NULL, NULL),
(345, 'Selle', 'Ranyard', '2024-03-26', NULL, '2010-09-01', NULL, NULL),
(346, 'Renaud', 'Gildersleaves', '2023-06-15', NULL, '1995-09-01', NULL, NULL),
(347, 'Jacki', 'Mathevet', '2023-11-09', NULL, '2001-09-01', NULL, NULL),
(348, 'Clarey', 'Oxby', '2024-01-18', NULL, '1994-09-01', NULL, NULL),
(349, 'Erroll', 'Benam', '2024-03-12', NULL, '2008-09-01', NULL, NULL),
(350, 'Tanney', 'Cursey', '2023-11-07', NULL, '2004-09-01', NULL, NULL),
(351, 'Gwynne', 'McGerr', '2023-10-30', NULL, '2009-09-01', NULL, NULL),
(352, 'Elke', 'Yukhtin', '2024-04-21', NULL, '1995-09-01', NULL, NULL),
(353, 'Lester', 'Villar', '2023-08-04', NULL, '1984-09-01', NULL, NULL),
(354, 'Molli', 'Duchesne', '2024-05-15', NULL, '2012-09-01', NULL, NULL),
(355, 'Lesya', 'Hestrop', '2024-03-10', NULL, '2012-09-01', NULL, NULL),
(356, 'Raina', 'Ryding', '2023-12-13', NULL, '2010-09-01', NULL, NULL),
(357, 'Ive', 'Haryngton', '2023-11-06', NULL, '2010-09-01', NULL, NULL),
(358, 'Care', 'Meins', '2023-12-06', NULL, '1959-09-01', NULL, NULL),
(359, 'Dayle', 'Benger', '2024-01-28', NULL, '2002-09-01', NULL, NULL),
(360, 'Kayley', 'Coleby', '2024-01-22', NULL, '1990-09-01', NULL, NULL),
(361, 'Cathy', 'Mazella', '2023-08-05', NULL, '1993-09-01', NULL, NULL),
(362, 'Lori', 'Papachristophorou', '2023-10-08', NULL, '1972-09-01', NULL, NULL),
(363, 'Christian', 'Phillp', '2023-09-06', NULL, '1997-09-01', NULL, NULL),
(364, 'Bryan', 'Shoosmith', '2024-02-19', NULL, '1999-09-01', NULL, NULL),
(365, 'Alister', 'Pracy', '2024-01-28', NULL, '1997-09-01', NULL, NULL),
(366, 'Norman', 'Dallinder', '2023-10-09', NULL, '1989-09-01', NULL, NULL),
(367, 'Christean', 'Blything', '2023-09-17', NULL, '1986-09-01', NULL, NULL),
(368, 'Hussein', 'Bausmann', '2023-10-07', NULL, '2004-09-01', NULL, NULL),
(369, 'Carolina', 'Lindroos', '2023-07-08', NULL, '1996-09-01', NULL, NULL),
(370, 'Max', 'Thornhill', '2024-02-06', NULL, '1993-09-01', NULL, NULL),
(371, 'Dirk', 'Sirett', '2023-08-13', NULL, '2011-09-01', NULL, NULL),
(372, 'Darcie', 'Pfeuffer', '2024-05-18', NULL, '2000-09-01', NULL, NULL),
(373, 'Lexi', 'Cattellion', '2023-09-01', NULL, '2000-09-01', NULL, NULL),
(374, 'Maddy', 'Devey', '2023-12-11', NULL, '1995-09-01', NULL, NULL),
(375, 'Robby', 'Beckers', '2023-10-26', NULL, '1995-09-01', NULL, NULL),
(376, 'Ruthi', 'Schnitter', '2023-11-15', NULL, '2010-09-01', NULL, NULL),
(377, 'Grange', 'Artharg', '2024-01-21', NULL, '2009-09-01', NULL, NULL),
(378, 'Birdie', 'Rickerby', '2024-04-09', NULL, '1995-09-01', NULL, NULL),
(379, 'Joann', 'Leighfield', '2024-05-16', NULL, '2006-09-01', NULL, NULL),
(380, 'Kathy', 'Rewan', '2023-12-09', NULL, '2003-09-01', NULL, NULL),
(381, 'Doro', 'Horbart', '2024-03-30', NULL, '2006-09-01', NULL, NULL),
(382, 'Carlynn', 'Gallop', '2023-07-21', NULL, '2010-09-01', NULL, NULL),
(383, 'Tonye', 'Wallsworth', '2024-02-28', NULL, '1990-09-01', NULL, NULL),
(384, 'Martica', 'Larkworthy', '2024-03-17', NULL, '2008-09-01', NULL, NULL),
(385, 'Holden', 'Hackley', '2023-12-28', NULL, '2006-09-01', NULL, NULL),
(386, 'Dean', 'Dowman', '2023-07-10', NULL, '2009-09-01', NULL, NULL),
(387, 'Donelle', 'Daud', '2023-10-23', NULL, '2011-09-01', NULL, NULL),
(388, 'Dallas', 'Clutton', '2023-12-22', NULL, '2000-09-01', NULL, NULL),
(389, 'Roddy', 'Billington', '2024-04-20', NULL, '2009-09-01', NULL, NULL),
(390, 'Kearney', 'Britney', '2023-05-27', NULL, '1992-09-01', NULL, NULL),
(391, 'Jobie', 'Haldane', '2024-01-20', NULL, '1998-09-01', NULL, NULL),
(392, 'Joel', 'Kitchiner', '2023-12-20', NULL, '2009-09-01', NULL, NULL),
(393, 'Maia', 'Broadwell', '2024-02-09', NULL, '2003-09-01', NULL, NULL),
(394, 'Hoyt', 'Rumford', '2023-06-27', NULL, '2003-09-01', NULL, NULL),
(395, 'Jasmine', 'Hertwell', '2024-02-14', NULL, '1991-09-01', NULL, NULL),
(396, 'Trudey', 'Chittie', '2023-10-06', NULL, '2005-09-01', NULL, NULL),
(397, 'Roselle', 'Passingham', '2023-09-09', NULL, '2002-09-01', NULL, NULL),
(398, 'Renato', 'Bexley', '2023-11-22', NULL, '2003-09-01', NULL, NULL),
(399, 'Rebeca', 'Alejo', '2023-12-13', NULL, '2001-09-01', NULL, NULL),
(400, 'Garland', 'Wernher', '2023-08-31', NULL, '2012-09-01', NULL, NULL),
(401, 'Adelina', 'Woollaston', '2024-02-17', NULL, '2002-09-01', NULL, NULL),
(402, 'Dre', 'Dmitrievski', '2023-07-19', NULL, '2009-09-01', NULL, NULL),
(403, 'Casi', 'Caught', '2023-10-21', NULL, '1994-09-01', NULL, NULL),
(404, 'Wainwright', 'Dubs', '2023-08-29', NULL, '1989-09-01', NULL, NULL),
(405, 'Dyanne', 'De Bischof', '2023-12-09', NULL, '1995-09-01', NULL, NULL),
(406, 'Shannen', 'Meus', '2023-11-25', NULL, '2005-09-01', NULL, NULL),
(407, 'Clarence', 'Bamsey', '2024-01-17', NULL, '2001-09-01', NULL, NULL),
(408, 'Roselle', 'Odger', '2024-01-05', NULL, '1999-09-01', NULL, NULL),
(409, 'Elwyn', 'Fenelon', '2024-02-26', NULL, '2010-09-01', NULL, NULL),
(410, 'Levi', 'Klimentov', '2023-11-23', NULL, '1998-09-01', NULL, NULL),
(411, 'Lanni', 'Lethley', '2024-02-10', NULL, '1997-09-01', NULL, NULL),
(412, 'Nixie', 'Mead', '2024-03-26', NULL, '2000-09-01', NULL, NULL),
(413, 'Joceline', 'Poznan', '2023-05-30', NULL, '1999-09-01', NULL, NULL),
(414, 'Roxy', 'Durie', '2024-01-28', NULL, '1995-09-01', NULL, NULL),
(415, 'Salli', 'Chaffe', '2023-12-16', NULL, '2013-09-01', NULL, NULL),
(416, 'Arte', 'Strongitharm', '2023-07-08', NULL, '2007-09-01', NULL, NULL),
(417, 'Isac', 'Paynton', '2023-11-29', NULL, '2007-09-01', NULL, NULL),
(418, 'Maria', 'Kielt', '2024-03-21', NULL, '2007-09-01', NULL, NULL),
(419, 'Bellanca', 'Simants', '2023-09-13', NULL, '1997-09-01', NULL, NULL),
(420, 'Kelcey', 'Fasler', '2024-04-22', NULL, '2000-09-01', NULL, NULL),
(421, 'Benjy', 'Kachel', '2023-07-27', NULL, '2003-09-01', NULL, NULL),
(422, 'Morena', 'Leuren', '2023-12-31', NULL, '2001-09-01', NULL, NULL),
(423, 'Lonni', 'Springett', '2023-06-29', NULL, '1998-09-01', NULL, NULL),
(424, 'Troy', 'Rapsey', '2024-03-15', NULL, '1985-09-01', NULL, NULL),
(425, 'Kayne', 'Petrakov', '2024-04-27', NULL, '1995-09-01', NULL, NULL),
(426, 'Lyndsay', 'Hanney', '2023-07-16', NULL, '2010-09-01', NULL, NULL),
(427, 'Neila', 'Elson', '2024-04-13', NULL, '1994-09-01', NULL, NULL),
(428, 'Jess', 'Klimochkin', '2023-12-26', NULL, '2005-09-01', NULL, NULL),
(429, 'Wolfgang', 'McGuckin', '2024-01-30', NULL, '1985-09-01', NULL, NULL),
(430, 'Letty', 'Ciccarelli', '2024-01-07', NULL, '2012-09-01', NULL, NULL),
(431, 'Giana', 'Sansome', '2023-07-04', NULL, '2004-09-01', NULL, NULL),
(432, 'Roshelle', 'Darwood', '2023-12-12', NULL, '2008-09-01', NULL, NULL),
(433, 'Winnifred', 'Seegar', '2023-09-09', NULL, '2006-09-01', NULL, NULL),
(434, 'Adi', 'Dalliwatr', '2024-01-10', NULL, '1999-09-01', NULL, NULL),
(435, 'Keith', 'Allchin', '2023-08-19', NULL, '2003-09-01', NULL, NULL),
(436, 'Aubrey', 'Medlin', '2024-03-23', NULL, '2005-09-01', NULL, NULL),
(437, 'Haleigh', 'Gauche', '2024-01-11', NULL, '2011-09-01', NULL, NULL),
(438, 'Shellie', 'Boosey', '2023-12-02', NULL, '2000-09-01', NULL, NULL),
(439, 'Valentijn', 'Balassi', '2023-07-27', NULL, '1997-09-01', NULL, NULL),
(440, 'Jenine', 'Disdel', '2023-11-03', NULL, '1998-09-01', NULL, NULL),
(441, 'Fredelia', 'Waslin', '2024-04-03', NULL, '1985-09-01', NULL, NULL),
(442, 'Cortie', 'Bolingbroke', '2023-12-06', NULL, '2006-09-01', NULL, NULL),
(443, 'Ellissa', 'Ivett', '2023-09-02', NULL, '2007-09-01', NULL, NULL),
(444, 'Constantine', 'Nibley', '2024-02-04', NULL, '2004-09-01', NULL, NULL),
(445, 'Jayme', 'Kubik', '2024-03-04', NULL, '2004-09-01', NULL, NULL),
(446, 'Ailis', 'Spradbery', '2023-11-14', NULL, '1998-09-01', NULL, NULL),
(447, 'Gretchen', 'De Blasio', '2023-09-08', NULL, '1967-09-01', NULL, NULL),
(448, 'Antons', 'Becraft', '2023-06-09', NULL, '2004-09-01', NULL, NULL),
(449, 'Corey', 'Muckersie', '2023-12-19', NULL, '2007-09-01', NULL, NULL),
(450, 'Clemmie', 'Berzin', '2023-08-16', NULL, '2006-09-01', NULL, NULL),
(451, 'Inness', 'Bassil', '2024-03-20', NULL, '1984-09-01', NULL, NULL),
(452, 'Tim', 'Crauford', '2023-08-12', NULL, '2008-09-01', NULL, NULL),
(453, 'Carly', 'Croson', '2023-09-04', NULL, '1992-09-01', NULL, NULL),
(454, 'Evvy', 'Delort', '2023-11-22', NULL, '1994-09-01', NULL, NULL),
(455, 'Eli', 'Ranns', '2024-02-25', NULL, '1994-09-01', NULL, NULL),
(456, 'Jacquelynn', 'Lundberg', '2024-05-26', NULL, '2011-09-01', NULL, NULL),
(457, 'Marrissa', 'Tarbett', '2024-04-07', NULL, '1984-09-01', NULL, NULL),
(458, 'Archambault', 'Loxley', '2023-07-28', NULL, '1998-09-01', NULL, NULL),
(459, 'Logan', 'Hinckes', '2023-12-28', NULL, '1997-09-01', NULL, NULL),
(460, 'Gaynor', 'Olrenshaw', '2023-06-16', NULL, '2001-09-01', NULL, NULL),
(461, 'Daron', 'Haysman', '2024-03-23', NULL, '2002-09-01', NULL, NULL),
(462, 'Nancey', 'Bezzant', '2023-09-19', NULL, '2007-09-01', NULL, NULL),
(463, 'Obidiah', 'Fonzone', '2023-07-02', NULL, '1989-09-01', NULL, NULL),
(464, 'Abba', 'Smithe', '2024-01-29', NULL, '1994-09-01', NULL, NULL),
(465, 'Zena', 'Merck', '2023-07-29', NULL, '1982-09-01', NULL, NULL),
(466, 'Ivie', 'Postlethwaite', '2023-12-24', NULL, '2011-09-01', NULL, NULL),
(467, 'Tabbatha', 'Feldbrin', '2023-08-24', NULL, '1993-09-01', NULL, NULL),
(468, 'Lavena', 'Dudney', '2023-10-04', NULL, '2005-09-01', NULL, NULL),
(469, 'Wynn', 'McKeurtan', '2024-04-12', NULL, '2008-09-01', NULL, NULL),
(470, 'Adrianna', 'Garret', '2023-11-10', NULL, '2011-09-01', NULL, NULL),
(471, 'Alisun', 'Prattin', '2023-07-22', NULL, '2004-09-01', NULL, NULL),
(472, 'Donia', 'Jovis', '2024-03-11', NULL, '1992-09-01', NULL, NULL),
(473, 'Adiana', 'Ashard', '2023-11-06', NULL, '2009-09-01', NULL, NULL),
(474, 'Mitchael', 'Murdie', '2023-07-18', NULL, '1993-09-01', NULL, NULL),
(475, 'Codee', 'Self', '2024-02-18', NULL, '2001-09-01', NULL, NULL),
(476, 'Angelia', 'Hodjetts', '2023-05-29', NULL, '2006-09-01', NULL, NULL),
(477, 'Terencio', 'Schlagh', '2023-07-05', NULL, '1993-09-01', NULL, NULL),
(478, 'Jaine', 'Lloyds', '2023-07-28', NULL, '2002-09-01', NULL, NULL),
(479, 'Cortney', 'Silwood', '2023-11-13', NULL, '2009-09-01', NULL, NULL),
(480, 'Amargo', 'Norsworthy', '2024-04-25', NULL, '2006-09-01', NULL, NULL),
(481, 'Price', 'O\' Reagan', '2023-11-26', NULL, '2007-09-01', NULL, NULL),
(482, 'Skipper', 'de Vaen', '2023-10-03', NULL, '2007-09-01', NULL, NULL),
(483, 'Yvon', 'Davitt', '2023-10-05', NULL, '2002-09-01', NULL, NULL),
(484, 'Aron', 'Heale', '2024-03-31', NULL, '2004-09-01', NULL, NULL),
(485, 'Bobette', 'Spalton', '2023-10-07', NULL, '1992-09-01', NULL, NULL),
(486, 'Fanechka', 'Peltz', '2023-09-16', NULL, '1998-09-01', NULL, NULL),
(487, 'Travers', 'Reach', '2023-11-11', NULL, '2002-09-01', NULL, NULL),
(488, 'Ade', 'Glanister', '2024-04-15', NULL, '2004-09-01', NULL, NULL),
(489, 'Ax', 'Westhead', '2023-06-06', NULL, '2011-09-01', NULL, NULL),
(490, 'Shelton', 'Legges', '2024-04-29', NULL, '1995-09-01', NULL, NULL),
(491, 'Shelagh', 'O\'Hartnett', '2023-07-26', NULL, '1993-09-01', NULL, NULL),
(492, 'Tabor', 'Fylan', '2023-11-24', NULL, '2011-09-01', NULL, NULL),
(493, 'Jedidiah', 'Slaymaker', '2023-12-26', NULL, '2009-09-01', NULL, NULL),
(494, 'Vale', 'Rallings', '2024-05-22', NULL, '1995-09-01', NULL, NULL),
(495, 'Royce', 'Mowsdell', '2024-03-12', NULL, '2002-09-01', NULL, NULL),
(496, 'Roth', 'Elsegood', '2024-04-25', NULL, '1988-09-01', NULL, NULL),
(497, 'Melva', 'Bril', '2023-06-13', NULL, '1998-09-01', NULL, NULL),
(498, 'Kathrine', 'Sherratt', '2024-04-04', NULL, '2000-09-01', NULL, NULL),
(499, 'Averyl', 'Sautter', '2023-10-18', NULL, '2001-09-01', NULL, NULL),
(500, 'Sarine', 'Offer', '2023-07-13', NULL, '2009-09-01', NULL, NULL),
(501, 'Tatum', 'Pavy', '2024-01-20', NULL, '2006-09-01', NULL, NULL),
(502, 'Michail', 'Colegrove', '2023-06-10', NULL, '1993-09-01', NULL, NULL),
(503, 'Kirby', 'Dudman', '2024-04-15', NULL, '1985-09-01', NULL, NULL),
(504, 'Alessandra', 'Hoppner', '2023-09-09', NULL, '2006-09-01', NULL, NULL),
(505, 'Evin', 'Bigly', '2023-12-28', NULL, '1998-09-01', NULL, NULL),
(506, 'Quent', 'Dallas', '2023-12-20', NULL, '1967-09-01', NULL, NULL),
(507, 'Mikael', 'Vause', '2023-09-08', NULL, '2001-09-01', NULL, NULL),
(508, 'Yetta', 'Simmig', '2024-02-25', NULL, '2011-09-01', NULL, NULL),
(509, 'Harli', 'Le Monnier', '2023-10-31', NULL, '2009-09-01', NULL, NULL),
(510, 'Etienne', 'Whitecross', '2023-12-22', NULL, '2006-09-01', NULL, NULL),
(511, 'Stu', 'Twentyman', '2024-05-12', NULL, '1997-09-01', NULL, NULL),
(512, 'Zsa zsa', 'Fergyson', '2024-03-28', NULL, '1992-09-01', NULL, NULL),
(513, 'Wilie', 'Grumble', '2024-03-24', NULL, '1986-09-01', NULL, NULL),
(514, 'Blayne', 'Bettaney', '2024-04-12', NULL, '2012-09-01', NULL, NULL),
(515, 'Georgia', 'Rattenbury', '2023-08-08', NULL, '2004-09-01', NULL, NULL),
(516, 'Vladimir', 'Pfiffer', '2023-07-31', NULL, '2001-09-01', NULL, NULL),
(517, 'Katlin', 'Romke', '2023-08-07', NULL, '2008-09-01', NULL, NULL),
(518, 'Gavan', 'Farlham', '2023-08-24', NULL, '2008-09-01', NULL, NULL),
(519, 'Harriet', 'McCreagh', '2023-07-30', NULL, '2011-09-01', NULL, NULL),
(520, 'Phyllida', 'Bottinelli', '2023-09-06', NULL, '2010-09-01', NULL, NULL),
(521, 'Kaila', 'Wakefield', '2023-10-30', NULL, '1964-09-01', NULL, NULL),
(522, 'Kerri', 'Kingsworth', '2023-09-11', NULL, '1996-09-01', NULL, NULL),
(523, 'Ingaborg', 'Darleston', '2023-10-01', NULL, '2000-09-01', NULL, NULL),
(524, 'Tilly', 'Hiom', '2023-11-28', NULL, '1987-09-01', NULL, NULL),
(525, 'Cordy', 'Sheward', '2024-02-17', NULL, '1999-09-01', NULL, NULL),
(526, 'Babbette', 'Sammes', '2023-11-21', NULL, '1999-09-01', NULL, NULL),
(527, 'Ernesto', 'Brussels', '2023-12-01', NULL, '1992-09-01', NULL, NULL),
(528, 'Geri', 'Gove', '2023-07-26', NULL, '1997-09-01', NULL, NULL),
(529, 'Lia', 'Sidary', '2023-06-26', NULL, '1994-09-01', NULL, NULL),
(530, 'Sanderson', 'Stelfox', '2024-03-04', NULL, '2004-09-01', NULL, NULL),
(531, 'Payton', 'Walwood', '2024-03-02', NULL, '2005-09-01', NULL, NULL),
(532, 'Jada', 'Izsak', '2023-11-03', NULL, '2012-09-01', NULL, NULL),
(533, 'Anet', 'Axcell', '2023-09-30', NULL, '2006-09-01', NULL, NULL),
(534, 'Cordie', 'Choudhury', '2023-07-12', NULL, '2009-09-01', NULL, NULL),
(535, 'Trix', 'Thoresby', '2023-06-07', NULL, '1998-09-01', NULL, NULL),
(536, 'Thadeus', 'Morant', '2024-01-20', NULL, '2009-09-01', NULL, NULL),
(537, 'Pepita', 'Sine', '2023-08-20', NULL, '1990-09-01', NULL, NULL),
(538, 'Sabina', 'Riche', '2024-01-10', NULL, '1993-09-01', NULL, NULL),
(539, 'Stanleigh', 'Castangia', '2024-03-16', NULL, '1994-09-01', NULL, NULL),
(540, 'Myrvyn', 'Soldner', '2024-03-15', NULL, '1991-09-01', NULL, NULL),
(541, 'Ola', 'Yearby', '2024-05-02', NULL, '2007-09-01', NULL, NULL),
(542, 'Halsy', 'Doveston', '2024-03-06', NULL, '2010-09-01', NULL, NULL),
(543, 'Filide', 'Verryan', '2023-06-05', NULL, '2012-09-01', NULL, NULL),
(544, 'Smith', 'Norkett', '2023-08-27', NULL, '1995-09-01', NULL, NULL),
(545, 'Johanna', 'Sarfass', '2024-04-26', NULL, '2003-09-01', NULL, NULL),
(546, 'Lorenzo', 'Gibby', '2023-11-25', NULL, '2009-09-01', NULL, NULL),
(547, 'Beau', 'Iacobetto', '2023-08-06', NULL, '2011-09-01', NULL, NULL),
(548, 'Cedric', 'Volet', '2024-02-16', NULL, '1998-09-01', NULL, NULL),
(549, 'Asher', 'Diess', '2023-06-28', NULL, '2009-09-01', NULL, NULL),
(550, 'Loria', 'Coxall', '2023-12-04', NULL, '1995-09-01', NULL, NULL),
(551, 'Daffy', 'Nodes', '2024-05-25', NULL, '2013-09-01', NULL, NULL),
(552, 'Alice', 'Ruggieri', '2024-02-11', NULL, '2006-09-01', NULL, NULL),
(553, 'Dorotea', 'Lanney', '2023-11-22', NULL, '2002-09-01', NULL, NULL),
(554, 'Lynea', 'Chinery', '2024-03-02', NULL, '2006-09-01', NULL, NULL),
(555, 'Hugh', 'Symms', '2023-06-13', NULL, '1999-09-01', NULL, NULL),
(556, 'Amargo', 'Roser', '2024-02-16', NULL, '1990-09-01', NULL, NULL),
(557, 'Jacqui', 'Joddins', '2023-07-10', NULL, '1993-09-01', NULL, NULL),
(558, 'Tobye', 'Owen', '2024-02-07', NULL, '2005-09-01', NULL, NULL),
(559, 'Dennison', 'Ogus', '2024-05-11', NULL, '2007-09-01', NULL, NULL),
(560, 'Raddy', 'Silley', '2023-07-30', NULL, '2005-09-01', NULL, NULL),
(561, 'Alon', 'Trees', '2024-02-05', NULL, '2012-09-01', NULL, NULL),
(562, 'Gaultiero', 'Geraldo', '2024-01-24', NULL, '2004-09-01', NULL, NULL),
(563, 'Esmaria', 'Codi', '2023-11-06', NULL, '2008-09-01', NULL, NULL),
(564, 'Roscoe', 'Lawful', '2023-07-24', NULL, '1994-09-01', NULL, NULL),
(565, 'Cobby', 'MacIlwrick', '2023-10-21', NULL, '1991-09-01', NULL, NULL),
(566, 'Kaycee', 'Lorenzetti', '2023-09-16', NULL, '1995-09-01', NULL, NULL),
(567, 'Mercie', 'Balden', '2023-06-07', NULL, '1986-09-01', NULL, NULL),
(568, 'Bari', 'Greir', '2023-12-26', NULL, '1965-09-01', NULL, NULL),
(569, 'Benson', 'Tapper', '2024-02-13', NULL, '2010-09-01', NULL, NULL),
(570, 'Virgie', 'Baudoux', '2024-01-10', NULL, '1998-09-01', NULL, NULL),
(571, 'Natal', 'Cadwallader', '2023-11-30', NULL, '2013-09-01', NULL, NULL),
(572, 'Harv', 'Feeham', '2023-12-30', NULL, '1997-09-01', NULL, NULL),
(573, 'Mordy', 'Conman', '2023-12-15', NULL, '2009-09-01', NULL, NULL),
(574, 'Whit', 'Spritt', '2023-10-11', NULL, '1999-09-01', NULL, NULL),
(575, 'Stanford', 'Danter', '2023-11-06', NULL, '2001-09-01', NULL, NULL),
(576, 'Bartie', 'Tortoishell', '2024-01-04', NULL, '2006-09-01', NULL, NULL),
(577, 'Robers', 'Soeiro', '2023-09-08', NULL, '2004-09-01', NULL, NULL),
(578, 'Randal', 'Gariff', '2024-03-16', NULL, '2009-09-01', NULL, NULL),
(579, 'Crysta', 'Laviss', '2023-08-08', NULL, '2005-09-01', NULL, NULL),
(580, 'Howard', 'Figgins', '2023-09-10', NULL, '2009-09-01', NULL, NULL),
(581, 'Selina', 'Dauby', '2023-10-07', NULL, '2003-09-01', NULL, NULL),
(582, 'Julie', 'Kidds', '2023-10-06', NULL, '1986-09-01', NULL, NULL),
(583, 'Shae', 'Bodimeade', '2023-12-12', NULL, '2008-09-01', NULL, NULL),
(584, 'Lyndsie', 'Robb', '2024-03-18', NULL, '2000-09-01', NULL, NULL),
(585, 'Garvy', 'Cheson', '2024-05-11', NULL, '1996-09-01', NULL, NULL),
(586, 'Sibylle', 'Spanton', '2024-02-10', NULL, '1988-09-01', NULL, NULL),
(587, 'Josiah', 'Orniz', '2024-01-10', NULL, '1997-09-01', NULL, NULL),
(588, 'Roselin', 'Durran', '2023-08-26', NULL, '1994-09-01', NULL, NULL),
(589, 'Ki', 'Ridel', '2024-02-15', NULL, '1994-09-01', NULL, NULL),
(590, 'Margareta', 'Loffel', '2023-07-17', NULL, '1994-09-01', NULL, NULL),
(591, 'Finn', 'Britton', '2023-11-28', NULL, '1997-09-01', NULL, NULL),
(592, 'Hurleigh', 'Straniero', '2024-05-19', NULL, '1993-09-01', NULL, NULL),
(593, 'Esther', 'Wordsworth', '2024-01-28', NULL, '2013-09-01', NULL, NULL),
(594, 'Janenna', 'Brookfield', '2023-09-30', NULL, '1989-09-01', NULL, NULL),
(595, 'Mart', 'Casse', '2024-04-26', NULL, '2003-09-01', NULL, NULL),
(596, 'Vanny', 'Tombleson', '2023-06-20', NULL, '2001-09-01', NULL, NULL),
(597, 'Shelley', 'Marder', '2024-05-22', NULL, '1993-09-01', NULL, NULL),
(598, 'Ange', 'Lamplough', '2023-08-12', NULL, '2005-09-01', NULL, NULL),
(599, 'Ethel', 'Alabaster', '2023-06-24', NULL, '2000-09-01', NULL, NULL),
(600, 'Netti', 'McGovern', '2023-08-07', NULL, '1993-09-01', NULL, NULL),
(601, 'Cleveland', 'Aronson', '2023-08-05', NULL, '1983-09-01', NULL, NULL),
(602, 'Arie', 'Loan', '2024-03-28', NULL, '2003-09-01', NULL, NULL),
(603, 'Lyda', 'Esslement', '2024-05-26', NULL, '2007-09-01', NULL, NULL),
(604, 'Daphne', 'Pavlishchev', '2024-04-12', NULL, '2009-09-01', NULL, NULL),
(605, 'Lolly', 'Seagood', '2024-05-02', NULL, '1997-09-01', NULL, NULL),
(606, 'Dukie', 'Bryceson', '2023-11-14', NULL, '1995-09-01', NULL, NULL),
(607, 'Lizzy', 'Roscrigg', '2024-04-14', NULL, '1999-09-01', NULL, NULL),
(608, 'Christiana', 'Lithcow', '2023-10-07', NULL, '2012-09-01', NULL, NULL),
(609, 'Westbrook', 'Hulk', '2023-07-18', NULL, '1993-09-01', NULL, NULL),
(610, 'Janis', 'Tethacot', '2023-05-31', NULL, '2010-09-01', NULL, NULL),
(611, 'Catina', 'Tynemouth', '2024-04-07', NULL, '1999-09-01', NULL, NULL),
(612, 'Constancia', 'Culver', '2024-03-10', NULL, '1995-09-01', NULL, NULL),
(613, 'Adiana', 'Pedder', '2024-01-25', NULL, '1994-09-01', NULL, NULL),
(614, 'Prue', 'Cready', '2023-11-15', NULL, '1984-09-01', NULL, NULL),
(615, 'Tiphanie', 'Florentine', '2023-11-05', NULL, '1998-09-01', NULL, NULL),
(616, 'Reagen', 'Fowells', '2023-08-04', NULL, '1999-09-01', NULL, NULL),
(617, 'Jammal', 'Macbeth', '2024-02-19', NULL, '1988-09-01', NULL, NULL),
(618, 'Lavena', 'Petrowsky', '2024-05-04', NULL, '1993-09-01', NULL, NULL),
(619, 'Myrta', 'Castelletti', '2023-08-06', NULL, '1992-09-01', NULL, NULL),
(620, 'Grethel', 'Naulls', '2023-10-25', NULL, '2012-09-01', NULL, NULL),
(621, 'Brianne', 'Spofford', '2023-11-18', NULL, '2011-09-01', NULL, NULL),
(622, 'Madella', 'Creese', '2023-10-21', NULL, '2012-09-01', NULL, NULL),
(623, 'Karie', 'Snazel', '2023-07-28', NULL, '1994-09-01', NULL, NULL),
(624, 'Elisa', 'Try', '2023-09-10', NULL, '1989-09-01', NULL, NULL),
(625, 'Garwood', 'Devanny', '2023-08-06', NULL, '2005-09-01', NULL, NULL),
(626, 'Tamiko', 'Emmens', '2023-10-11', NULL, '2003-09-01', NULL, NULL),
(627, 'Killie', 'Mockett', '2023-12-30', NULL, '2003-09-01', NULL, NULL),
(628, 'Krishnah', 'Dowry', '2023-09-09', NULL, '1993-09-01', NULL, NULL),
(629, 'Pierrette', 'Szymon', '2024-02-05', NULL, '2009-09-01', NULL, NULL),
(630, 'Winnie', 'Dyshart', '2023-07-08', NULL, '1998-09-01', NULL, NULL),
(631, 'Cicily', 'O\'Brollachain', '2023-07-18', NULL, '1991-09-01', NULL, NULL),
(632, 'Merlina', 'Luetkemeyers', '2023-09-29', NULL, '2011-09-01', NULL, NULL),
(633, 'Giffard', 'Yeiles', '2023-08-04', NULL, '1992-09-01', NULL, NULL),
(634, 'Adair', 'Younie', '2023-12-04', NULL, '1995-09-01', NULL, NULL),
(635, 'Aline', 'Scarr', '2024-03-15', NULL, '1995-09-01', NULL, NULL),
(636, 'Orville', 'Thorrington', '2023-07-27', NULL, '2008-09-01', NULL, NULL),
(637, 'Averill', 'Collum', '2024-03-09', NULL, '2010-09-01', NULL, NULL),
(638, 'Bartholemy', 'Netherclift', '2024-01-03', NULL, '1992-09-01', NULL, NULL),
(639, 'Sallyann', 'Raffan', '2024-04-17', NULL, '1998-09-01', NULL, NULL),
(640, 'Court', 'O\'Scannill', '2023-08-02', NULL, '1997-09-01', NULL, NULL),
(641, 'Clotilda', 'Galbreth', '2024-02-27', NULL, '1997-09-01', NULL, NULL),
(642, 'Perla', 'Sandford', '2024-05-03', NULL, '1997-09-01', NULL, NULL),
(643, 'Edyth', 'Valasek', '2024-03-21', NULL, '1998-09-01', NULL, NULL),
(644, 'Crystal', 'Sasser', '2023-09-23', NULL, '2005-09-01', NULL, NULL),
(645, 'Basilius', 'Jobbing', '2024-02-28', NULL, '1995-09-01', NULL, NULL),
(646, 'Liesa', 'Garmston', '2024-04-24', NULL, '1989-09-01', NULL, NULL),
(647, 'Billi', 'Esslemont', '2024-01-15', NULL, '1991-09-01', NULL, NULL),
(648, 'Ulrick', 'Goadbie', '2024-04-29', NULL, '2004-09-01', NULL, NULL),
(649, 'Jedediah', 'Inkpen', '2023-08-11', NULL, '2010-09-01', NULL, NULL),
(650, 'Ronni', 'Hriinchenko', '2023-08-28', NULL, '1992-09-01', NULL, NULL),
(651, 'Romonda', 'McGavin', '2023-06-06', NULL, '2006-09-01', NULL, NULL),
(652, 'Forest', 'Manhare', '2024-04-28', NULL, '2004-09-01', NULL, NULL),
(653, 'Alasteir', 'Allberry', '2023-06-10', NULL, '1999-09-01', NULL, NULL),
(654, 'Pietrek', 'McKerton', '2024-02-10', NULL, '1999-09-01', NULL, NULL),
(655, 'Hillel', 'Onthank', '2024-05-24', NULL, '2006-09-01', NULL, NULL),
(656, 'Junia', 'Schwanden', '2024-01-28', NULL, '2007-09-01', NULL, NULL),
(657, 'Ellwood', 'Noraway', '2023-10-04', NULL, '2012-09-01', NULL, NULL),
(658, 'Bernard', 'Ship', '2024-01-05', NULL, '2006-09-01', NULL, NULL),
(659, 'Con', 'Lerwell', '2024-01-23', NULL, '2006-09-01', NULL, NULL),
(660, 'Claude', 'Brooksbie', '2023-09-01', NULL, '1995-09-01', NULL, NULL),
(661, 'Arlina', 'Durdle', '2024-05-24', NULL, '2005-09-01', NULL, NULL),
(662, 'Shandee', 'Littell', '2023-11-16', NULL, '1989-09-01', NULL, NULL),
(663, 'Edythe', 'Skep', '2023-10-08', NULL, '2008-09-01', NULL, NULL),
(664, 'Adriana', 'Shapera', '2024-05-12', NULL, '1997-09-01', NULL, NULL),
(665, 'Averill', 'Piscopiello', '2023-08-04', NULL, '1998-09-01', NULL, NULL),
(666, 'Caritta', 'Ofen', '2024-02-28', NULL, '2002-09-01', NULL, NULL),
(667, 'Elfrida', 'Teague', '2023-08-11', NULL, '1955-09-01', NULL, NULL),
(668, 'Adelina', 'McQuillen', '2024-04-28', NULL, '2006-09-01', NULL, NULL),
(669, 'Carmine', 'Alvarez', '2024-05-15', NULL, '2003-09-01', NULL, NULL),
(670, 'Starlin', 'Berthomier', '2024-03-05', NULL, '2006-09-01', NULL, NULL),
(671, 'Danell', 'Howship', '2024-03-04', NULL, '1994-09-01', NULL, NULL),
(672, 'Darby', 'McAlpine', '2023-11-10', NULL, '1976-09-01', NULL, NULL),
(673, 'Wendy', 'Sogg', '2024-03-02', NULL, '2010-09-01', NULL, NULL),
(674, 'Kathryn', 'Adamovitz', '2023-10-24', NULL, '1995-09-01', NULL, NULL),
(675, 'Sharron', 'Vodden', '2023-07-09', NULL, '2006-09-01', NULL, NULL),
(676, 'Lindsay', 'Fanning', '2024-05-11', NULL, '2004-09-01', NULL, NULL),
(677, 'Jaquenetta', 'De Bernardis', '2024-05-16', NULL, '2012-09-01', NULL, NULL),
(678, 'Nadia', 'Harral', '2024-02-11', NULL, '2005-09-01', NULL, NULL),
(679, 'Caitrin', 'Jenkison', '2023-06-28', NULL, '1995-09-01', NULL, NULL),
(680, 'Lesya', 'Vasyukov', '2023-09-04', NULL, '2006-09-01', NULL, NULL),
(681, 'Lebbie', 'Galilee', '2024-03-11', NULL, '1991-09-01', NULL, NULL),
(682, 'Gwynne', 'Spaduzza', '2023-07-04', NULL, '2000-09-01', NULL, NULL),
(683, 'Timmie', 'Brandle', '2023-08-19', NULL, '2011-09-01', NULL, NULL),
(684, 'Maegan', 'Quidenham', '2024-04-25', NULL, '1993-09-01', NULL, NULL),
(685, 'Ash', 'Pachmann', '2024-02-12', NULL, '2008-09-01', NULL, NULL),
(686, 'Reinald', 'Gerrietz', '2023-12-11', NULL, '2012-09-01', NULL, NULL),
(687, 'Shea', 'Fogt', '2024-03-20', NULL, '2006-09-01', NULL, NULL),
(688, 'Scarface', 'Perroni', '2023-09-12', NULL, '2000-09-01', NULL, NULL),
(689, 'Boyce', 'Duggon', '2023-08-27', NULL, '1987-09-01', NULL, NULL),
(690, 'Shari', 'Giabucci', '2023-09-03', NULL, '2010-09-01', NULL, NULL),
(691, 'Schuyler', 'Fraczek', '2024-02-09', NULL, '2003-09-01', NULL, NULL),
(692, 'Gaylor', 'Taylot', '2024-05-02', NULL, '2002-09-01', NULL, NULL),
(693, 'Carrie', 'Le Marquis', '2023-10-12', NULL, '2009-09-01', NULL, NULL);
INSERT INTO `students` (`id`, `first_name`, `last_name`, `date_of_birth`, `bank_account`, `enrollment_date`, `major`, `national_id`) VALUES
(694, 'Alethea', 'Plowman', '2023-11-21', NULL, '2003-09-01', NULL, NULL),
(695, 'Padget', 'Housen', '2023-09-18', NULL, '2000-09-01', NULL, NULL),
(696, 'Kesley', 'Remington', '2023-11-04', NULL, '2010-09-01', NULL, NULL),
(697, 'Normy', 'Charrett', '2023-09-11', NULL, '2000-09-01', NULL, NULL),
(698, 'Lowell', 'Rosier', '2023-12-26', NULL, '1999-09-01', NULL, NULL),
(699, 'Bertrando', 'Lougheed', '2024-02-10', NULL, '2005-09-01', NULL, NULL),
(700, 'Kirk', 'Potes', '2024-04-08', NULL, '1993-09-01', NULL, NULL),
(701, 'Annabelle', 'Lathleiff', '2023-11-12', NULL, '1988-09-01', NULL, NULL),
(702, 'Katey', 'Eloi', '2024-05-17', NULL, '1999-09-01', NULL, NULL),
(703, 'Karlee', 'Colman', '2024-03-29', NULL, '1995-09-01', NULL, NULL),
(704, 'Livvyy', 'Given', '2023-12-22', NULL, '1999-09-01', NULL, NULL),
(705, 'Antonietta', 'Dunn', '2024-02-20', NULL, '1997-09-01', NULL, NULL),
(706, 'Delia', 'Toppin', '2023-10-22', NULL, '2012-09-01', NULL, NULL),
(707, 'Reine', 'Loblie', '2024-03-21', NULL, '2008-09-01', NULL, NULL),
(708, 'Alie', 'Wildgoose', '2023-10-05', NULL, '2000-09-01', NULL, NULL),
(709, 'Wilie', 'Poland', '2024-04-20', NULL, '2004-09-01', NULL, NULL),
(710, 'Alena', 'McFadden', '2024-01-06', NULL, '1995-09-01', NULL, NULL),
(711, 'Tabb', 'Pain', '2023-09-08', NULL, '2012-09-01', NULL, NULL),
(712, 'Clarence', 'Lambourn', '2024-04-09', NULL, '2004-09-01', NULL, NULL),
(713, 'Robby', 'Bagnold', '2023-11-17', NULL, '2003-09-01', NULL, NULL),
(714, 'Moritz', 'Sumpton', '2023-06-11', NULL, '2010-09-01', NULL, NULL),
(715, 'Seana', 'Fryer', '2023-11-01', NULL, '2006-09-01', NULL, NULL),
(716, 'Jocko', 'Wakley', '2023-12-05', NULL, '2005-09-01', NULL, NULL),
(717, 'Latrina', 'Wanell', '2023-11-02', NULL, '1984-09-01', NULL, NULL),
(718, 'Clayborne', 'Czaja', '2023-07-29', NULL, '2009-09-01', NULL, NULL),
(719, 'Carmelle', 'Huske', '2023-09-01', NULL, '2004-09-01', NULL, NULL),
(720, 'Charyl', 'Vail', '2024-04-11', NULL, '2000-09-01', NULL, NULL),
(721, 'Jefferey', 'Kimbley', '2024-05-24', NULL, '1994-09-01', NULL, NULL),
(722, 'Lizabeth', 'Shenfish', '2024-02-15', NULL, '2010-09-01', NULL, NULL),
(723, 'Eddy', 'Choppin', '2024-04-20', NULL, '1976-09-01', NULL, NULL),
(724, 'Paulette', 'Guierre', '2023-06-26', NULL, '2009-09-01', NULL, NULL),
(725, 'Estrella', 'Ronchetti', '2024-01-15', NULL, '1996-09-01', NULL, NULL),
(726, 'Arv', 'Morena', '2023-08-01', NULL, '2007-09-01', NULL, NULL),
(727, 'Barnebas', 'Marnane', '2024-05-14', NULL, '2007-09-01', NULL, NULL),
(728, 'Alain', 'Wakenshaw', '2023-12-02', NULL, '2010-09-01', NULL, NULL),
(729, 'Hadria', 'Schulter', '2023-10-10', NULL, '2011-09-01', NULL, NULL),
(730, 'Illa', 'Ezzy', '2023-11-24', NULL, '2007-09-01', NULL, NULL),
(731, 'Toby', 'McHugh', '2023-08-19', NULL, '2000-09-01', NULL, NULL),
(732, 'Aimil', 'Orans', '2023-07-11', NULL, '2003-09-01', NULL, NULL),
(733, 'Caril', 'Vost', '2023-07-18', NULL, '2003-09-01', NULL, NULL),
(734, 'Kurtis', 'MacIlraith', '2023-11-15', NULL, '2009-09-01', NULL, NULL),
(735, 'Lexine', 'Werrilow', '2023-08-22', NULL, '2007-09-01', NULL, NULL),
(736, 'Lorrie', 'Gregersen', '2023-08-12', NULL, '1992-09-01', NULL, NULL),
(737, 'Klarrisa', 'Zamorrano', '2023-06-19', NULL, '2007-09-01', NULL, NULL),
(738, 'Kevyn', 'Stillert', '2023-11-05', NULL, '2000-09-01', NULL, NULL),
(739, 'Muhammad', 'Isham', '2023-06-12', NULL, '1987-09-01', NULL, NULL),
(740, 'Spence', 'Toulamain', '2023-12-14', NULL, '2009-09-01', NULL, NULL),
(741, 'Hildagarde', 'Bramhill', '2023-10-02', NULL, '2006-09-01', NULL, NULL),
(742, 'Garnet', 'Sackur', '2023-08-23', NULL, '2005-09-01', NULL, NULL),
(743, 'Alikee', 'Fluger', '2023-12-24', NULL, '2008-09-01', NULL, NULL),
(744, 'Thatch', 'Doggrell', '2024-01-07', NULL, '2003-09-01', NULL, NULL),
(745, 'Tyler', 'Dancy', '2023-10-24', NULL, '1990-09-01', NULL, NULL),
(746, 'Barty', 'Welbrock', '2023-06-07', NULL, '1997-09-01', NULL, NULL),
(747, 'Felic', 'Millington', '2023-07-11', NULL, '2007-09-01', NULL, NULL),
(748, 'Redd', 'Ubsdall', '2024-02-04', NULL, '1967-09-01', NULL, NULL),
(749, 'Issie', 'Beaushaw', '2023-12-22', NULL, '2012-09-01', NULL, NULL),
(750, 'Farr', 'Huddles', '2024-03-30', NULL, '1997-09-01', NULL, NULL),
(751, 'Brandise', 'Evison', '2023-09-29', NULL, '1996-09-01', NULL, NULL),
(752, 'Bria', 'Lawtie', '2023-10-06', NULL, '2004-09-01', NULL, NULL),
(753, 'Bibi', 'Wallbank', '2023-09-24', NULL, '2013-09-01', NULL, NULL),
(754, 'Nickolai', 'Comolli', '2023-10-09', NULL, '1998-09-01', NULL, NULL),
(755, 'Magdalene', 'Bignell', '2023-08-29', NULL, '2011-09-01', NULL, NULL),
(756, 'Husein', 'Limbert', '2024-03-18', NULL, '1993-09-01', NULL, NULL),
(757, 'Moe', 'Honnan', '2023-10-30', NULL, '1999-09-01', NULL, NULL),
(758, 'Briny', 'Witchard', '2024-01-16', NULL, '1994-09-01', NULL, NULL),
(759, 'Petronille', 'Andor', '2024-01-17', NULL, '1995-09-01', NULL, NULL),
(760, 'Belicia', 'Snedker', '2024-03-01', NULL, '2011-09-01', NULL, NULL),
(761, 'Daisi', 'Twining', '2023-09-02', NULL, '2010-09-01', NULL, NULL),
(762, 'Felecia', 'Thonger', '2023-07-26', NULL, '2009-09-01', NULL, NULL),
(763, 'Gretel', 'Ca', '2023-07-05', NULL, '1993-09-01', NULL, NULL),
(764, 'Latisha', 'Clowes', '2023-12-24', NULL, '1996-09-01', NULL, NULL),
(765, 'Maritsa', 'Lounds', '2024-05-23', NULL, '2007-09-01', NULL, NULL),
(766, 'Caritta', 'Tracy', '2023-11-14', NULL, '2008-09-01', NULL, NULL),
(767, 'Quintina', 'Hopkins', '2023-11-02', NULL, '2012-09-01', NULL, NULL),
(768, 'Lorenzo', 'Molnar', '2024-05-19', NULL, '2011-09-01', NULL, NULL),
(769, 'Zonda', 'Orrell', '2024-04-19', NULL, '2007-09-01', NULL, NULL),
(770, 'Hyman', 'Issacoff', '2023-06-03', NULL, '1993-09-01', NULL, NULL),
(771, 'Terri-jo', 'Binder', '2023-10-06', NULL, '2011-09-01', NULL, NULL),
(772, 'Roselin', 'Zuan', '2024-04-23', NULL, '1983-09-01', NULL, NULL),
(773, 'Hew', 'Medcalf', '2023-06-15', NULL, '1996-09-01', NULL, NULL),
(774, 'Romona', 'Gow', '2023-05-27', NULL, '2006-09-01', NULL, NULL),
(775, 'Bridgette', 'Bogges', '2023-08-06', NULL, '1996-09-01', NULL, NULL),
(776, 'Randal', 'Cawte', '2023-10-01', NULL, '1998-09-01', NULL, NULL),
(777, 'Quintana', 'Bunson', '2024-01-09', NULL, '1986-09-01', NULL, NULL),
(778, 'Hestia', 'Clarridge', '2023-07-22', NULL, '1986-09-01', NULL, NULL),
(779, 'Roberto', 'Le Marchant', '2024-04-21', NULL, '2012-09-01', NULL, NULL),
(780, 'Joscelin', 'Slayford', '2023-07-22', NULL, '2009-09-01', NULL, NULL),
(781, 'Randene', 'Embery', '2024-02-03', NULL, '2012-09-01', NULL, NULL),
(782, 'Glen', 'Swetmore', '2023-12-24', NULL, '2002-09-01', NULL, NULL),
(783, 'Stanford', 'Gerbl', '2024-03-14', NULL, '1995-09-01', NULL, NULL),
(784, 'Prue', 'LeEstut', '2024-01-02', NULL, '1994-09-01', NULL, NULL),
(785, 'Kinnie', 'Daskiewicz', '2023-12-21', NULL, '2011-09-01', NULL, NULL),
(786, 'Maxwell', 'Ruzicka', '2023-09-16', NULL, '2009-09-01', NULL, NULL),
(787, 'Ike', 'Segges', '2023-10-21', NULL, '2012-09-01', NULL, NULL),
(788, 'Bellanca', 'Sofe', '2024-05-07', NULL, '2005-09-01', NULL, NULL),
(789, 'Marius', 'Gouda', '2023-06-07', NULL, '2000-09-01', NULL, NULL),
(790, 'Courtnay', 'Faughny', '2023-11-05', NULL, '2002-09-01', NULL, NULL),
(791, 'Roxane', 'Stringfellow', '2023-12-26', NULL, '1994-09-01', NULL, NULL),
(792, 'Derk', 'Ilyinykh', '2023-05-27', NULL, '2006-09-01', NULL, NULL),
(793, 'Addie', 'Gianolini', '2023-06-16', NULL, '2007-09-01', NULL, NULL),
(794, 'Ardene', 'Vallow', '2023-08-11', NULL, '1993-09-01', NULL, NULL),
(795, 'Chandra', 'Towersey', '2023-07-02', NULL, '2004-09-01', NULL, NULL),
(796, 'Jorgan', 'Osgorby', '2023-08-31', NULL, '2006-09-01', NULL, NULL),
(797, 'Florette', 'McClure', '2024-03-31', NULL, '1993-09-01', NULL, NULL),
(798, 'Gabbie', 'Cud', '2023-07-31', NULL, '1996-09-01', NULL, NULL),
(799, 'Lance', 'Effemy', '2024-03-27', NULL, '2000-09-01', NULL, NULL),
(800, 'Yasmeen', 'Lillicrap', '2024-01-30', NULL, '2004-09-01', NULL, NULL),
(801, 'Heinrick', 'Bather', '2023-07-25', NULL, '2007-09-01', NULL, NULL),
(802, 'Gusta', 'Pardy', '2024-02-01', NULL, '2004-09-01', NULL, NULL),
(803, 'Natty', 'Giraldon', '2024-05-12', NULL, '1995-09-01', NULL, NULL),
(804, 'Milka', 'Keijser', '2023-08-28', NULL, '2002-09-01', NULL, NULL),
(805, 'Harman', 'Bevis', '2023-11-29', NULL, '2012-09-01', NULL, NULL),
(806, 'Odell', 'Sodeau', '2023-10-14', NULL, '2012-09-01', NULL, NULL),
(807, 'Alanna', 'Edmonstone', '2024-01-24', NULL, '2011-09-01', NULL, NULL),
(808, 'Any', 'Wing', '2023-11-01', NULL, '2010-09-01', NULL, NULL),
(809, 'Ezmeralda', 'Marde', '2023-08-29', NULL, '1999-09-01', NULL, NULL),
(810, 'Saundra', 'Liddel', '2024-04-02', NULL, '1998-09-01', NULL, NULL),
(811, 'Terencio', 'Adrianello', '2024-02-27', NULL, '2003-09-01', NULL, NULL),
(812, 'Deanne', 'Morrison', '2024-01-13', NULL, '1999-09-01', NULL, NULL),
(813, 'Martica', 'Shorey', '2023-07-10', NULL, '1995-09-01', NULL, NULL),
(814, 'Marty', 'Gebbie', '2023-05-27', NULL, '2005-09-01', NULL, NULL),
(815, 'Letti', 'Cuniffe', '2024-01-07', NULL, '2000-09-01', NULL, NULL),
(816, 'Veronike', 'Inglesant', '2024-05-18', NULL, '2012-09-01', NULL, NULL),
(817, 'Sheri', 'Dykes', '2024-05-18', NULL, '1988-09-01', NULL, NULL),
(818, 'Saxon', 'Wykey', '2023-08-09', NULL, '1984-09-01', NULL, NULL),
(819, 'Theodore', 'Perkins', '2023-09-14', NULL, '1996-09-01', NULL, NULL),
(820, 'Linnea', 'MacConneely', '2023-07-13', NULL, '2001-09-01', NULL, NULL),
(821, 'Joella', 'D\'eathe', '2024-03-05', NULL, '2010-09-01', NULL, NULL),
(822, 'Amie', 'Nellen', '2024-03-11', NULL, '2011-09-01', NULL, NULL),
(823, 'Ericka', 'Dmtrovic', '2024-02-09', NULL, '1994-09-01', NULL, NULL),
(824, 'Flossi', 'Yter', '2023-06-03', NULL, '2008-09-01', NULL, NULL),
(825, 'Ivette', 'Huggons', '2023-12-17', NULL, '1992-09-01', NULL, NULL),
(826, 'Glenda', 'Baignard', '2023-11-27', NULL, '1991-09-01', NULL, NULL),
(827, 'Mordy', 'Angrock', '2023-11-11', NULL, '2011-09-01', NULL, NULL),
(828, 'Robinette', 'Boness', '2023-07-28', NULL, '1996-09-01', NULL, NULL),
(829, 'Salem', 'Angel', '2024-03-17', NULL, '1988-09-01', NULL, NULL),
(830, 'Benn', 'Dottridge', '2023-09-07', NULL, '1992-09-01', NULL, NULL),
(831, 'Mignon', 'Bramhall', '2023-12-15', NULL, '1994-09-01', NULL, NULL),
(832, 'Dill', 'Brimman', '2023-07-26', NULL, '2012-09-01', NULL, NULL),
(833, 'Diann', 'Mainland', '2024-02-17', NULL, '2009-09-01', NULL, NULL),
(834, 'Garret', 'Zanetello', '2024-04-24', NULL, '2004-09-01', NULL, NULL),
(835, 'Atlanta', 'Ronan', '2024-04-17', NULL, '1995-09-01', NULL, NULL),
(836, 'Isabeau', 'Trythall', '2023-08-22', NULL, '2002-09-01', NULL, NULL),
(837, 'Francis', 'Martellini', '2023-07-11', NULL, '2009-09-01', NULL, NULL),
(838, 'Dina', 'Beardall', '2023-11-26', NULL, '1996-09-01', NULL, NULL),
(839, 'Cammi', 'Golds', '2023-08-22', NULL, '1994-09-01', NULL, NULL),
(840, 'Delcina', 'Hendrickson', '2023-12-25', NULL, '2002-09-01', NULL, NULL),
(841, 'Meggie', 'Moppett', '2023-10-07', NULL, '1993-09-01', NULL, NULL),
(842, 'Hermie', 'Sabattier', '2024-03-16', NULL, '2006-09-01', NULL, NULL),
(843, 'Ulrick', 'Howerd', '2023-12-11', NULL, '2012-09-01', NULL, NULL),
(844, 'Artemis', 'Ingley', '2024-04-12', NULL, '2006-09-01', NULL, NULL),
(845, 'Sully', 'Betser', '2023-09-29', NULL, '2007-09-01', NULL, NULL),
(846, 'Daron', 'Gurnay', '2023-08-21', NULL, '2005-09-01', NULL, NULL),
(847, 'Nadeen', 'Beton', '2023-08-17', NULL, '2012-09-01', NULL, NULL),
(848, 'Ker', 'Stainton', '2024-04-07', NULL, '1989-09-01', NULL, NULL),
(849, 'Bendicty', 'Gristwood', '2023-11-03', NULL, '2007-09-01', NULL, NULL),
(850, 'Craig', 'Masselin', '2023-09-13', NULL, '2002-09-01', NULL, NULL),
(851, 'Pattie', 'Duguid', '2024-04-23', NULL, '1997-09-01', NULL, NULL),
(852, 'Godwin', 'Swire', '2024-02-06', NULL, '2001-09-01', NULL, NULL),
(853, 'Sheridan', 'Cranfield', '2023-07-06', NULL, '2008-09-01', NULL, NULL),
(854, 'Elwira', 'Bonnor', '2023-12-06', NULL, '2006-09-01', NULL, NULL),
(855, 'Wrennie', 'Hazeldene', '2024-02-01', NULL, '1990-09-01', NULL, NULL),
(856, 'Inglebert', 'Farden', '2024-05-06', NULL, '2010-09-01', NULL, NULL),
(857, 'Filippo', 'Killen', '2023-08-16', NULL, '2007-09-01', NULL, NULL),
(858, 'Ermin', 'Nansom', '2023-11-20', NULL, '1996-09-01', NULL, NULL),
(859, 'Honoria', 'Larcher', '2024-04-02', NULL, '2012-09-01', NULL, NULL),
(860, 'Lita', 'Cadden', '2023-12-22', NULL, '2000-09-01', NULL, NULL),
(861, 'Dorree', 'Fogarty', '2023-10-05', NULL, '2006-09-01', NULL, NULL),
(862, 'Letta', 'Carmont', '2023-06-28', NULL, '2001-09-01', NULL, NULL),
(863, 'Indira', 'Daice', '2023-08-23', NULL, '1964-09-01', NULL, NULL),
(864, 'Lanita', 'Christofor', '2023-07-29', NULL, '1996-09-01', NULL, NULL),
(865, 'Ransell', 'Skelhorn', '2024-04-09', NULL, '1988-09-01', NULL, NULL),
(866, 'Melanie', 'Kienl', '2024-03-08', NULL, '1997-09-01', NULL, NULL),
(867, 'Daisi', 'Tsar', '2024-04-30', NULL, '2012-09-01', NULL, NULL),
(868, 'Jemie', 'Spiaggia', '2024-02-07', NULL, '1985-09-01', NULL, NULL),
(869, 'Adelle', 'Snaith', '2023-06-10', NULL, '2002-09-01', NULL, NULL),
(870, 'Miguela', 'Whitfeld', '2023-06-06', NULL, '1998-09-01', NULL, NULL),
(871, 'Lindi', 'Lawton', '2024-02-08', NULL, '2004-09-01', NULL, NULL),
(872, 'Betta', 'Attkins', '2024-04-20', NULL, '1984-09-01', NULL, NULL),
(873, 'Randene', 'Thebeau', '2024-04-06', NULL, '2003-09-01', NULL, NULL),
(874, 'Gasper', 'Coultish', '2024-05-19', NULL, '1998-09-01', NULL, NULL),
(875, 'Gabriell', 'Eglin', '2023-09-21', NULL, '2010-09-01', NULL, NULL),
(876, 'Gordan', 'Rao', '2024-05-19', NULL, '2001-09-01', NULL, NULL),
(877, 'Kennith', 'Bithell', '2023-10-28', NULL, '1988-09-01', NULL, NULL),
(878, 'Trey', 'Ferreo', '2023-08-13', NULL, '2001-09-01', NULL, NULL),
(879, 'Arlan', 'Runnalls', '2023-06-03', NULL, '1996-09-01', NULL, NULL),
(880, 'Hallsy', 'Clac', '2023-11-15', NULL, '2009-09-01', NULL, NULL),
(881, 'Beau', 'Tellenbrook', '2024-05-14', NULL, '2010-09-01', NULL, NULL),
(882, 'Prentiss', 'Cordelette', '2024-05-16', NULL, '1998-09-01', NULL, NULL),
(883, 'Pepita', 'Cinavas', '2024-01-20', NULL, '2004-09-01', NULL, NULL),
(884, 'Hortense', 'Allright', '2023-11-07', NULL, '1988-09-01', NULL, NULL),
(885, 'Millisent', 'Biermatowicz', '2023-07-22', NULL, '1994-09-01', NULL, NULL),
(886, 'Lacey', 'Hadcroft', '2024-01-13', NULL, '2007-09-01', NULL, NULL),
(887, 'Petey', 'Antat', '2023-11-10', NULL, '2001-09-01', NULL, NULL),
(888, 'Ruprecht', 'Rainsden', '2023-09-11', NULL, '2001-09-01', NULL, NULL),
(889, 'Gabrielle', 'Hodge', '2023-12-30', NULL, '1999-09-01', NULL, NULL),
(890, 'Melessa', 'Hurrell', '2023-08-04', NULL, '1984-09-01', NULL, NULL),
(891, 'Bryon', 'Bruntjen', '2024-01-20', NULL, '2006-09-01', NULL, NULL),
(892, 'Marven', 'Paler', '2024-01-17', NULL, '1999-09-01', NULL, NULL),
(893, 'Natale', 'Winchcomb', '2023-08-20', NULL, '1997-09-01', NULL, NULL),
(894, 'Dorena', 'Neno', '2023-06-03', NULL, '1997-09-01', NULL, NULL),
(895, 'Gaylene', 'Collicott', '2023-12-10', NULL, '1987-09-01', NULL, NULL),
(896, 'Dayna', 'Phayre', '2023-08-07', NULL, '2003-09-01', NULL, NULL),
(897, 'Dulcie', 'Scotchmoor', '2023-08-01', NULL, '2002-09-01', NULL, NULL),
(898, 'Carolina', 'Ingre', '2023-08-12', NULL, '1993-09-01', NULL, NULL),
(899, 'Van', 'Rominov', '2024-04-04', NULL, '1995-09-01', NULL, NULL),
(900, 'Helge', 'Beevens', '2023-09-02', NULL, '1999-09-01', NULL, NULL),
(901, 'Ayn', 'Leidl', '2023-09-14', NULL, '2007-09-01', NULL, NULL),
(902, 'Matty', 'Jain', '2023-12-23', NULL, '1999-09-01', NULL, NULL),
(903, 'Page', 'Heyward', '2023-05-27', NULL, '2003-09-01', NULL, NULL),
(904, 'Chryste', 'Storer', '2024-04-25', NULL, '1985-09-01', NULL, NULL),
(905, 'Vanny', 'Bullene', '2024-03-25', NULL, '1989-09-01', NULL, NULL),
(906, 'Olva', 'Caine', '2024-03-29', NULL, '2009-09-01', NULL, NULL),
(907, 'Alphonso', 'Flowers', '2024-02-09', NULL, '1998-09-01', NULL, NULL),
(908, 'Thomasa', 'Lezemore', '2024-01-26', NULL, '2007-09-01', NULL, NULL),
(909, 'Bertha', 'Carreck', '2023-08-19', NULL, '1991-09-01', NULL, NULL),
(910, 'Vittoria', 'Wharlton', '2024-03-28', NULL, '1992-09-01', NULL, NULL),
(911, 'Jaquelyn', 'Palffrey', '2024-04-24', NULL, '2001-09-01', NULL, NULL),
(912, 'Bernie', 'Struijs', '2024-04-28', NULL, '2000-09-01', NULL, NULL),
(913, 'Bess', 'Jay', '2023-08-15', NULL, '2004-09-01', NULL, NULL),
(914, 'Emmey', 'Wesker', '2023-12-31', NULL, '1984-09-01', NULL, NULL),
(915, 'Otha', 'Blight', '2024-01-15', NULL, '2008-09-01', NULL, NULL),
(916, 'Glennis', 'Andreutti', '2023-11-13', NULL, '2008-09-01', NULL, NULL),
(917, 'Delmer', 'Trays', '2024-01-13', NULL, '1968-09-01', NULL, NULL),
(918, 'Tyler', 'Matzen', '2023-07-18', NULL, '2008-09-01', NULL, NULL),
(919, 'Janet', 'Katz', '2024-02-26', NULL, '1990-09-01', NULL, NULL),
(920, 'Gabbie', 'Mackro', '2023-09-03', NULL, '2010-09-01', NULL, NULL),
(921, 'Kylie', 'Havoc', '2023-06-11', NULL, '2010-09-01', NULL, NULL),
(922, 'Kacey', 'Leatham', '2024-03-13', NULL, '2007-09-01', NULL, NULL),
(923, 'Darcie', 'Sheehan', '2024-01-23', NULL, '1990-09-01', NULL, NULL),
(924, 'Thaine', 'Surguine', '2023-07-21', NULL, '2004-09-01', NULL, NULL),
(925, 'Griswold', 'Burdon', '2023-11-09', NULL, '2007-09-01', NULL, NULL),
(926, 'Judith', 'Drewett', '2024-05-20', NULL, '2002-09-01', NULL, NULL),
(927, 'Braden', 'Dimitru', '2024-04-28', NULL, '1997-09-01', NULL, NULL),
(928, 'Barrett', 'Philippart', '2023-09-27', NULL, '1991-09-01', NULL, NULL),
(929, 'Willyt', 'Berre', '2024-01-26', NULL, '1990-09-01', NULL, NULL),
(930, 'Fonzie', 'Offill', '2023-08-14', NULL, '2004-09-01', NULL, NULL),
(931, 'Dave', 'Giffkins', '2024-01-24', NULL, '1992-09-01', NULL, NULL),
(932, 'Jessie', 'Meikle', '2024-02-20', NULL, '2008-09-01', NULL, NULL),
(933, 'Cassi', 'Flowith', '2024-04-21', NULL, '1982-09-01', NULL, NULL),
(934, 'Selig', 'Wignall', '2023-09-06', NULL, '2012-09-01', NULL, NULL),
(935, 'Rosetta', 'Becks', '2023-08-25', NULL, '2011-09-01', NULL, NULL),
(936, 'Marrilee', 'Nussen', '2024-03-26', NULL, '1967-09-01', NULL, NULL),
(937, 'Gaylord', 'Earengey', '2024-01-27', NULL, '2004-09-01', NULL, NULL),
(938, 'Blanche', 'Cristofol', '2024-01-28', NULL, '1998-09-01', NULL, NULL),
(939, 'Rica', 'Dundendale', '2023-10-05', NULL, '2001-09-01', NULL, NULL),
(940, 'Kip', 'Eddowis', '2024-05-25', NULL, '2006-09-01', NULL, NULL),
(941, 'Richy', 'Alwin', '2024-02-19', NULL, '1996-09-01', NULL, NULL),
(942, 'Abigael', 'Juliano', '2024-05-25', NULL, '2007-09-01', NULL, NULL),
(943, 'Derward', 'Duchart', '2023-12-02', NULL, '1996-09-01', NULL, NULL),
(944, 'Neely', 'Blazey', '2023-08-26', NULL, '1993-09-01', NULL, NULL),
(945, 'Raychel', 'Meldon', '2024-03-12', NULL, '2007-09-01', NULL, NULL),
(946, 'Khalil', 'Bricksey', '2024-04-07', NULL, '2009-09-01', NULL, NULL),
(947, 'Winny', 'Cardoso', '2024-02-03', NULL, '1991-09-01', NULL, NULL),
(948, 'Gregoire', 'Mannion', '2023-10-31', NULL, '2001-09-01', NULL, NULL),
(949, 'Sherline', 'Nicholes', '2023-11-14', NULL, '2002-09-01', NULL, NULL),
(950, 'Corene', 'Graffin', '2024-05-09', NULL, '1997-09-01', NULL, NULL),
(951, 'Drona', 'Masters', '2024-01-06', NULL, '1987-09-01', NULL, NULL),
(952, 'Desmund', 'Geratasch', '2024-01-18', NULL, '1992-09-01', NULL, NULL),
(953, 'Jenni', 'Wrassell', '2024-05-01', NULL, '2000-09-01', NULL, NULL),
(954, 'Broderic', 'Josse', '2023-10-01', NULL, '1989-09-01', NULL, NULL),
(955, 'Tracee', 'Horsfield', '2023-08-03', NULL, '1992-09-01', NULL, NULL),
(956, 'Boigie', 'Dunbar', '2023-10-23', NULL, '1997-09-01', NULL, NULL),
(957, 'Lydon', 'Gatlin', '2023-12-14', NULL, '2005-09-01', NULL, NULL),
(958, 'Thelma', 'Herries', '2023-11-26', NULL, '1984-09-01', NULL, NULL),
(959, 'Leeland', 'Laviss', '2024-05-07', NULL, '1996-09-01', NULL, NULL),
(960, 'Cornie', 'Steffan', '2024-05-05', NULL, '1999-09-01', NULL, NULL),
(961, 'Byrann', 'Knewstubb', '2023-05-29', NULL, '2008-09-01', NULL, NULL),
(962, 'Alain', 'Benit', '2024-03-30', NULL, '1988-09-01', NULL, NULL),
(963, 'Dela', 'Stoggles', '2024-01-28', NULL, '1998-09-01', NULL, NULL),
(964, 'Ashton', 'Gummer', '2023-08-05', NULL, '2003-09-01', NULL, NULL),
(965, 'Tanya', 'Rodear', '2023-06-16', NULL, '2010-09-01', NULL, NULL),
(966, 'Florinda', 'Waby', '2024-05-25', NULL, '2008-09-01', NULL, NULL),
(967, 'Zorah', 'Crowther', '2023-10-02', NULL, '1996-09-01', NULL, NULL),
(968, 'Norbie', 'Klais', '2023-08-30', NULL, '1996-09-01', NULL, NULL),
(969, 'Franklyn', 'D\'Onise', '2024-03-05', NULL, '1994-09-01', NULL, NULL),
(970, 'Cherice', 'Carrane', '2024-04-27', NULL, '1999-09-01', NULL, NULL),
(971, 'Nadia', 'Sibbert', '2024-02-07', NULL, '2000-09-01', NULL, NULL),
(972, 'Goldia', 'Nott', '2023-09-29', NULL, '2004-09-01', NULL, NULL),
(973, 'Twila', 'Isenor', '2023-08-10', NULL, '2008-09-01', NULL, NULL),
(974, 'Rodie', 'Vasyatkin', '2024-01-29', NULL, '1995-09-01', NULL, NULL),
(975, 'Roanna', 'Hannis', '2023-06-08', NULL, '2011-09-01', NULL, NULL),
(976, 'Clemence', 'Samme', '2023-07-28', NULL, '2012-09-01', NULL, NULL),
(977, 'Leone', 'Anselmi', '2023-11-15', NULL, '1995-09-01', NULL, NULL),
(978, 'Dionne', 'Patkin', '2023-09-02', NULL, '1988-09-01', NULL, NULL),
(979, 'Aurel', 'Esland', '2023-06-27', NULL, '2002-09-01', NULL, NULL),
(980, 'Oralee', 'Valek', '2024-03-22', NULL, '1992-09-01', NULL, NULL),
(981, 'Roley', 'Grahl', '2024-04-05', NULL, '2007-09-01', NULL, NULL),
(982, 'Stephanie', 'Franses', '2023-06-24', NULL, '2010-09-01', NULL, NULL),
(983, 'Wylma', 'Ashworth', '2024-03-01', NULL, '2012-09-01', NULL, NULL),
(984, 'Tabby', 'Lippett', '2024-05-16', NULL, '2011-09-01', NULL, NULL),
(985, 'Annabella', 'Heineking', '2023-06-24', NULL, '2009-09-01', NULL, NULL),
(986, 'Taddeo', 'Grzes', '2023-06-20', NULL, '2005-09-01', NULL, NULL),
(987, 'Maddalena', 'Lammers', '2023-09-15', NULL, '2003-09-01', NULL, NULL),
(988, 'Fairleigh', 'De Andisie', '2023-06-17', NULL, '2008-09-01', NULL, NULL),
(989, 'Raye', 'Bassingden', '2023-09-04', NULL, '2009-09-01', NULL, NULL),
(990, 'Steven', 'Jaye', '2023-11-30', NULL, '1999-09-01', NULL, NULL),
(991, 'Ricki', 'Swayton', '2023-08-13', NULL, '2004-09-01', NULL, NULL),
(992, 'Kinsley', 'Jeves', '2023-05-31', NULL, '2009-09-01', NULL, NULL),
(993, 'Jorie', 'Bonafacino', '2023-07-12', NULL, '1985-09-01', NULL, NULL),
(994, 'Hetty', 'Jeans', '2024-03-05', NULL, '1990-09-01', NULL, NULL),
(995, 'Dallas', 'Conduit', '2024-04-16', NULL, '1992-09-01', NULL, NULL),
(996, 'Darcy', 'Claussen', '2023-09-21', NULL, '1998-09-01', NULL, NULL),
(997, 'Saundra', 'Johnstone', '2023-11-06', NULL, '1992-09-01', NULL, NULL),
(998, 'Kenon', 'MacCourt', '2023-10-01', NULL, '2001-09-01', NULL, NULL),
(999, 'Elna', 'Bransom', '2024-04-25', NULL, '2001-09-01', NULL, NULL),
(1000, 'Maribel', 'Baron', '2024-01-31', NULL, '2008-09-01', NULL, NULL),
(1111, '', NULL, NULL, NULL, NULL, NULL, NULL),
(10000, 'Minor', 'Frances', '2000-03-11', '1DAw39nxqE2zGuwBihqU', '2020-09-02', 'Science', '4401377265\r'),
(30000, 'Adorne', 'Couper', '1993-05-24', '1EMJPv9qvnEDkHQvS9Bn', '2021-11-15', 'Biotechnology', '2677768321\r'),
(40000, 'Tracie', 'Meddings', '2003-05-07', '18gXgDhKhp4RL9jjvG7b', '2020-12-19', 'Fine Arts', '0736270280\r'),
(50000, 'Kale', 'Cassedy', '2003-03-30', '1LEvnfKkGyT9gmr8VXiS', '2022-07-14', 'Science', '6463404748\r'),
(60000, 'Cal', 'Duchatel', '1990-12-26', '1Dpbm3VaoMdVkcb8E3Z9', '2021-04-15', 'Urban Planning', '0935254307\r'),
(70000, 'Nester', 'Melley', '1995-05-24', '15Rf3bNpBjdLiQ6Byso9', '2023-06-26', 'Journalism', '7456361088\r'),
(100000, 'Caitlin', 'Kassidy', '1993-05-14', '1FgdSo8jYNQWH5jS5ioy', '2022-07-20', 'Computer Science', '0245318410\r'),
(150000, 'Arny', 'Roblou', '1998-12-18', '1F4ztdCoL3mXFfpFn9FN', '2021-02-10', 'Psychology', '1633624641\r'),
(160000, 'Marna', 'Ducaen', '2002-10-09', '1JbCn7MTYYRCijVNW8w5', '2024-05-24', 'Data Science', '6802190532\r'),
(170000, 'Dina', 'Vallis', '1999-08-11', '165Uw2hHDks8Vtw2oD4M', '2022-02-18', 'Education', '1795321873\r'),
(190000, 'Manfred', 'MacGillavery', '2001-12-03', '1F9BGa9BbFHXAP79YSFS', '2022-08-25', 'Laws', '6947870135\r'),
(200000, 'Sayres', 'Gritsaev', '1993-07-13', '13eZF4QEd3AUid4RUJvZ', '2021-02-06', 'Fine Arts', '8733158460\r'),
(220000, 'Ilysa', 'Chomicz', '1993-04-17', '19wHZh4N7YJwbmsRrjTr', '2023-02-06', 'Journalism', '6934853431\r'),
(230000, 'Brigida', 'McAlpin', '1996-05-29', '1H3apUD7ufAGrDDomaG2', '2021-10-19', 'Urban Planning', '5693492125\r'),
(240000, 'Timmy', 'Trewin', '1996-06-02', '12R9MKTSa4KroZtQLST6', '2024-05-09', 'Social Work', '7688224217\r'),
(260000, 'Emalee', 'Orris', '1999-03-02', '1FiWJHxhFcq3D3deXZsA', '2020-10-26', 'Medicine', '9915032765\r'),
(270000, 'Ellynn', 'Connah', '1996-12-07', '1CW2K5ijjGseuYefkjhc', '2022-04-19', 'Business Administration', '0203453719\r'),
(290000, 'Rowen', 'Rylatt', '1991-10-17', '1FyaffY1c3MZBCpfz9Rx', '2021-11-12', 'Information Technology', '2988619654\r'),
(300000, 'Winnifred', 'Hughf', '1990-12-31', '1CCejyHhvbYE5hUF2udC', '2023-10-22', 'Arts', '5284989732\r'),
(310000, 'Flynn', 'Curgenven', '1990-04-20', '1KctL3iJi9s9hJq7Lhph', '2023-05-27', 'Nursing', '2267532328\r'),
(320000, 'Lionel', 'Pierce', '1992-10-02', '12AQiDTmKiaDoGBrg2Mo', '2020-12-12', 'International Relations', '1869197003\r'),
(330000, 'Sosanna', 'Yankin', '2000-04-10', '1AuHcbo9vNavKtZW29e1', '2020-11-14', 'Psychology', '3156788066\r'),
(340000, 'Joice', 'Varney', '1990-05-02', '12CaZAvQ8As7SQni4JEd', '2022-01-22', 'Biotechnology', '3147812081\r'),
(360000, 'Itch', 'Conry', '1993-02-11', '1EiKwzQUx6ARmG7n1cat', '2023-11-11', 'Social Work', '4812878551\r'),
(370000, 'Augusto', 'Novik', '2001-02-18', '12Bdc1t4xJ3fptVbxArd', '2020-12-12', 'Architecture', '6521399500\r'),
(390000, 'Jelene', 'Lideard', '1998-03-15', '19Za71PbvigwTfiCtyga', '2024-03-05', 'Arts', '4994214182\r'),
(400000, 'Cully', 'Heinzel', '1993-08-31', '1NzUVnWaxdb2d9uQJV5o', '2023-10-16', 'Arts', '3815991706\r'),
(410000, 'Sean', 'Sayer', '2001-12-28', '18VjderDs7Rja2bBMT6y', '2023-04-12', 'Liberal Arts', '8497194101\r'),
(420000, 'Nady', 'Ganter', '2001-12-26', '16c4hQzFEfjTVdrQ3Wjb', '2024-02-07', 'Science', '1663191263\r'),
(430000, 'Fernandina', 'Seneschal', '2001-11-30', '1LngvUBKVSDvvzmBvcC7', '2022-10-12', 'Information Technology', '0250953692\r'),
(450000, 'Steffane', 'Shillam', '2001-11-30', '16fXoXjB8YTX2cF8TLyB', '2022-07-20', 'Hospitality Management', '6952955844\r'),
(460000, 'Donaugh', 'Simenot', '2003-08-13', '16MnZKpufpjjXEviKw34', '2024-05-05', 'Education', '8190471023\r'),
(470000, 'Ashil', 'Kirsopp', '1992-12-11', '1PCJ4FvbrKvisxcZvLwK', '2021-09-13', 'Engineering', '5938239109\r'),
(480000, 'Gaylord', 'Sygrove', '2003-10-11', '1H8zxwBjaSYbfN3pDXEP', '2022-09-10', 'Dental Surgery', '0006198147\r'),
(490000, 'Lazare', 'De Zuani', '1990-11-16', '17UeKi3AiaN3AgP9v5Pn', '2024-05-03', 'Data Science', '5917003130\r'),
(500000, 'Micki', 'Fenech', '1990-06-25', '1C8wZ25A4zCRZ9E2w3xU', '2021-11-17', 'Social Work', '7784949774\r'),
(510000, 'Cash', 'Diggens', '1990-12-14', '1Ku4fVhzaALEad65qtae', '2021-03-27', 'Psychology', '6774525253\r'),
(520000, 'Morry', 'Fairbeard', '1996-08-22', '16F2infFhBwV5EYPVNJc', '2022-01-29', 'Liberal Arts', '0084566590\r'),
(530000, 'Cash', 'Ohms', '1993-12-10', '1EFJKWd7FhUyp3P5C9oE', '2023-05-13', 'Nursing', '7069780680\r'),
(540000, 'Sawyere', 'Kulver', '2000-03-25', '1DSK23wgrCcZEv9soFA6', '2021-04-10', 'Music', '5156858295\r'),
(550000, 'Mella', 'Durker', '1992-12-10', '1BKzYHafHkKaHuGMBw98', '2020-10-26', 'Business Administration', '6163544757\r'),
(570000, 'Maddi', 'Eagleston', '1999-06-17', '1GF6NnCDzDMy5QuG3Wrv', '2023-02-04', 'Arts', '7377540877\r'),
(590000, 'Claudette', 'Spriggen', '1996-12-29', '1P6XJs133ZboLHirmhJ9', '2024-06-24', 'Data Science', '5958878662\r'),
(600000, 'Queenie', 'Rubert', '1992-10-10', '1G5RHpcrRhqQsc4uQF94', '2023-01-16', 'Computer Science', '1437069401\r'),
(620000, 'Carver', 'Maevela', '2001-06-03', '112cseTSFirA167KxCpv', '2022-10-14', 'Sports Management', '5439521887\r'),
(630000, 'Beryle', 'Dowman', '2001-06-15', '14Mhz1zmVx9NwKDm56FH', '2023-01-04', 'Communication', '9783795570\r'),
(640000, 'Kakalina', 'Hakes', '1999-01-30', '1PkXdoBdUfvuac8a5oKf', '2023-07-11', 'Medicine', '2276945753\r'),
(650000, 'Bradford', 'Chitson', '2001-10-05', '1B9RL8evPGYtdjXczHwy', '2022-10-04', 'Data Science', '8927240197\r'),
(660000, 'Aron', 'Oslar', '1997-08-24', '1EVcKbH7nFPtC5E1tp82', '2021-10-28', 'Education', '8768931107\r'),
(670000, 'Wallie', 'Antoniazzi', '1997-10-23', '1B5chjr9dY9DRRksGPLW', '2020-10-30', 'Engineering', '4225260011\r'),
(680000, 'Sadella', 'Beever', '1999-12-09', '1FpV34E1yRCXET4WMwpf', '2021-03-24', 'Nursing', '0609832255\r'),
(690000, 'Trish', 'Tetford', '1994-09-26', '16y2ceavoDd4x1yhWC5W', '2020-07-11', 'Environmental Science', '4278199392\r'),
(710000, 'Hildy', 'Hackey', '2000-10-19', '1MRBtqZgTS3YVVRdZagP', '2022-03-17', 'Education', '5867613003\r'),
(720000, 'Archer', 'Armer', '1991-07-04', '1DEoLHssKaZeJh6HuJz2', '2022-01-22', 'Dental Surgery', '7858641220\r'),
(730000, 'Lanie', 'Aizik', '2000-11-03', '1P1bjpSvMyQvfLnrC1we', '2023-10-23', 'Laws', '3038198986\r'),
(740000, 'Maren', 'Charge', '1996-08-14', '1KTqQhqLTQZaCJRpaNEC', '2020-12-29', 'Laws', '0750856467\r'),
(750000, 'Harmonia', 'Tillyer', '1993-02-13', '1Ht8oaWMjSpqdNyM3RbB', '2022-12-02', 'Environmental Science', '6820760213\r'),
(760000, 'Sella', 'Tyt', '1996-04-14', '1MM4XDtWwuNo3Lk63sHK', '2021-09-30', 'Arts', '0078929059\r'),
(770000, 'Giana', 'Elphey', '2003-11-14', '1Z5h3n2G3bf89x92qH5A', '2023-04-24', 'Environmental Science', '2273784708\r'),
(780000, 'Alphard', 'Meiklejohn', '1995-03-05', '1Lqx1u7HNED1qdpMBNfH', '2020-11-06', 'Science', '4396315864\r'),
(790000, 'Arabele', 'Segoe', '1991-09-27', '16CAyxL8mCpT23u2wwDc', '2021-04-30', 'Journalism', '6779265187\r'),
(800000, 'Elsy', 'Sloey', '1998-08-08', '12RVUZb5qM8j27yKW2Xj', '2022-01-26', 'Laws', '9627563803\r'),
(820000, 'Jilleen', 'Geydon', '2002-02-22', '1DTieSrybNH1jtVmaqvn', '2021-08-29', 'Arts', '3997006792\r'),
(830000, 'Andree', 'Balderson', '1997-06-04', '1caQWXJRyh9DRr7rcL8E', '2021-07-25', 'Environmental Science', '9146343520\r'),
(840000, 'Corny', 'Boorne', '2000-05-05', '12Ldmr46g8frcBwHeiF1', '2021-04-29', 'Science', '3923458398\r'),
(850000, 'Perren', 'Gofforth', '1992-09-02', '1BjizPYqKF3nET65wDrc', '2020-07-27', 'Science', '7626075226\r'),
(860000, 'Ferd', 'MacCardle', '1996-05-17', '17SY8p561KBsY4pifrAF', '2020-12-05', 'Arts', '1696751748\r'),
(880000, 'Daffie', 'Hardey', '1998-06-10', '1DwsGeahXkUfcNwEZx41', '2023-03-30', 'Environmental Science', '1913772632\r'),
(890000, 'Harp', 'Pie', '2001-03-02', '12z3yZk245FHTrvmfU25', '2022-02-24', 'Computer Science', '1066815984\r'),
(900000, 'Jamill', 'Fieldstone', '1993-04-16', '1MqnT5jYmY3JHygUygUa', '2024-04-15', 'International Relations', '9976038747\r'),
(920000, 'Amata', 'Masson', '1997-12-18', '115RHmRAgENpc2uF6PQb', '2024-01-12', 'Nursing', '4011726516\r'),
(930000, 'Ingaberg', 'Grahamslaw', '2000-10-14', '1GwQidyPvLaNWvYWMcE7', '2024-01-16', 'Information Technology', '9955190132\r'),
(940000, 'Rheta', 'Evered', '2000-07-08', '1HMM5qhiVgZnZUQRxpm7', '2023-08-22', 'Psychology', '8841300647\r'),
(960000, 'Gabriel', 'Water', '1991-11-26', '1Grnsq1eKkdgHxzsxDys', '2023-10-02', 'Music', '0173381448\r'),
(970000, 'Emlynn', 'Lightning', '1995-12-30', '14n3jMZCLn8fcxASyBqG', '2021-03-25', 'Education', '5725251535\r'),
(980000, 'Tisha', 'Everson', '2003-02-27', '16wXULpNsMZnA4fEAwtx', '2022-10-25', 'Science', '3572198720\r'),
(990000, 'Parnell', 'Velasquez', '2000-06-03', '1PXQXCwnRx7v6sEQyU54', '2022-02-02', 'Medicine', '0838631541\r'),
(1000000, 'Mayor', 'Probert', '1998-05-07', '148mSaF4zzsWRn1FNTc7', '2020-12-27', 'Laws', '2704827575\r'),
(1010000, 'Berti', 'Schiell', '1990-03-01', '15gVmU6Vbc9WB48LtHbV', '2022-10-13', 'Business Administration', '4356131355\r'),
(1030000, 'Trever', 'Roddell', '1992-09-05', '12J717CPW1U2Abp7SacB', '2022-03-24', 'Computer Science', '6990199121\r'),
(1040000, 'Mechelle', 'Lafayette', '1991-11-24', '16iue8736VCtKH5baVpM', '2020-07-07', 'Laws', '5528854954\r'),
(1050000, 'Sissy', 'Weiser', '1999-07-28', '17qNxUoYqfEV23HiBiGY', '2022-11-18', 'Nursing', '2918672521\r'),
(1060000, 'Clari', 'Hould', '1991-05-06', '1L36edH5rU5cQgDvMKow', '2024-02-02', 'Information Technology', '1049196910\r'),
(1070000, 'Janella', 'Lobe', '1992-05-02', '1A18afqescECMh454hqW', '2024-03-31', 'Computer Science', '0552630977\r'),
(1080000, 'Minnie', 'Pedwell', '1998-07-10', '134L1CVC3faeT2DGba1U', '2023-05-31', 'Pharmacy', '3234427410\r'),
(1090000, 'Reilly', 'Officer', '1998-09-03', '12yJDbjDkTK6N6w4tzLS', '2021-12-30', 'Business Administration', '8512104201\r'),
(1110000, 'Dreddy', 'Rounsefell', '2000-01-02', '1JMLf98FkCyECo2yLd7d', '2021-08-18', 'Music', '4869717999\r'),
(1120000, 'Robenia', 'Blyth', '2001-12-07', '18M244uYw3p6zg8j9trP', '2021-05-20', 'Arts', '5871468500\r'),
(1130000, 'Gabi', 'Featherstonhaugh', '1999-04-21', '1AgCESG4wrp4kjYqUfbX', '2024-03-07', 'Architecture', '7770366828\r'),
(1140000, 'Halie', 'Decent', '1999-06-07', '1LF1NrZKsSfi3RWEL1ca', '2022-01-04', 'Biotechnology', '9493691144\r'),
(1170000, 'Dido', 'Hawk', '2003-11-02', '1Ha23wBdbWKoymk82EvK', '2022-06-08', 'Pharmacy', '1454315148\r'),
(1180000, 'Annecorinne', 'Inkster', '1998-04-11', '1MscBuAeM8DoyPn89rx7', '2021-01-23', 'Environmental Science', '6777111883\r'),
(1200000, 'Chan', 'Bonnett', '1991-09-21', '148mvotS7Nm5nd14PSgs', '2023-02-09', 'Journalism', '5629132989\r'),
(1210000, 'Killian', 'Horsburgh', '1997-02-18', '1Hg8LB8RPhiZpjPuaC2K', '2022-07-05', 'Information Technology', '1331456819\r'),
(1220000, 'Sullivan', 'Scintsbury', '1992-02-21', '16ZKDuJferCyYwvmtKrB', '2021-03-18', 'Education', '8528073122\r'),
(1270000, 'Jewell', 'Colcomb', '1995-10-14', '1Q17mKcRTVDmgoQdsXa6', '2021-05-06', 'Architecture', '4839679819\r'),
(1280000, 'Angeline', 'Goby', '2000-06-05', '15gWkyxUKXgDSQ5VQWxD', '2023-09-24', 'Dental Surgery', '3387875045\r'),
(1290000, 'Sterling', 'Sabbin', '1996-10-10', '1KMXg3WrLG9oJVQnVtFa', '2020-12-05', 'Environmental Science', '0850646944\r'),
(1300000, 'Imelda', 'Twigge', '1997-10-22', '19hxaxgEEEytVXG6Q66n', '2020-11-12', 'Liberal Arts', '1166948080\r'),
(1310000, 'Hube', 'Aleswell', '1992-07-02', '19unFsSzw4zb6JhrkHTQ', '2023-08-31', 'Environmental Science', '9097588715\r'),
(1320000, 'Terrye', 'Grimble', '1993-12-18', '1JPx2V8ijhxzz71bztVv', '2022-11-26', 'Architecture', '6149518094\r'),
(1330000, 'Loydie', 'Clyburn', '1990-07-20', '1F3kdoghA2J45E8L8SVT', '2023-06-11', 'Biotechnology', '0816276358\r'),
(1350000, 'Chevy', 'Bailles', '1996-01-06', '13kaYrnGV9DKUJGspDHi', '2023-05-05', 'Engineering', '6847218169\r'),
(1380000, 'Konstantine', 'McTrustam', '1994-10-10', '139tXsFC5t8vUB3seuiT', '2021-08-16', 'Laws', '3244067611\r'),
(1400000, 'Flemming', 'Cheasman', '2002-05-10', '1Mtf4ujKMotyBCFR2zi6', '2021-09-29', 'Hospitality Management', '5985884953\r'),
(1410000, 'Lishe', 'Abethell', '2000-01-31', '159FvgabP3Xt3iAAugY9', '2023-12-02', 'Education', '2673531653\r'),
(1430000, 'Erick', 'Barrs', '2000-08-27', '1PJxMkAQ1WAHbf1T66xb', '2021-11-26', 'Social Work', '4294393408\r'),
(1440000, 'Clare', 'McInnes', '1990-07-07', '12Qxa2bW47QRGEYaXrDe', '2023-10-22', 'Veterinary Science', '2085329268\r'),
(1460000, 'Cody', 'Wilshire', '1990-10-09', '18xz4pJgfUDLoo2o36Ca', '2021-11-16', 'Dental Surgery', '7926373400\r'),
(1470000, 'Barrie', 'Cowdray', '1992-07-22', '1JvzmFk1zew7SSXYti2w', '2020-11-03', 'Pharmacy', '3442633559\r'),
(1480000, 'Barret', 'Brechin', '2000-02-07', '1GzUVqokhXNNTDsbotdF', '2021-05-25', 'Hospitality Management', '9677109596\r'),
(1490000, 'Virgie', 'Pre', '2002-12-14', '1H6YQ7E58Wj8nLQ12eVd', '2020-12-03', 'Journalism', '1689710330\r'),
(1500000, 'Rad', 'Alderwick', '2003-01-12', '13mUhZNHAgdMeLAuXuvG', '2022-05-31', 'Business Administration', '8676207925\r'),
(1510000, 'Templeton', 'O\'Corren', '1991-08-25', '1LNbJGeiKcicjcTLgz35', '2023-11-24', 'Medicine', '0588341533\r'),
(1520000, 'Renate', 'Treher', '1995-11-30', '16aFG4xz7wP8Cr2WpmuB', '2023-05-21', 'Hospitality Management', '3911838425\r'),
(1530000, 'Aryn', 'Maskew', '1997-01-28', '1H7fjvEcbD2TGTyPtb86', '2022-03-13', 'Medicine', '0907831877\r'),
(1540000, 'Aviva', 'Darnell', '1990-07-17', '1DGUArTadiLErG9JxXJS', '2021-01-11', 'Education', '6680870097\r'),
(1550000, 'Marcelle', 'Cummine', '1990-08-25', '1HWyNQdLLu7MZiS4Dozr', '2023-04-25', 'Laws', '1059395975\r'),
(1560000, 'Devora', 'Redwood', '1990-08-06', '1CxrDVGEwHtyyVEMFdUL', '2020-11-28', 'Urban Planning', '8739970760\r'),
(1570000, 'Cloris', 'Daviot', '2003-03-31', '1GufaXCup4pfzqmsNqcJ', '2024-04-22', 'International Relations', '3225569267\r'),
(1580000, 'Nicolas', 'Bispham', '2001-02-09', '13fP9h8uzZhiHZ8MvwdH', '2020-07-08', 'Design', '6501378737\r'),
(1590000, 'Stephani', 'Genty', '1990-10-06', '167ruefkzMx5P2Jcxffe', '2023-07-22', 'Psychology', '6279519074\r'),
(1600000, 'Lisha', 'Saulter', '1993-03-22', '14ZS5zDfmkSYP4yUivos', '2022-02-02', 'Engineering', '1677876522\r'),
(1610000, 'Shaine', 'Grimbaldeston', '1990-12-04', '136D5udXW9jFeks1VPdh', '2020-10-16', 'Design', '8630294213\r'),
(1630000, 'Stirling', 'Tutchell', '1993-01-16', '15kcia3M6UPtxzj1Wyut', '2022-07-03', 'Music', '1293678082\r'),
(1640000, 'Wendel', 'Struttman', '1999-01-08', '18yj2mCvAMKTZUvWZPH2', '2021-12-03', 'Public Health', '2527395821\r'),
(1650000, 'Vail', 'Orta', '2003-06-02', '1jNrJ5LFMFJPZTYTHknb', '2023-11-16', 'Engineering', '0624471853\r'),
(1660000, 'Cos', 'Tomkin', '1996-05-16', '18SSGEd3HY3uFNqmpi14', '2022-01-22', 'Liberal Arts', '4299774450\r'),
(1680000, 'Brunhilda', 'Riding', '2001-07-26', '1NLFP8oVWQkr4BixcQPc', '2021-10-16', 'Business Administration', '9862474157\r'),
(1690000, 'Katherina', 'Duffett', '1997-04-10', '19M1GSZepvNayGK426Tq', '2024-02-02', 'Liberal Arts', '6761866839\r'),
(1700000, 'Rosalinde', 'Bolino', '2000-01-25', '14Knocaztpk9BBAUCCJK', '2023-03-08', 'Hospitality Management', '5801910719\r'),
(1720000, 'Hortense', 'Phizackarley', '1993-09-24', '1JQkV2VB8SMHXnoErwsn', '2023-10-01', 'Science', '9068219839\r'),
(1740000, 'Nate', 'Lalonde', '2001-01-20', '1KS23FSXcHkq4udK1JeV', '2020-10-14', 'Communication', '4310248535\r'),
(1750000, 'Berthe', 'Handsheart', '1992-06-17', '1EaDCFycuiLJkNWSEd7s', '2022-06-11', 'Education', '3887586050\r'),
(1760000, 'Moore', 'Skala', '1992-07-09', '1AZn2Mn3b5wrS3GJbGPn', '2022-09-20', 'Journalism', '7274952072\r'),
(1770000, 'Roz', 'Maren', '1990-07-21', '1CujpBsLcA3yZuc3fYoF', '2022-12-18', 'Hospitality Management', '5061466284\r'),
(1780000, 'Malina', 'Ellaman', '2001-06-16', '1D9DQ3QztBHbrfrNLPFc', '2024-04-04', 'Information Technology', '6229300354\r'),
(1790000, 'Raynard', 'Harriss', '2000-06-17', '1SeR2MAT438m2C7V9a3r', '2021-09-24', 'Arts', '5038502792\r'),
(1800000, 'Kaye', 'MacAndie', '1997-08-09', '1DjQnXDC7DyQc1F83ToE', '2022-09-13', 'Journalism', '3539965645\r'),
(1810000, 'Pen', 'Dahler', '1995-06-22', '1GRh3R5cKQauzSUj2vEA', '2021-06-01', 'Music', '2193519137\r'),
(1820000, 'Edie', 'Kerins', '1997-12-21', '19aDnx8Jm4YEUVUBYC9B', '2021-11-17', 'Biotechnology', '7812288188\r'),
(1840000, 'Egor', 'Hanrott', '1995-04-20', '1GMvBhVkDcMTNJxFbE1S', '2022-09-17', 'Biotechnology', '1415015341\r'),
(1850000, 'Branden', 'Oxborrow', '1996-04-29', '1HGtbwTNZM4rPKnpgVYQ', '2022-12-03', 'Medicine', '2823540547\r'),
(1860000, 'Sibbie', 'Derell', '1996-08-14', '1CdRumdMsS86vBRy3bkF', '2022-12-17', 'Information Technology', '9788571042\r'),
(1870000, 'Kennie', 'Thackeray', '1995-06-14', '15vtNhY62McBXyso3hZi', '2022-06-10', 'Computer Science', '9593732349\r'),
(1880000, 'Kennith', 'Bohike', '2000-02-01', '1ATKrmzkGyddodaRRCiD', '2024-03-05', 'Sports Management', '1876782196\r'),
(1890000, 'Mellicent', 'Sinclaire', '1991-10-31', '1K4FV4Dg1GyLVaY6LHgd', '2022-09-16', 'Psychology', '9700854817\r'),
(1900000, 'Gradey', 'Powell', '2001-09-23', '1JvgnKQWsbiAbFghe9QB', '2022-09-26', 'Journalism', '8014059484\r'),
(1910000, 'Martyn', 'Missenden', '2002-06-24', '1JGpskYUxnNDCEf9DcCX', '2020-11-18', 'Data Science', '9891726908\r'),
(1930000, 'Blisse', 'Whanstall', '2003-08-27', '1Kaii1GR7svrmDU5x4Dw', '2024-05-03', 'Medicine', '5711464477\r'),
(1940000, 'Gale', 'Wardlaw', '1991-08-20', '13iRz6h1wmtaCZhwJCRv', '2023-09-01', 'Education', '7295056173\r'),
(1950000, 'Raphael', 'Grassin', '2001-06-28', '1JFr5CHHt6iokZFKcJtr', '2021-11-27', 'Engineering', '6031529246\r'),
(1960000, 'Frankie', 'Bramer', '2002-09-18', '1ekEEtQsq2wXLNgMQ8J6', '2021-10-08', 'Science', '1670594394\r'),
(1970000, 'Ramonda', 'Lineker', '1997-06-23', '1MsYzGMXXwu6k84txvZS', '2023-10-05', 'International Relations', '5609075084\r'),
(1980000, 'Keslie', 'Carneck', '2002-08-29', '1BgbBeHs8rRHxaqdiRYB', '2021-03-24', 'Laws', '9784406578\r'),
(1990000, 'Farlie', 'Meriott', '1990-12-10', '16S5ntjFmrREjANgYM2P', '2023-06-12', 'Education', '7285039446\r'),
(2000000, 'Vance', 'Mackstead', '2001-04-09', '16BZ2gogUYyThhcSExwy', '2024-02-08', 'Public Health', '8857536939\r'),
(2010000, 'Kerry', 'Tryhorn', '1992-11-16', '1FPezpzpqEy23kywzcHJ', '2022-08-03', 'Sports Management', '2747883868\r'),
(2020000, 'Shelagh', 'Bartosik', '1994-08-03', '1AojyP3X8p6zTgTwD926', '2024-03-01', 'Urban Planning', '8959930873\r'),
(2040000, 'Travis', 'Tuting', '1992-03-13', '13TTtV3W2yPjV2P6X5G8', '2023-03-12', 'Veterinary Science', '7833252484\r'),
(2050000, 'Spenser', 'Rudd', '2001-05-03', '1KKvMWJQ3Umm32YWsxXA', '2021-03-01', 'Sports Management', '3890026605\r'),
(2060000, 'Darice', 'Mustarde', '2003-02-12', '1NLdzuAsAXJi8FyjrxVv', '2022-03-01', 'Public Health', '8820356589\r'),
(2070000, 'Mallorie', 'Anetts', '2002-10-09', '13aBuY4mJAx8B4CdgAWw', '2022-06-04', 'Design', '4807712454\r'),
(2080000, 'Artemus', 'Gruczka', '1995-08-16', '1MCCXepqAHHc8QDXTnt5', '2020-08-12', 'Liberal Arts', '0778024431\r'),
(2110000, 'Ailene', 'Andric', '2003-11-10', '17uZ4s8G6RYnvKUjy41p', '2023-07-18', 'Public Health', '6574824087\r'),
(2140000, 'Ellery', 'Elstub', '2000-05-05', '1SFoB95LtuGR7jwPksYe', '2023-07-26', 'Science', '6550233895\r'),
(2150000, 'Fraze', 'Fink', '1992-02-11', '1DyMqNfoRSc1qi4Pcpet', '2022-05-24', 'Information Technology', '1460135725\r'),
(2160000, 'Livy', 'Leftridge', '1991-10-18', '1EEYMniGVTo5aG9wGGSz', '2021-07-15', 'Urban Planning', '1678761109\r'),
(2170000, 'Corny', 'Bernhart', '1998-06-03', '1AtKUBxu7X5cjdgAgkx7', '2024-05-11', 'Communication', '7794058627\r'),
(2180000, 'Star', 'Kisbee', '1996-08-20', '1DH8tUoQK8j6mn1EX4Hg', '2022-05-20', 'Psychology', '7702779713\r'),
(2200000, 'Willy', 'Iiannone', '1990-06-29', '1FLqfXEYLDwqbeoh58JH', '2023-03-30', 'Liberal Arts', '8930342019\r'),
(2210000, 'Phyllida', 'Pople', '1997-06-22', '1LdQrPUVyVEmRzaLC3Fm', '2020-11-10', 'Laws', '0226884805\r'),
(2220000, 'Teddie', 'Chin', '1990-12-25', '1LuoetEpRjaQvvnntf6r', '2022-09-18', 'Engineering', '4122025699\r'),
(2230000, 'Northrop', 'Ceeley', '1995-03-04', '1DF7tQQV7XrL7WSvaFSZ', '2021-07-17', 'Liberal Arts', '9276414592\r'),
(2250000, 'Normy', 'Kinig', '1998-11-25', '17on2uVFoYQQ2PPJT8vD', '2023-07-01', 'Environmental Science', '0590653091\r'),
(2260000, 'Amory', 'Jikylls', '1990-05-22', '16vnibHzgZporyqVnsmM', '2023-09-21', 'Social Work', '1448656370\r'),
(2270000, 'Alexi', 'Prickett', '1992-05-11', '14vt9gz6bxmeTp4nZpjp', '2023-01-05', 'Urban Planning', '3330838302\r'),
(2290000, 'Christiana', 'Gave', '1999-10-19', '15shWdWzrzd4vbEncynf', '2022-01-22', 'Journalism', '6061312865\r'),
(2300000, 'Stormi', 'Hempshall', '2001-04-17', '15WhN21CVobMYnC3tV3u', '2021-12-30', 'Laws', '7697439875\r'),
(2310000, 'Gilligan', 'Sowrey', '1994-04-11', '1Cyp3F2uuALmf5Q5aQqU', '2023-02-25', 'Liberal Arts', '0543228797\r'),
(2320000, 'Hestia', 'Jeandot', '2000-02-17', '14QHEvu97Uv762pA2khj', '2020-11-27', 'Sports Management', '0363885625\r'),
(2330000, 'Jarrod', 'Gozzett', '1997-08-28', '15EYtQzdRX7hVGUMtzy3', '2023-03-15', 'Nursing', '2187980162\r'),
(2340000, 'Kalvin', 'Cottey', '1996-11-24', '1PenGkhuARZHpZu2roA6', '2020-11-16', 'Urban Planning', '9967395044\r'),
(2350000, 'Carie', 'Gasnell', '2000-10-12', '158PN3Fmgnt5YJajnP4D', '2024-05-12', 'Psychology', '3234581959\r'),
(2360000, 'Zulema', 'Rosie', '2002-09-30', '1LXMeFuHSbu7ekaxK2Jo', '2023-06-29', 'Engineering', '6815177947\r'),
(2370000, 'Fredrika', 'Thomann', '2002-08-10', '18FDfeVaZMyDrHRBAjB1', '2022-03-03', 'Pharmacy', '0984625631\r'),
(2390000, 'Jo', 'Cloake', '1996-01-02', '1PKBeUuMvqxrXCE55qKo', '2023-02-09', 'International Relations', '8739725170\r'),
(2400000, 'Bertie', 'Harford', '1992-03-04', '1FWmv9yTTV2UCQVAVTw7', '2024-03-10', 'Music', '4776826755\r'),
(2410000, 'Jorie', 'Leadbeatter', '2000-01-11', '1DgyGteX1n9Qz4qrLg1C', '2021-12-18', 'Dental Surgery', '9876971980\r'),
(2420000, 'Ediva', 'Sheilds', '1993-01-19', '1DEb6Z2qHK7XPLq5xKGq', '2021-07-14', 'Design', '2715260164\r'),
(2430000, 'Dudley', 'Regenhardt', '1992-05-01', '1NUV3CChRVtyszYc4vQx', '2023-01-10', 'Education', '5497748643\r'),
(2440000, 'Edgard', 'Ferreras', '1994-08-17', '1CcyNJ2ckx23xGeawa4N', '2024-01-20', 'Science', '5865862022\r'),
(2450000, 'Harrie', 'Argontt', '1995-02-20', '1GV5mWZVz22vz8iTVAr6', '2023-11-22', 'Communication', '6647659978\r'),
(2460000, 'Agnes', 'Wem', '2002-08-02', '13bpJRq4gTzNzn58LmUr', '2024-05-19', 'Social Work', '4846903761\r'),
(2470000, 'Konstance', 'Pallant', '1997-01-06', '162Y66yjSV3w2x2ZbgxP', '2023-02-11', 'Biotechnology', '2480886190\r'),
(2490000, 'Wheeler', 'Hillock', '1997-12-23', '18pzx3fcr3R7ae2WKn5g', '2023-05-25', 'Communication', '3079630998\r'),
(2500000, 'Marcy', 'Byrcher', '1999-07-10', '1HcVAKKtaZH9SBBAazky', '2022-01-15', 'Nursing', '5568637199\r'),
(2510000, 'Sarette', 'Halbord', '1991-03-20', '142SWQj4b2DnaLnGR4ep', '2023-01-25', 'Liberal Arts', '8662261485\r'),
(2520000, 'Cooper', 'Huggens', '2002-06-23', '1AVHDGEKBrqfnDo7T5kW', '2022-11-26', 'Computer Science', '4069156607\r'),
(2540000, 'Esmaria', 'Lewcock', '2003-08-03', '1KWjt8XPyLAQEjruUvRV', '2023-10-08', 'Data Science', '0108782212\r'),
(2560000, 'Kelci', 'Postle', '1995-06-21', '1ASuMmTXBoXy975AtDrC', '2020-10-24', 'Medicine', '5294707500\r'),
(2570000, 'Lorette', 'Kulic', '1995-12-21', '1DjcxQg8F82ai23YUfyG', '2023-01-18', 'Liberal Arts', '8701540696\r'),
(2580000, 'Hatty', 'Clear', '1996-12-19', '13NheTps1QHehpYngpJN', '2021-08-03', 'Dental Surgery', '3232407609\r'),
(2590000, 'Althea', 'Mycock', '2002-01-08', '1LgDBSGo3RKA2VKvGHbV', '2022-05-10', 'Medicine', '1222053195\r'),
(2610000, 'Buddie', 'Lamas', '1994-04-18', '19Vmm3MnfMkxm4QTJ4Un', '2021-04-02', 'Science', '6019335240\r'),
(2620000, 'Alisander', 'Camies', '1992-01-17', '1GvBy6UiRxfhnAcSVMK9', '2023-01-29', 'Sports Management', '9139368513\r'),
(2630000, 'Hetty', 'Revie', '1995-06-02', '1GVJHhXqc6jmW6bFspeE', '2021-12-31', 'Veterinary Science', '6929580716\r'),
(2640000, 'Truman', 'Kelwaybamber', '2002-08-12', '15cQzdNfTKTkaWFsYMkV', '2021-09-07', 'Communication', '9873018832\r'),
(2660000, 'Elwyn', 'Korb', '1991-11-25', '1NtFmuVyZJytSj6AmgCm', '2023-02-24', 'Business Administration', '1917479123\r'),
(2670000, 'Ber', 'Matyushonok', '1994-08-28', '1E9NdX7eVSkRan1Qz8zZ', '2023-01-12', 'Dental Surgery', '8909822163\r'),
(2680000, 'Theo', 'Orridge', '2003-10-25', '17JMvUAkjFVZ1FAk85rn', '2022-11-30', 'Laws', '3355556165\r'),
(2690000, 'Kalvin', 'Dobrowolny', '2000-03-05', '1EMfdc4Wqpb2a5kCV2zH', '2024-05-18', 'Arts', '9034548767\r'),
(2700000, 'Markos', 'Szreter', '1994-10-16', '17b5qTjHrN244q497RAc', '2021-07-06', 'Communication', '2824360720\r'),
(2710000, 'Liva', 'Townes', '1992-09-28', '1FswK4esqgbJJvEsaPXN', '2023-05-18', 'Arts', '2421157676\r'),
(2720000, 'Gerome', 'Lathwell', '2003-05-04', '186WZovXmBL7tmdUK27L', '2021-10-02', 'Nursing', '9587801717\r'),
(2730000, 'Madeline', 'Hursthouse', '1992-02-28', '1FwtdoL8eK69q8XKoeDz', '2024-05-29', 'Urban Planning', '6153458025\r'),
(2750000, 'Regen', 'Darrigrand', '1999-01-13', '13Daw17TqCqkRRpvNamA', '2021-02-27', 'Liberal Arts', '2180546947\r'),
(2760000, 'Edin', 'Keenor', '1995-01-31', '124LGnCdBYw2n6iuFP2Y', '2022-02-12', 'Biotechnology', '5215299935\r'),
(2770000, 'Ninetta', 'Crowder', '2001-03-22', '17TZ7Ru8yEkTVSkNFt1Z', '2024-06-19', 'Information Technology', '0717698947\r'),
(2780000, 'Tuckie', 'Bernucci', '1999-01-28', '1JvWojdZGHi3JUv7gSaQ', '2023-06-25', 'Science', '9315094417\r'),
(2790000, 'Pris', 'Matzel', '1999-10-27', '1N5jdrnjSTbWhSMM9UX3', '2024-02-14', 'Environmental Science', '1118170067\r'),
(2810000, 'Aldus', 'Tabbernor', '1998-06-27', '15LAo32hxmY6YxikLDsi', '2022-10-09', 'Biotechnology', '2947978781\r'),
(2820000, 'Addison', 'Costell', '1997-06-16', '1Jt2o93zt6dJr1zP2pkA', '2023-01-06', 'Science', '6940097074\r'),
(2830000, 'Rolfe', 'Northcliffe', '1992-06-05', '19kTHgJ3WTgTq93pFyQe', '2023-03-29', 'Design', '5341899830\r'),
(2840000, 'Estevan', 'Hacun', '1991-08-12', '1PQfgP6U4CHg1GhzZbby', '2023-10-22', 'Data Science', '0300096704\r'),
(2850000, 'Baxy', 'Mc Curlye', '2002-04-12', '1LkyZ6osULdz2YSDLy3N', '2024-04-02', 'Data Science', '5597667726\r'),
(2860000, 'Sofie', 'Hellwing', '1991-11-11', '1EEuuxKs6GyHESY7Vceb', '2022-04-23', 'Data Science', '3390937986\r'),
(2880000, 'Luce', 'Nellen', '1991-10-02', '1DCnYMAt6h6FGjpxnxPj', '2024-02-07', 'Education', '9156517548\r'),
(2900000, 'Krysta', 'Permain', '1995-05-16', '1DztbTNoM5xzD9ja7cLq', '2023-02-01', 'Business Administration', '4746402175\r'),
(2910000, 'Glendon', 'Streetfield', '1998-03-23', '1Apw6q1cXAF23qk4J3mA', '2022-10-20', 'Fine Arts', '1695065875\r'),
(2930000, 'Zonnya', 'Raynes', '1990-10-09', '15NScXv4fEYuacRN7LDj', '2024-05-21', 'Communication', '2319347194\r'),
(2940000, 'Stormy', 'Hartland', '1997-03-24', '14WtjFpqwpcSumBwQabu', '2023-04-23', 'International Relations', '0836022734\r'),
(2950000, 'Julietta', 'Cubbit', '1992-07-27', '1HhLdeFnHQHLN79E3Bbh', '2021-08-01', 'Dental Surgery', '0834043742\r'),
(2960000, 'Deb', 'Towe', '1999-05-13', '1PGqRqWY3az5qBbNsVZc', '2020-09-10', 'International Relations', '8129781409\r'),
(2970000, 'Emmott', 'Borsi', '2003-02-11', '18VevNrxk78dWCCkAd4R', '2020-09-02', 'Social Work', '3849108872\r'),
(2980000, 'Wye', 'Mold', '2001-10-15', '1Hh36R3kDRZdcsnDcQc3', '2022-01-09', 'International Relations', '9766723346\r'),
(3000000, 'Francklin', 'Grindell', '1996-10-03', '16yaYUTR1eYxaDG4fTbi', '2023-09-25', 'Education', '6662098337\r'),
(3010000, 'Carlene', 'Verty', '2002-12-20', '1EksSLPmFa7V5cCkRihn', '2022-02-24', 'Sports Management', '1752204336\r'),
(3020000, 'Renie', 'Pedreschi', '1998-01-16', '19vXNZTZArSWV5Efhv9V', '2021-10-07', 'Medicine', '3193236438\r'),
(3030000, 'Emily', 'Schout', '1994-02-08', '15f1ZvooB7u6iy9hmnXB', '2020-08-17', 'Information Technology', '9441140309\r'),
(3040000, 'Steffi', 'Legon', '2000-06-12', '1BGzCRQr4YuzqW89Js1V', '2023-03-04', 'Dental Surgery', '1650652895\r'),
(3060000, 'Latisha', 'McAuley', '1994-09-21', '14dLNoxm8BqNsMB1KbQ5', '2024-05-18', 'Sports Management', '2880259215\r'),
(3080000, 'Melli', 'Marrington', '1998-03-08', '14L7xfuADKFEc6EF6HVh', '2023-09-05', 'Veterinary Science', '0388223170\r'),
(3090000, 'Cam', 'Underdown', '1999-04-13', '1EUZqvDGqev7hnP1bLzi', '2021-04-17', 'Architecture', '0978525655\r');
INSERT INTO `students` (`id`, `first_name`, `last_name`, `date_of_birth`, `bank_account`, `enrollment_date`, `major`, `national_id`) VALUES
(3100000, 'Aida', 'Veare', '2001-11-25', '1LvDsE3o9eMoAuKFLxGM', '2022-11-11', 'Information Technology', '7018709210\r'),
(3110000, 'Moishe', 'Toderi', '1998-11-21', '1MaC98PSPYbcqFpp6ReB', '2020-07-21', 'Science', '9368877475\r'),
(3120000, 'Shay', 'Conybear', '2000-03-15', '1FjuveyWrWUsuvRnaS4w', '2020-08-11', 'Design', '0809945290\r'),
(3130000, 'Joel', 'Flear', '1997-08-30', '1HAnrjdWp78oL6DbJMJP', '2024-05-23', 'Pharmacy', '2301197239\r'),
(3140000, 'Conant', 'Carpenter', '2000-03-21', '12ybG5uDyby2yAbTsJ9V', '2022-03-09', 'Data Science', '6907544008\r'),
(3150000, 'Maisey', 'MacKnocker', '2000-04-29', '1N5Y33CgkVVidow5HSm8', '2020-09-15', 'Medicine', '8129266245\r'),
(3160000, 'Gabe', 'Tabram', '1991-02-28', '1EeTNhzp8uv4Z3ugZbv4', '2021-11-21', 'Science', '8228516460\r'),
(3170000, 'Consalve', 'Verzey', '1992-08-17', '1Fc96LdtyvkZQAfjbHmu', '2022-01-23', 'Education', '6063298487\r'),
(3180000, 'Jose', 'Tidcomb', '1998-05-24', '1DNqKFeFb2UULbrMeaQj', '2024-03-29', 'Sports Management', '7135810465\r'),
(3190000, 'Friederike', 'Matonin', '1992-07-05', '19hupQ44aU2QW9hQLmVr', '2021-09-27', 'Data Science', '1437899978\r'),
(3210000, 'Mario', 'Indgs', '1999-04-26', '1KmudrmJNnJoT8yHDUEh', '2021-10-17', 'Dental Surgery', '3014080195\r'),
(3220000, 'Jayson', 'Snookes', '2000-06-23', '1Mp9KTNtk7uBaSRWdsFM', '2024-03-16', 'Engineering', '8478098135\r'),
(3230000, 'Crystal', 'Brazener', '1990-05-06', '1PAJfd7aYGXAmgfPwxw8', '2021-02-28', 'Environmental Science', '8860901340\r'),
(3250000, 'Padraig', 'Pennaman', '1991-03-05', '18gyu7fXz5Ru1XHzhNHc', '2020-10-15', 'Sports Management', '4726811541\r'),
(3260000, 'Jeniffer', 'Skedge', '1990-11-04', '1PvrskUZBigq2uMD1ZFC', '2020-10-29', 'Music', '6862394096\r'),
(3270000, 'Caldwell', 'Clericoates', '1996-09-26', '17Gd2RRPm8fPRAz4Rk2H', '2021-01-11', 'Nursing', '5262663184\r'),
(3280000, 'Mauricio', 'Spratling', '2002-04-18', '1GkKn4Uinzh5MvfBgnjd', '2022-04-11', 'International Relations', '1520331606\r'),
(3290000, 'Jobye', 'Harradence', '1991-12-20', '1Fw3M2LvEBvxGVVjvMDi', '2022-06-01', 'Communication', '1045097551\r'),
(3300000, 'Darryl', 'Ferriere', '1991-09-08', '1ANdQ3DzXatUVPCDe1wh', '2021-01-10', 'Engineering', '9875274011\r'),
(3310000, 'Lexy', 'De Gregoli', '1996-09-18', '1H7cQuVedqrn1AFgxtzi', '2024-05-11', 'Public Health', '1414912625\r'),
(3330000, 'Burtie', 'Dot', '1993-12-12', '1NGp7oQsyvWWxBMq1m6N', '2023-11-30', 'Arts', '6012928939\r'),
(3340000, 'Laird', 'Schrieves', '1993-10-08', '1JC6erYUjrJhw1yuSh7J', '2022-09-20', 'Computer Science', '2599502497\r'),
(3350000, 'Silvano', 'Colleck', '1991-06-20', '1PfzUD67KmSuSZ2zWs4d', '2023-01-19', 'Business Administration', '8490881944\r'),
(3360000, 'Thomasine', 'Dennitts', '1990-12-18', '1KANxMVt5KfAoKNRzi1e', '2021-02-28', 'Design', '5662125732\r'),
(3370000, 'Lester', 'Matheson', '1997-07-05', '191Z5vnG343WqsLSUMSL', '2021-01-22', 'Veterinary Science', '3894991852\r'),
(3390000, 'Chevy', 'Fellona', '1996-01-08', '1H3J31wm5Drq8URvq3eW', '2020-12-23', 'Hospitality Management', '9095939391\r'),
(3400000, 'Viva', 'Sexton', '1991-01-21', '1FhETK2hirH3QM1jgze7', '2021-08-31', 'Public Health', '4227017599\r'),
(3410000, 'Tatiana', 'Beeken', '2000-04-28', '1FbFoEd7HFwpJPNYMERg', '2022-07-10', 'Computer Science', '9658245935\r'),
(3420000, 'Jany', 'Rothchild', '2001-12-30', '19UkfkC419BEisySKGGu', '2020-12-04', 'Music', '4662347882\r'),
(3430000, 'Babbette', 'Shorey', '1991-01-19', '1JrohHKaySKXN5vXDysY', '2021-07-01', 'Nursing', '3220636268\r'),
(3440000, 'Lizzy', 'Hintze', '2001-06-30', '1BUqeLNjiqetAykXV1C6', '2023-04-01', 'Urban Planning', '4441903391\r'),
(3450000, 'Elianore', 'Gutman', '1998-07-11', '1AsrZgVpdfTuxTVmDBW5', '2022-07-01', 'Medicine', '4868187031\r'),
(3470000, 'Rod', 'Wisdom', '1999-07-27', '15gMiKjYYFWShYdy1GCC', '2021-03-11', 'Computer Science', '8840717757\r'),
(3480000, 'Con', 'Buche', '1999-12-22', '16NaA3WFFKPALbyKB9Wg', '2022-08-18', 'Computer Science', '5098455502\r'),
(3490000, 'Patsy', 'Paybody', '1999-05-16', '14iKtCjo9v26NxcbzDLi', '2022-08-30', 'Data Science', '7176504040\r'),
(3500000, 'Ingrid', 'Upshall', '2000-01-21', '1GzPtLBjdx81P4TDSi1d', '2023-05-04', 'Medicine', '7424596063\r'),
(3520000, 'Wolfgang', 'Wrightem', '1998-02-02', '1BH5ria3T7adqRSA15q9', '2021-11-13', 'Nursing', '3004464748\r'),
(3530000, 'Townsend', 'Jacqueminet', '2000-01-28', '1J8ECv2YY9kFRWuSYtZp', '2020-08-15', 'Liberal Arts', '2713353572\r'),
(3540000, 'Maxine', 'Newband', '2001-01-28', '1J3dmE49vRrfmKt25A2S', '2020-12-06', 'Pharmacy', '5845314224\r'),
(3550000, 'Jonas', 'Capozzi', '1996-01-19', '1DXgUNkHyxAWiCSBNEQu', '2021-04-22', 'Computer Science', '9306301278\r'),
(3560000, 'Cherianne', 'Hutcheon', '1990-01-24', '1FUkzyGiRiN7KEhUBajM', '2022-06-09', 'Hospitality Management', '0596770960\r'),
(3570000, 'Nanon', 'Scholtz', '1994-12-04', '1FmdPJFkBfJtApxgwAud', '2022-01-13', 'Social Work', '9660312415\r'),
(3590000, 'Ami', 'Corringham', '2001-12-23', '1BzzUFYB3hvctUaJn6vn', '2022-09-01', 'Liberal Arts', '5661085192\r'),
(3610000, 'Dara', 'Bugbird', '1997-10-09', '1L9e9RtraQWdnVFy6QYa', '2023-03-30', 'Communication', '7289417895\r'),
(3620000, 'Phillis', 'Girvin', '2003-10-25', '1653ziReWvKgLJW8vHnr', '2023-10-23', 'Liberal Arts', '4434752790\r'),
(3630000, 'Marissa', 'Sproul', '1992-12-22', '1K83uUqkYwHjzRgQAGqS', '2021-10-20', 'Biotechnology', '7808787566\r'),
(3650000, 'Suki', 'Gergely', '2001-12-08', '1HRzVjYzrciJciQzcTPL', '2022-10-10', 'Public Health', '0830667431\r'),
(3660000, 'Barclay', 'Toulch', '1994-10-06', '1MfqfS6PxJW1VsWipy1q', '2022-07-19', 'Fine Arts', '5709467456\r'),
(3670000, 'Phylis', 'Dannett', '1991-01-04', '1GvjKRX4UyojP47FMNwP', '2021-08-06', 'Environmental Science', '4476752292\r'),
(3680000, 'Tamas', 'Maton', '1994-04-13', '1BZj37s6p9e9yHndgasZ', '2022-11-02', 'Music', '6372215306\r'),
(3700000, 'Margalo', 'Ulyet', '2001-03-01', '1EfoF5JH16vJPGRrirVA', '2023-01-11', 'Architecture', '5465451696\r'),
(3710000, 'Illa', 'Vink', '1990-01-13', '113ka1L3kw99cGQHAwA6', '2024-02-14', 'Business Administration', '4000041703\r'),
(3720000, 'Page', 'Kuhlmey', '2000-01-04', '13xXj1nyawYwmBWoe9ZV', '2021-01-28', 'Architecture', '4788537028\r'),
(3730000, 'Cece', 'Aldwinckle', '1990-01-30', '1M2qHqJETtzHNx67x2Yi', '2022-04-21', 'Nursing', '4496288273\r'),
(3740000, 'Cherye', 'Bradnam', '1995-09-04', '13Brkg7Axk5QMjDUNQBP', '2022-01-05', 'Journalism', '9053343830\r'),
(3750000, 'Joya', 'Moorrud', '1995-08-02', '1FTgaS9afei5GxB71aJy', '2023-12-16', 'Communication', '7321779769\r'),
(3760000, 'Ruthy', 'Tither', '1990-09-07', '1P4RF75gjmd84JrhadpY', '2024-04-24', 'Data Science', '9129046378\r'),
(3770000, 'Clayson', 'St. Leger', '1997-09-17', '18YNtPnZtu5k2ke4AFnM', '2021-01-17', 'Data Science', '2105105750\r'),
(3780000, 'Kendrick', 'Blaycock', '2003-09-13', '1hvaWHCYvcrxx9hpnDhx', '2022-12-16', 'Hospitality Management', '4108016203\r'),
(3790000, 'Forester', 'Croisier', '1995-09-27', '16GfwVDkqkSjQJ5EkV69', '2020-07-17', 'Environmental Science', '6928937408\r'),
(3800000, 'Clarisse', 'Van Der Walt', '1999-07-13', '1PfwEJhYHULMJwsBeS38', '2021-07-22', 'Data Science', '7242599628\r'),
(3810000, 'Stephanus', 'Knappett', '1997-06-11', '1PJwQv7N2fPDuWcpAjcs', '2023-05-22', 'Public Health', '5688089741\r'),
(3820000, 'Eryn', 'Hardaway', '1993-01-08', '12kHA4HmkVDV1Re7Jnct', '2021-01-16', 'Computer Science', '9363972518\r'),
(3830000, 'Hayes', 'Vevers', '1996-10-28', '1MHPddVh9Xfa8X4RCHnn', '2024-01-21', 'Fine Arts', '1984213644\r'),
(3840000, 'Edyth', 'Anthona', '1991-04-10', '1EeKXPFhsFAnwsUiGRRW', '2020-08-02', 'Engineering', '3110516004\r'),
(3850000, 'Bernhard', 'Aggis', '2000-06-02', '1KW5KR69AKdw6oqdCdKA', '2021-01-14', 'Dental Surgery', '0835662322\r'),
(3860000, 'Marna', 'Frankcomb', '1992-06-15', '18JqHDrXC8FmYYLKcxBn', '2021-04-02', 'Liberal Arts', '4393175964\r'),
(3870000, 'Connie', 'Krystof', '2001-10-31', '1CFwFBzMv2v3dJAAy9BB', '2021-08-05', 'Architecture', '0255520379\r'),
(3890000, 'Leesa', 'Mellings', '1996-10-22', '1LDVrVX8f3dcybCzH1jE', '2021-01-11', 'Music', '1803224584\r'),
(3920000, 'Leyla', 'Wilhelmy', '1993-04-21', '17stb6tdioNupLPXyivK', '2022-02-25', 'Sports Management', '6407484049\r'),
(3930000, 'Trixi', 'Hill', '1990-06-10', '1DQtaeLKmg2Mr76MNJpA', '2022-09-06', 'Laws', '0026348543\r'),
(3940000, 'Lesya', 'Warret', '1991-12-25', '1KksdBjPYwntJ1eh7Tn6', '2021-11-18', 'Pharmacy', '7885977277\r'),
(3970000, 'Marc', 'Teligin', '2001-01-27', '1N6FucBLAYANQu5sRtPY', '2020-11-19', 'Arts', '7520680959\r'),
(3980000, 'Karole', 'Chamney', '2002-11-02', '19zoHiHvjFKEiAQhh6Pd', '2024-03-03', 'Hospitality Management', '3462629476\r'),
(3990000, 'Vincenty', 'Elrick', '1992-06-22', '1N6qLEzEjs3YpAYBrX7L', '2022-09-21', 'Biotechnology', '9370631127\r');

-- --------------------------------------------------------

--
-- Table structure for table `student_course_registration`
--

CREATE TABLE `student_course_registration` (
  `student_id` int(11) NOT NULL,
  `course_id` int(11) NOT NULL,
  `semester_id` int(11) NOT NULL,
  `teacher_id` int(11) DEFAULT NULL,
  `signup_date` date DEFAULT NULL
) ENGINE=InnoDB DEFAULT CHARSET=utf8mb4 COLLATE=utf8mb4_general_ci;

-- --------------------------------------------------------

--
-- Table structure for table `student_test_participation`
--

CREATE TABLE `student_test_participation` (
  `student_id` int(11) NOT NULL,
  `test_id` int(11) NOT NULL
) ENGINE=InnoDB DEFAULT CHARSET=utf8mb4 COLLATE=utf8mb4_general_ci;

--
-- Dumping data for table `student_test_participation`
--

INSERT INTO `student_test_participation` (`student_id`, `test_id`) VALUES
(1, 63),
(1, 729),
(3, 423),
(5, 370),
(7, 105),
(8, 393),
(9, 530),
(10, 414),
(10, 815),
(10, 862),
(10, 895),
(13, 102),
(13, 288),
(14, 13),
(14, 857),
(16, 32),
(16, 74),
(17, 68),
(18, 379),
(19, 500),
(20, 193),
(20, 599),
(22, 85),
(22, 849),
(23, 67),
(25, 339),
(25, 627),
(27, 763),
(28, 200),
(29, 271),
(29, 640),
(31, 138),
(31, 942),
(32, 464),
(32, 472),
(32, 484),
(33, 888),
(36, 50),
(36, 256),
(38, 697),
(43, 746),
(47, 324),
(52, 680),
(53, 744),
(53, 933),
(54, 168),
(55, 162),
(58, 125),
(58, 732),
(61, 579),
(62, 683),
(62, 859),
(63, 187),
(63, 689),
(64, 908),
(69, 798),
(71, 381),
(72, 845),
(73, 520),
(74, 922),
(75, 163),
(75, 282),
(77, 2),
(82, 10),
(82, 829),
(83, 159),
(83, 657),
(83, 762),
(85, 479),
(86, 265),
(86, 771),
(86, 816),
(91, 419),
(94, 30),
(95, 90),
(95, 927),
(97, 711),
(98, 832),
(99, 655),
(99, 770),
(101, 39),
(103, 173),
(103, 314),
(103, 941),
(105, 186),
(110, 108),
(112, 276),
(113, 22),
(113, 660),
(114, 547),
(115, 449),
(116, 303),
(116, 646),
(119, 101),
(120, 537),
(121, 52),
(121, 70),
(121, 751),
(122, 1),
(125, 661),
(125, 678),
(126, 372),
(127, 312),
(128, 367),
(129, 104),
(130, 944),
(131, 69),
(131, 325),
(134, 578),
(134, 720),
(136, 588),
(140, 459),
(140, 524),
(140, 569),
(140, 756),
(141, 389),
(144, 3),
(144, 909),
(145, 57),
(145, 462),
(145, 488),
(149, 826),
(149, 928),
(150, 136),
(151, 27),
(151, 83),
(151, 516),
(152, 768),
(153, 202),
(155, 563),
(156, 123),
(156, 827),
(158, 254),
(159, 305),
(159, 684),
(160, 609),
(162, 297),
(163, 151),
(163, 795),
(163, 839),
(164, 300),
(167, 360),
(167, 467),
(167, 572),
(168, 167),
(170, 132),
(170, 306),
(170, 844),
(171, 287),
(172, 525),
(173, 409),
(174, 36),
(174, 95),
(174, 515),
(174, 699),
(177, 237),
(177, 258),
(178, 451),
(182, 628),
(183, 896),
(184, 821),
(185, 238),
(186, 149),
(188, 326),
(191, 870),
(193, 853),
(194, 694),
(194, 864),
(195, 718),
(196, 809),
(197, 208),
(201, 543),
(201, 607),
(201, 611),
(202, 846),
(202, 946),
(203, 573),
(203, 801),
(204, 682),
(205, 447),
(207, 600),
(209, 347),
(210, 155),
(210, 886),
(212, 491),
(213, 196),
(215, 346),
(216, 540),
(216, 554),
(218, 322),
(219, 215),
(219, 676),
(220, 841),
(221, 129),
(222, 837),
(223, 212),
(226, 440),
(228, 33),
(228, 80),
(228, 416),
(228, 567),
(229, 691),
(231, 511),
(232, 88),
(232, 907),
(232, 932),
(233, 337),
(233, 774),
(235, 160),
(235, 690),
(235, 792),
(236, 302),
(238, 633),
(242, 223),
(242, 730),
(243, 474),
(246, 881),
(247, 368),
(250, 219),
(252, 158),
(253, 246),
(256, 431),
(257, 533),
(257, 616),
(258, 916),
(261, 93),
(261, 384),
(261, 812),
(262, 257),
(262, 811),
(263, 195),
(264, 643),
(264, 717),
(265, 210),
(267, 581),
(267, 644),
(267, 806),
(270, 82),
(270, 568),
(270, 913),
(272, 128),
(276, 546),
(276, 625),
(278, 366),
(282, 46),
(282, 410),
(285, 564),
(285, 747),
(290, 235),
(292, 24),
(293, 405),
(294, 189),
(294, 460),
(295, 394),
(295, 631),
(296, 498),
(300, 620),
(303, 17),
(304, 526),
(304, 894),
(306, 517),
(309, 819),
(310, 584),
(311, 181),
(312, 141),
(312, 315),
(312, 820),
(314, 47),
(314, 100),
(314, 719),
(316, 929),
(317, 728),
(320, 192),
(320, 767),
(321, 91),
(322, 371),
(322, 438),
(322, 527),
(325, 349),
(325, 355),
(326, 245),
(327, 313),
(328, 897),
(329, 350),
(330, 185),
(330, 373),
(336, 35),
(337, 912),
(339, 204),
(340, 144),
(340, 284),
(340, 943),
(340, 948),
(342, 638),
(342, 721),
(343, 514),
(343, 603),
(345, 49),
(345, 435),
(346, 617),
(347, 188),
(347, 249),
(347, 869),
(349, 76),
(349, 89),
(349, 308),
(349, 492),
(350, 814),
(351, 604),
(351, 898),
(353, 429),
(353, 940),
(354, 277),
(355, 483),
(356, 548),
(357, 863),
(359, 945),
(359, 947),
(360, 635),
(361, 786),
(362, 293),
(363, 396),
(365, 571),
(371, 924),
(373, 154),
(373, 773),
(374, 583),
(377, 66),
(377, 157),
(377, 659),
(378, 283),
(381, 789),
(382, 712),
(383, 800),
(384, 833),
(386, 510),
(387, 146),
(388, 7),
(390, 338),
(390, 848),
(392, 882),
(393, 420),
(394, 470),
(394, 637),
(397, 501),
(398, 99),
(399, 406),
(400, 765),
(400, 871),
(401, 670),
(401, 759),
(405, 665),
(406, 791),
(407, 493),
(408, 111),
(408, 117),
(411, 94),
(413, 412),
(416, 736),
(416, 787),
(417, 97),
(417, 714),
(419, 309),
(419, 348),
(419, 445),
(419, 662),
(419, 910),
(419, 931),
(420, 794),
(426, 499),
(428, 251),
(428, 873),
(429, 390),
(433, 427),
(434, 242),
(435, 675),
(437, 328),
(437, 365),
(437, 799),
(440, 764),
(441, 433),
(442, 692),
(445, 669),
(446, 808),
(447, 220),
(452, 26),
(453, 528),
(453, 534),
(455, 432),
(456, 124),
(456, 413),
(456, 473),
(456, 495),
(456, 585),
(458, 329),
(462, 486),
(462, 575),
(464, 71),
(466, 422),
(467, 294),
(468, 16),
(468, 456),
(469, 421),
(472, 18),
(474, 197),
(474, 301),
(474, 698),
(476, 174),
(477, 766),
(479, 630),
(479, 803),
(480, 706),
(481, 397),
(482, 333),
(484, 84),
(487, 904),
(488, 709),
(489, 594),
(489, 900),
(491, 304),
(491, 840),
(492, 291),
(494, 14),
(495, 64),
(495, 902),
(497, 444),
(497, 885),
(498, 508),
(498, 541),
(498, 872),
(499, 535),
(501, 905),
(502, 25),
(502, 741),
(503, 318),
(503, 443),
(503, 458),
(505, 545),
(506, 512),
(508, 96),
(512, 229),
(516, 164),
(517, 551),
(519, 481),
(521, 45),
(521, 539),
(521, 742),
(522, 118),
(525, 496),
(526, 44),
(530, 879),
(531, 955),
(534, 224),
(535, 797),
(536, 453),
(539, 165),
(539, 505),
(539, 810),
(540, 51),
(540, 855),
(541, 614),
(542, 120),
(542, 782),
(542, 867),
(547, 230),
(550, 98),
(550, 386),
(553, 645),
(554, 439),
(554, 700),
(555, 490),
(555, 866),
(556, 923),
(562, 37),
(563, 590),
(564, 641),
(566, 649),
(568, 487),
(570, 804),
(572, 243),
(572, 727),
(575, 327),
(576, 553),
(580, 686),
(582, 126),
(582, 874),
(582, 956),
(584, 861),
(585, 919),
(586, 485),
(586, 494),
(588, 175),
(589, 295),
(589, 374),
(591, 42),
(591, 269),
(594, 131),
(594, 450),
(597, 843),
(598, 696),
(599, 779),
(599, 802),
(601, 211),
(603, 31),
(603, 598),
(604, 252),
(605, 852),
(606, 713),
(607, 378),
(608, 55),
(608, 752),
(608, 834),
(609, 255),
(610, 375),
(611, 574),
(611, 677),
(613, 954),
(617, 480),
(618, 418),
(619, 221),
(619, 320),
(619, 918),
(620, 576),
(621, 261),
(622, 228),
(623, 506),
(623, 596),
(624, 457),
(626, 307),
(626, 387),
(629, 642),
(631, 343),
(631, 748),
(632, 731),
(633, 106),
(633, 296),
(633, 618),
(634, 209),
(634, 716),
(635, 127),
(635, 362),
(638, 86),
(639, 610),
(643, 364),
(643, 466),
(643, 745),
(646, 580),
(648, 369),
(648, 925),
(649, 950),
(650, 656),
(652, 788),
(653, 363),
(657, 114),
(658, 20),
(659, 110),
(662, 178),
(662, 589),
(664, 693),
(665, 236),
(665, 442),
(665, 544),
(666, 290),
(668, 62),
(668, 137),
(670, 531),
(670, 570),
(670, 892),
(671, 4),
(671, 612),
(672, 273),
(673, 40),
(673, 586),
(674, 281),
(677, 549),
(678, 250),
(678, 650),
(680, 739),
(683, 523),
(685, 319),
(687, 606),
(687, 830),
(688, 502),
(689, 299),
(690, 376),
(692, 213),
(694, 53),
(694, 454),
(697, 133),
(697, 353),
(697, 430),
(699, 889),
(700, 856),
(704, 354),
(704, 926),
(706, 87),
(707, 203),
(708, 130),
(708, 593),
(708, 785),
(709, 345),
(709, 681),
(711, 176),
(711, 323),
(712, 595),
(715, 391),
(715, 824),
(718, 518),
(719, 191),
(720, 562),
(721, 668),
(723, 781),
(725, 463),
(728, 704),
(729, 658),
(730, 901),
(731, 385),
(732, 289),
(732, 468),
(737, 777),
(739, 148),
(739, 536),
(741, 805),
(742, 952),
(743, 529),
(745, 198),
(745, 247),
(745, 342),
(746, 519),
(749, 772),
(750, 532),
(752, 455),
(757, 232),
(757, 426),
(758, 629),
(758, 708),
(761, 883),
(762, 666),
(766, 465),
(767, 687),
(768, 239),
(768, 865),
(770, 577),
(771, 417),
(775, 227),
(777, 654),
(778, 81),
(778, 336),
(780, 538),
(780, 937),
(781, 5),
(783, 270),
(784, 75),
(785, 73),
(785, 860),
(787, 648),
(792, 6),
(792, 275),
(794, 441),
(796, 592),
(798, 241),
(799, 60),
(799, 949),
(800, 914),
(802, 58),
(803, 109),
(803, 722),
(803, 884),
(806, 12),
(806, 915),
(808, 707),
(809, 140),
(809, 201),
(809, 280),
(811, 331),
(811, 591),
(813, 266),
(815, 755),
(816, 147),
(816, 357),
(816, 436),
(816, 542),
(817, 43),
(817, 145),
(817, 750),
(818, 107),
(818, 317),
(819, 887),
(822, 183),
(823, 817),
(825, 400),
(825, 437),
(827, 597),
(828, 380),
(829, 253),
(829, 428),
(830, 615),
(831, 321),
(832, 358),
(833, 244),
(833, 906),
(834, 206),
(836, 411),
(836, 936),
(842, 351),
(843, 651),
(843, 899),
(844, 113),
(844, 143),
(844, 639),
(845, 469),
(846, 395),
(846, 478),
(846, 653),
(846, 842),
(847, 79),
(847, 278),
(850, 56),
(850, 836),
(850, 953),
(854, 352),
(856, 703),
(857, 184),
(857, 851),
(858, 169),
(859, 461),
(861, 135),
(862, 471),
(862, 807),
(865, 392),
(867, 41),
(871, 207),
(873, 672),
(875, 685),
(876, 260),
(876, 475),
(877, 377),
(878, 725),
(879, 559),
(879, 679),
(881, 240),
(882, 225),
(882, 268),
(884, 733),
(885, 822),
(887, 171),
(889, 557),
(896, 921),
(897, 446),
(897, 705),
(899, 332),
(899, 561),
(900, 828),
(902, 205),
(905, 710),
(905, 890),
(906, 177),
(908, 8),
(909, 743),
(911, 477),
(911, 854),
(913, 674),
(914, 448),
(915, 180),
(916, 776),
(918, 738),
(919, 875),
(920, 621),
(921, 407),
(925, 552),
(928, 858),
(931, 951),
(933, 757),
(934, 214),
(937, 754),
(938, 753),
(939, 286),
(942, 734),
(942, 790),
(943, 619),
(944, 399),
(946, 92),
(951, 361),
(951, 878),
(952, 624),
(952, 920),
(954, 566),
(954, 652),
(957, 161),
(957, 778),
(957, 796),
(962, 780),
(967, 760),
(968, 382),
(968, 476),
(969, 634),
(970, 119),
(972, 11),
(972, 868),
(974, 695),
(975, 403),
(977, 622),
(977, 930),
(979, 298),
(979, 602),
(979, 761),
(980, 847),
(981, 59),
(983, 156),
(986, 121),
(987, 38),
(988, 724),
(989, 911),
(990, 489),
(991, 556),
(992, 150),
(992, 608),
(993, 452),
(993, 723),
(995, 19),
(995, 701),
(996, 702),
(997, 54),
(997, 877),
(999, 170),
(999, 218),
(999, 408),
(1000, 415),
(1000, 726);

-- --------------------------------------------------------

--
-- Table structure for table `student_transfers`
--

CREATE TABLE `student_transfers` (
  `student_id` int(11) NOT NULL,
  `transfer_id` int(11) NOT NULL
) ENGINE=InnoDB DEFAULT CHARSET=utf8mb4 COLLATE=utf8mb4_general_ci;

--
-- Dumping data for table `student_transfers`
--

INSERT INTO `student_transfers` (`student_id`, `transfer_id`) VALUES
(50000, 129),
(60000, 232),
(60000, 351),
(70000, 392),
(100000, 38),
(100000, 52),
(100000, 68),
(100000, 263),
(160000, 6),
(170000, 135),
(170000, 369),
(190000, 95),
(190000, 250),
(190000, 346),
(200000, 39),
(220000, 2),
(220000, 387),
(230000, 75),
(240000, 243),
(270000, 152),
(270000, 192),
(270000, 357),
(290000, 119),
(320000, 107),
(330000, 162),
(340000, 272),
(360000, 284),
(370000, 172),
(390000, 161),
(410000, 21),
(410000, 134),
(410000, 274),
(410000, 327),
(410000, 333),
(420000, 179),
(420000, 242),
(430000, 56),
(450000, 87),
(460000, 277),
(480000, 375),
(500000, 330),
(510000, 211),
(510000, 378),
(530000, 360),
(540000, 173),
(550000, 26),
(620000, 350),
(650000, 339),
(680000, 168),
(680000, 307),
(690000, 140),
(710000, 324),
(720000, 112),
(730000, 362),
(750000, 102),
(820000, 117),
(830000, 166),
(840000, 98),
(850000, 230),
(860000, 275),
(860000, 341),
(890000, 306),
(900000, 344),
(920000, 228),
(960000, 133),
(960000, 303),
(970000, 151),
(970000, 379),
(980000, 70),
(1010000, 326),
(1050000, 233),
(1050000, 308),
(1060000, 40),
(1080000, 264),
(1090000, 191),
(1090000, 254),
(1090000, 280),
(1090000, 316),
(1130000, 398),
(1140000, 67),
(1170000, 154),
(1170000, 311),
(1200000, 187),
(1200000, 294),
(1210000, 80),
(1210000, 304),
(1220000, 176),
(1220000, 374),
(1300000, 185),
(1320000, 171),
(1350000, 336),
(1400000, 221),
(1400000, 299),
(1430000, 202),
(1440000, 368),
(1480000, 17),
(1480000, 253),
(1490000, 234),
(1500000, 174),
(1510000, 287),
(1530000, 194),
(1540000, 34),
(1550000, 278),
(1560000, 11),
(1570000, 177),
(1580000, 148),
(1580000, 260),
(1590000, 331),
(1600000, 120),
(1600000, 225),
(1600000, 271),
(1610000, 147),
(1630000, 142),
(1630000, 295),
(1640000, 292),
(1650000, 313),
(1660000, 258),
(1680000, 99),
(1690000, 139),
(1690000, 170),
(1690000, 345),
(1770000, 8),
(1780000, 3),
(1780000, 41),
(1800000, 377),
(1820000, 203),
(1840000, 105),
(1840000, 131),
(1850000, 325),
(1880000, 137),
(1880000, 262),
(1890000, 238),
(1910000, 236),
(1910000, 268),
(1910000, 395),
(1940000, 385),
(1950000, 376),
(1980000, 121),
(1980000, 175),
(1980000, 249),
(1980000, 390),
(1990000, 184),
(2000000, 77),
(2000000, 111),
(2000000, 285),
(2000000, 337),
(2020000, 296),
(2040000, 396),
(2070000, 276),
(2140000, 27),
(2140000, 62),
(2140000, 251),
(2140000, 381),
(2180000, 393),
(2210000, 18),
(2210000, 219),
(2210000, 352),
(2220000, 24),
(2220000, 81),
(2220000, 400),
(2230000, 266),
(2250000, 145),
(2260000, 47),
(2260000, 289),
(2270000, 183),
(2290000, 335),
(2300000, 190),
(2300000, 261),
(2300000, 273),
(2340000, 10),
(2340000, 19),
(2340000, 29),
(2360000, 328),
(2370000, 73),
(2370000, 108),
(2370000, 181),
(2400000, 4),
(2400000, 115),
(2410000, 72),
(2420000, 269),
(2430000, 226),
(2430000, 340),
(2450000, 256),
(2460000, 60),
(2460000, 123),
(2470000, 37),
(2500000, 167),
(2510000, 222),
(2520000, 106),
(2560000, 141),
(2560000, 245),
(2560000, 373),
(2570000, 83),
(2570000, 394),
(2610000, 31),
(2620000, 241),
(2630000, 14),
(2630000, 302),
(2640000, 196),
(2670000, 74),
(2670000, 114),
(2680000, 45),
(2680000, 85),
(2680000, 158),
(2680000, 300),
(2690000, 205),
(2700000, 58),
(2700000, 113),
(2710000, 138),
(2710000, 213),
(2730000, 1),
(2760000, 270),
(2780000, 305),
(2790000, 109),
(2790000, 265),
(2810000, 215),
(2810000, 309),
(2810000, 310),
(2840000, 182),
(2850000, 365),
(2860000, 54),
(2910000, 46),
(2930000, 204),
(2930000, 282),
(3020000, 321),
(3040000, 130),
(3040000, 259),
(3060000, 353),
(3080000, 89),
(3080000, 116),
(3090000, 96),
(3110000, 159),
(3110000, 200),
(3110000, 317),
(3120000, 55),
(3130000, 208),
(3140000, 157),
(3150000, 91),
(3150000, 124),
(3160000, 132),
(3160000, 338),
(3170000, 189),
(3180000, 57),
(3180000, 366),
(3190000, 13),
(3210000, 110),
(3210000, 322),
(3220000, 370),
(3230000, 35),
(3230000, 59),
(3230000, 195),
(3230000, 223),
(3250000, 71),
(3280000, 164),
(3290000, 146),
(3290000, 163),
(3300000, 224),
(3300000, 347),
(3300000, 384),
(3310000, 257),
(3340000, 84),
(3350000, 51),
(3350000, 248),
(3370000, 63),
(3370000, 180),
(3370000, 214),
(3390000, 397),
(3400000, 36),
(3420000, 255),
(3430000, 127),
(3430000, 229),
(3440000, 65),
(3440000, 210),
(3470000, 193),
(3480000, 383),
(3490000, 235),
(3490000, 240),
(3490000, 312),
(3490000, 388),
(3520000, 48),
(3530000, 100),
(3540000, 288),
(3550000, 237),
(3560000, 103),
(3560000, 155),
(3560000, 160),
(3560000, 298),
(3570000, 25),
(3620000, 5),
(3620000, 314),
(3630000, 82),
(3630000, 198),
(3660000, 380),
(3670000, 252),
(3720000, 149),
(3770000, 358),
(3780000, 371),
(3800000, 28),
(3800000, 136),
(3800000, 355),
(3820000, 93),
(3830000, 153),
(3840000, 197),
(3850000, 150),
(3860000, 354),
(3870000, 122),
(3870000, 363),
(3870000, 399),
(3930000, 86),
(3940000, 33),
(3940000, 66),
(3940000, 290),
(3940000, 343);

-- --------------------------------------------------------

--
-- Table structure for table `teacher`
--

CREATE TABLE `teacher` (
  `id` int(11) NOT NULL,
  `first_name` varchar(50) DEFAULT NULL,
  `last_name` varchar(50) DEFAULT NULL,
  `start_learning` int(11) DEFAULT NULL,
  `bank_account` varchar(20) DEFAULT NULL,
  `date_of_birth` date DEFAULT NULL,
  `national_id` varchar(20) DEFAULT NULL,
  `hire_date` date DEFAULT NULL,
  `department` varchar(100) DEFAULT NULL
) ENGINE=InnoDB DEFAULT CHARSET=utf8mb4 COLLATE=utf8mb4_general_ci;

--
-- Dumping data for table `teacher`
--

INSERT INTO `teacher` (`id`, `first_name`, `last_name`, `start_learning`, `bank_account`, `date_of_birth`, `national_id`, `hire_date`, `department`) VALUES
(1, 'Christian', 'Masseo', 1994, NULL, NULL, NULL, NULL, NULL),
(3, 'Eddy', 'Terzi', 2000, NULL, NULL, NULL, NULL, NULL),
(4, 'Myrtice', 'Grenkov', 2002, NULL, NULL, NULL, NULL, NULL),
(5, 'Hurley', 'Squires', 2009, NULL, NULL, NULL, NULL, NULL),
(6, 'Riannon', 'Steffens', 1999, NULL, NULL, NULL, NULL, NULL),
(7, 'Giustino', 'Trinkwon', 1994, NULL, NULL, NULL, NULL, NULL),
(8, 'Callie', 'Down', 2005, NULL, NULL, NULL, NULL, NULL),
(9, 'Arlin', 'Crandon', 1993, NULL, NULL, NULL, NULL, NULL),
(10, 'Colette', 'O\'Dooghaine', 2003, NULL, NULL, NULL, NULL, NULL),
(11, 'Malissa', 'MacCleod', 2009, NULL, NULL, NULL, NULL, NULL),
(12, 'Maitilde', 'German', 2008, NULL, NULL, NULL, NULL, NULL),
(13, 'Parker', 'Bramble', 2000, NULL, NULL, NULL, NULL, NULL),
(14, 'Cammy', 'Heigho', 2008, NULL, NULL, NULL, NULL, NULL),
(15, 'Frederich', 'Braganza', 2001, NULL, NULL, NULL, NULL, NULL),
(16, 'Denna', 'Anker', 2013, NULL, NULL, NULL, NULL, NULL),
(17, 'Alano', 'Barthropp', 2003, NULL, NULL, NULL, NULL, NULL),
(18, 'Humbert', 'Winslett', 2006, NULL, NULL, NULL, NULL, NULL),
(19, 'Giuseppe', 'Kenworthey', 2013, NULL, NULL, NULL, NULL, NULL),
(20, 'Margarita', 'Norfolk', 2006, NULL, NULL, NULL, NULL, NULL),
(21, 'Korrie', 'Hanaford', 2000, NULL, NULL, NULL, NULL, NULL),
(23, 'Trueman', 'Twigger', 2007, NULL, NULL, NULL, NULL, NULL),
(24, 'Jackqueline', 'Undy', 1993, NULL, NULL, NULL, NULL, NULL),
(25, 'Marty', 'Sirkett', 1997, NULL, NULL, NULL, NULL, NULL),
(26, 'Chicky', 'Ingerith', 1992, NULL, NULL, NULL, NULL, NULL),
(29, 'Harmon', 'Hazlewood', 2006, NULL, NULL, NULL, NULL, NULL),
(31, 'Kristal', 'Fowden', 1999, NULL, NULL, NULL, NULL, NULL),
(32, 'Mayne', 'Elliff', 2001, NULL, NULL, NULL, NULL, NULL),
(33, 'Brigitte', 'Sleaford', 2012, NULL, NULL, NULL, NULL, NULL),
(34, 'Isabelita', 'Kitchingham', 2011, NULL, NULL, NULL, NULL, NULL),
(35, 'Burk', 'Rayment', 1996, NULL, NULL, NULL, NULL, NULL),
(36, 'Iain', 'Littefair', 2011, NULL, NULL, NULL, NULL, NULL),
(37, 'Devonne', 'Peres', 2009, NULL, NULL, NULL, NULL, NULL),
(38, 'Delores', 'Pohlke', 1996, NULL, NULL, NULL, NULL, NULL),
(39, 'Dorree', 'Dickerline', 1994, NULL, NULL, NULL, NULL, NULL),
(41, 'Sherwin', 'Alejandre', 2007, NULL, NULL, NULL, NULL, NULL),
(42, 'Janith', 'MacTeague', 1993, NULL, NULL, NULL, NULL, NULL),
(43, 'Augusta', 'Butterfint', 2011, NULL, NULL, NULL, NULL, NULL),
(44, 'Felic', 'Bassingham', 1998, NULL, NULL, NULL, NULL, NULL),
(45, 'Clement', 'O\'Spellissey', 2006, NULL, NULL, NULL, NULL, NULL),
(46, 'Revkah', 'Dewbury', 1993, NULL, NULL, NULL, NULL, NULL),
(47, 'Retha', 'Belfitt', 2003, NULL, NULL, NULL, NULL, NULL),
(48, 'Wat', 'Stiff', 1991, NULL, NULL, NULL, NULL, NULL),
(50, 'Verna', 'Tripean', 1998, NULL, NULL, NULL, NULL, NULL),
(51, 'Arlen', 'Cary', 2006, NULL, NULL, NULL, NULL, NULL),
(52, 'Lamond', 'Beebis', 1997, NULL, NULL, NULL, NULL, NULL),
(53, 'Raquel', 'Heckner', 1993, NULL, NULL, NULL, NULL, NULL),
(54, 'Maggi', 'Welsby', 1996, NULL, NULL, NULL, NULL, NULL),
(55, 'Robinetta', 'York', 2006, NULL, NULL, NULL, NULL, NULL),
(56, 'Phylys', 'Carling', 1992, NULL, NULL, NULL, NULL, NULL),
(57, 'Robbyn', 'Tadgell', 1999, NULL, NULL, NULL, NULL, NULL),
(59, 'Roana', 'Ketchen', 2002, NULL, NULL, NULL, NULL, NULL),
(60, 'Garner', 'Lorrimer', 2004, NULL, NULL, NULL, NULL, NULL),
(61, 'Sansone', 'Feak', 2008, NULL, NULL, NULL, NULL, NULL),
(62, 'Chiquia', 'Thoma', 2007, NULL, NULL, NULL, NULL, NULL),
(63, 'Tisha', 'Worden', 2005, NULL, NULL, NULL, NULL, NULL),
(64, 'Pet', 'Moline', 2008, NULL, NULL, NULL, NULL, NULL),
(65, 'Deborah', 'Basili', 2002, NULL, NULL, NULL, NULL, NULL),
(66, 'Farrand', 'Hancell', 2004, NULL, NULL, NULL, NULL, NULL),
(67, 'Blanche', 'Goldsack', 2007, NULL, NULL, NULL, NULL, NULL),
(68, 'Lilla', 'Merrilees', 2003, NULL, NULL, NULL, NULL, NULL),
(69, 'Barty', 'Bunce', 2009, NULL, NULL, NULL, NULL, NULL),
(70, 'Magnum', 'Westphal', 2000, NULL, NULL, NULL, NULL, NULL),
(71, 'Harvey', 'Tippin', 1999, NULL, NULL, NULL, NULL, NULL),
(72, 'Erny', 'Hankin', 2009, NULL, NULL, NULL, NULL, NULL),
(73, 'Christophe', 'O\'Duilleain', 1994, NULL, NULL, NULL, NULL, NULL),
(74, 'Sammy', 'Toothill', 2011, NULL, NULL, NULL, NULL, NULL),
(75, 'Felike', 'Sapauton', 1998, NULL, NULL, NULL, NULL, NULL),
(76, 'Henrieta', 'Purves', 2009, NULL, NULL, NULL, NULL, NULL),
(77, 'Bank', 'Baptie', 2004, NULL, NULL, NULL, NULL, NULL),
(78, 'Eudora', 'Eller', 2005, NULL, NULL, NULL, NULL, NULL),
(79, 'Gamaliel', 'Davidou', 2006, NULL, NULL, NULL, NULL, NULL),
(80, 'Des', 'Mangham', 1998, NULL, NULL, NULL, NULL, NULL),
(81, 'Alistair', 'Emberson', 2010, NULL, NULL, NULL, NULL, NULL),
(82, 'Nomi', 'Congrave', 2010, NULL, NULL, NULL, NULL, NULL),
(83, 'Reilly', 'Emmer', 2009, NULL, NULL, NULL, NULL, NULL),
(84, 'Diena', 'Schimmang', 2003, NULL, NULL, NULL, NULL, NULL),
(88, 'Roxine', 'Beasleigh', 2000, NULL, NULL, NULL, NULL, NULL),
(89, 'Ginevra', 'Degoy', 1996, NULL, NULL, NULL, NULL, NULL),
(90, 'Farrell', 'Buckenhill', 2008, NULL, NULL, NULL, NULL, NULL),
(91, 'Isaiah', 'Lewty', 2005, NULL, NULL, NULL, NULL, NULL),
(92, 'Jeff', 'Lumm', 2004, NULL, NULL, NULL, NULL, NULL),
(93, 'Jeanna', 'California', 2003, NULL, NULL, NULL, NULL, NULL),
(94, 'Josh', 'Bethune', 2007, NULL, NULL, NULL, NULL, NULL),
(95, 'Benjamen', 'Abarough', 1998, NULL, NULL, NULL, NULL, NULL),
(96, 'Alex', 'Baxter', 2010, NULL, NULL, NULL, NULL, NULL),
(97, 'Rayna', 'Pollicote', 2013, NULL, NULL, NULL, NULL, NULL),
(98, 'Barthel', 'Abramino', 2001, NULL, NULL, NULL, NULL, NULL),
(99, 'Alex', 'Jermyn', 1992, NULL, NULL, NULL, NULL, NULL),
(100, 'Vivyan', 'Tolussi', 2012, NULL, NULL, NULL, NULL, NULL),
(101, 'Karee', 'Haslen', 1995, NULL, NULL, NULL, NULL, NULL),
(102, 'Noah', 'Barns', 2004, NULL, NULL, NULL, NULL, NULL),
(103, 'Rickert', 'Henric', 2005, NULL, NULL, NULL, NULL, NULL),
(104, 'Alessandra', 'Dobbison', 2001, NULL, NULL, NULL, NULL, NULL),
(105, 'Geri', 'Speare', 2012, NULL, NULL, NULL, NULL, NULL),
(107, 'Jess', 'Struis', 1995, NULL, NULL, NULL, NULL, NULL),
(108, 'Andriette', 'Gouly', 1994, NULL, NULL, NULL, NULL, NULL),
(109, 'Thayne', 'Robyns', 2009, NULL, NULL, NULL, NULL, NULL),
(110, 'Jody', 'Loudyan', 2000, NULL, NULL, NULL, NULL, NULL),
(111, 'Oswald', 'Relph', 2003, NULL, NULL, NULL, NULL, NULL),
(112, 'Gipsy', 'Westnage', 2010, NULL, NULL, NULL, NULL, NULL),
(113, 'Farris', 'O\'Sheeryne', 1998, NULL, NULL, NULL, NULL, NULL),
(115, 'Bethena', 'Forsythe', 2000, NULL, NULL, NULL, NULL, NULL),
(116, 'Constanta', 'Jordine', 1999, NULL, NULL, NULL, NULL, NULL),
(117, 'Amil', 'Binham', 1991, NULL, NULL, NULL, NULL, NULL),
(118, 'Guenna', 'Mityushkin', 2002, NULL, NULL, NULL, NULL, NULL),
(119, 'Marvin', 'Blase', 2000, NULL, NULL, NULL, NULL, NULL),
(120, 'Derry', 'Klimkov', 1990, NULL, NULL, NULL, NULL, NULL),
(121, 'Myranda', 'Harner', 2011, NULL, NULL, NULL, NULL, NULL),
(123, 'Andriana', 'Diss', 2006, NULL, NULL, NULL, NULL, NULL),
(124, 'Annecorinne', 'Navein', 2003, NULL, NULL, NULL, NULL, NULL),
(125, 'Ronnie', 'Nezey', 1998, NULL, NULL, NULL, NULL, NULL),
(126, 'Teri', 'Krahl', 1996, NULL, NULL, NULL, NULL, NULL),
(127, 'Jeannie', 'Macbeth', 2004, NULL, NULL, NULL, NULL, NULL),
(128, 'Carol', 'Rosenthaler', 1997, NULL, NULL, NULL, NULL, NULL),
(129, 'Emylee', 'Frankham', 2001, NULL, NULL, NULL, NULL, NULL),
(130, 'Cordey', 'Feronet', 2004, NULL, NULL, NULL, NULL, NULL),
(131, 'Freddy', 'Farn', 2005, NULL, NULL, NULL, NULL, NULL),
(132, 'Winonah', 'Potteridge', 2004, NULL, NULL, NULL, NULL, NULL),
(133, 'Stearn', 'Job', 1992, NULL, NULL, NULL, NULL, NULL),
(134, 'Corny', 'Starten', 1995, NULL, NULL, NULL, NULL, NULL),
(135, 'Livia', 'Folomkin', 2007, NULL, NULL, NULL, NULL, NULL),
(136, 'Mary', 'Yakunin', 2007, NULL, NULL, NULL, NULL, NULL),
(137, 'Jillane', 'Goodsal', 1997, NULL, NULL, NULL, NULL, NULL),
(138, 'Cosette', 'Jay', 2006, NULL, NULL, NULL, NULL, NULL),
(139, 'Daisy', 'Cockell', 1999, NULL, NULL, NULL, NULL, NULL),
(140, 'Sawyere', 'Hablot', 2005, NULL, NULL, NULL, NULL, NULL),
(141, 'Dede', 'Lippiett', 2012, NULL, NULL, NULL, NULL, NULL),
(142, 'Alida', 'Corah', 1996, NULL, NULL, NULL, NULL, NULL),
(143, 'Cahra', 'Harken', 1994, NULL, NULL, NULL, NULL, NULL),
(144, 'Cissiee', 'Podd', 2005, NULL, NULL, NULL, NULL, NULL),
(145, 'Ortensia', 'Mityukov', 2008, NULL, NULL, NULL, NULL, NULL),
(148, 'Diego', 'Keston', 1993, NULL, NULL, NULL, NULL, NULL),
(149, 'Abby', 'Cumpsty', 2003, NULL, NULL, NULL, NULL, NULL),
(150, 'Roderick', 'Lackinton', 2011, NULL, NULL, NULL, NULL, NULL),
(151, 'Minna', 'Shrive', 2005, NULL, NULL, NULL, NULL, NULL),
(152, 'Winfield', 'Potzold', 1992, NULL, NULL, NULL, NULL, NULL),
(153, 'Gregg', 'Burchess', 2010, NULL, NULL, NULL, NULL, NULL),
(155, 'Jacklyn', 'Harrill', 2008, NULL, NULL, NULL, NULL, NULL),
(157, 'Hillier', 'Snazel', 1993, NULL, NULL, NULL, NULL, NULL),
(158, 'Mendie', 'Hudspith', 2002, NULL, NULL, NULL, NULL, NULL),
(159, 'Gaye', 'Rief', 2002, NULL, NULL, NULL, NULL, NULL),
(160, 'Zonnya', 'Blare', 2007, NULL, NULL, NULL, NULL, NULL),
(161, 'Tamma', 'Edeler', 1998, NULL, NULL, NULL, NULL, NULL),
(162, 'Galen', 'Annesley', 2004, NULL, NULL, NULL, NULL, NULL),
(163, 'Mortie', 'Jacke', 2008, NULL, NULL, NULL, NULL, NULL),
(164, 'Dame', 'Kleis', 1995, NULL, NULL, NULL, NULL, NULL),
(165, 'Lorna', 'Melly', 2001, NULL, NULL, NULL, NULL, NULL),
(166, 'Felice', 'MacGregor', 2004, NULL, NULL, NULL, NULL, NULL),
(167, 'Griffin', 'Gullivent', 2004, NULL, NULL, NULL, NULL, NULL),
(168, 'Hadria', 'Minocchi', 1996, NULL, NULL, NULL, NULL, NULL),
(169, 'Christopher', 'Vynall', 1997, NULL, NULL, NULL, NULL, NULL),
(170, 'Brigitte', 'De Bernardis', 2004, NULL, NULL, NULL, NULL, NULL),
(171, 'Thea', 'Sitlinton', 1995, NULL, NULL, NULL, NULL, NULL),
(172, 'Welsh', 'Nudd', 2004, NULL, NULL, NULL, NULL, NULL),
(173, 'Jessi', 'Comelini', 2006, NULL, NULL, NULL, NULL, NULL),
(174, 'Dedie', 'Laingmaid', 2001, NULL, NULL, NULL, NULL, NULL),
(175, 'Charlotta', 'Bartlomiejczyk', 2007, NULL, NULL, NULL, NULL, NULL),
(176, 'Cyrus', 'Wadley', 2006, NULL, NULL, NULL, NULL, NULL),
(177, 'Damiano', 'Koschke', 1995, NULL, NULL, NULL, NULL, NULL),
(178, 'Billi', 'Olekhov', 2004, NULL, NULL, NULL, NULL, NULL),
(179, 'Damiano', 'Rittmeyer', 1998, NULL, NULL, NULL, NULL, NULL),
(180, 'Jethro', 'Nappin', 1990, NULL, NULL, NULL, NULL, NULL),
(181, 'Ester', 'Bissett', 2008, NULL, NULL, NULL, NULL, NULL),
(182, 'Joann', 'Jansie', 2007, NULL, NULL, NULL, NULL, NULL),
(183, 'Isidore', 'Burr', 1992, NULL, NULL, NULL, NULL, NULL),
(184, 'Valentine', 'Kitter', 2004, NULL, NULL, NULL, NULL, NULL),
(185, 'Reeva', 'Frazer', 2002, NULL, NULL, NULL, NULL, NULL),
(186, 'Gabe', 'Ruddlesden', 1999, NULL, NULL, NULL, NULL, NULL),
(187, 'Conny', 'Wrennall', 1999, NULL, NULL, NULL, NULL, NULL),
(188, 'Caddric', 'Yakov', 2005, NULL, NULL, NULL, NULL, NULL),
(190, 'Dyann', 'Allix', 1992, NULL, NULL, NULL, NULL, NULL),
(191, 'Cherri', 'Valente', 2005, NULL, NULL, NULL, NULL, NULL),
(192, 'Prudy', 'Olifaunt', 1990, NULL, NULL, NULL, NULL, NULL),
(193, 'Meredeth', 'Kondrat', 2011, NULL, NULL, NULL, NULL, NULL),
(194, 'Cecile', 'Cressy', 1992, NULL, NULL, NULL, NULL, NULL),
(195, 'Nedi', 'Orrell', 2008, NULL, NULL, NULL, NULL, NULL),
(196, 'Karlotta', 'Coogan', 2009, NULL, NULL, NULL, NULL, NULL),
(198, 'Betsey', 'Brogioni', 2009, NULL, NULL, NULL, NULL, NULL),
(199, 'Odille', 'O\' Driscoll', 1992, NULL, NULL, NULL, NULL, NULL),
(200, 'Madella', 'Causby', 2002, NULL, NULL, NULL, NULL, NULL),
(201, 'Netta', 'Tookey', 1994, NULL, NULL, NULL, NULL, NULL),
(202, 'Heida', 'Naerup', 2008, NULL, NULL, NULL, NULL, NULL),
(203, 'James', 'Patifield', 1995, NULL, NULL, NULL, NULL, NULL),
(204, 'Abigail', 'd\'Escoffier', 2001, NULL, NULL, NULL, NULL, NULL),
(205, 'Corri', 'Feather', 2003, NULL, NULL, NULL, NULL, NULL),
(207, 'Anet', 'Bickerdike', 2009, NULL, NULL, NULL, NULL, NULL),
(208, 'Warner', 'Lydford', 2003, NULL, NULL, NULL, NULL, NULL),
(209, 'Karoly', 'Haylock', 1996, NULL, NULL, NULL, NULL, NULL),
(211, 'Idaline', 'Bramah', 1993, NULL, NULL, NULL, NULL, NULL),
(212, 'Corliss', 'Darrington', 2002, NULL, NULL, NULL, NULL, NULL),
(213, 'Melesa', 'Sappy', 1994, NULL, NULL, NULL, NULL, NULL),
(214, 'Laraine', 'Limmer', 1999, NULL, NULL, NULL, NULL, NULL),
(215, 'Katalin', 'Bachnic', 1992, NULL, NULL, NULL, NULL, NULL),
(216, 'Sisile', 'Maddin', 1999, NULL, NULL, NULL, NULL, NULL),
(217, 'Starr', 'Guirardin', 1994, NULL, NULL, NULL, NULL, NULL),
(218, 'Sauveur', 'Kollach', 1998, NULL, NULL, NULL, NULL, NULL),
(219, 'Madalyn', 'Bawden', 1994, NULL, NULL, NULL, NULL, NULL),
(220, 'Kym', 'Boatwright', 1999, NULL, NULL, NULL, NULL, NULL),
(221, 'Abie', 'Mattea', 2012, NULL, NULL, NULL, NULL, NULL),
(222, 'Kriste', 'Pettegre', 1993, NULL, NULL, NULL, NULL, NULL),
(223, 'Stanton', 'Bessell', 1989, NULL, NULL, NULL, NULL, NULL),
(224, 'Giacomo', 'McKeever', 2000, NULL, NULL, NULL, NULL, NULL),
(225, 'Piotr', 'Boomes', 2013, NULL, NULL, NULL, NULL, NULL),
(226, 'Fayth', 'Winton', 1993, NULL, NULL, NULL, NULL, NULL),
(227, 'Shayna', 'Sabbatier', 2008, NULL, NULL, NULL, NULL, NULL),
(228, 'Gray', 'Essberger', 2012, NULL, NULL, NULL, NULL, NULL),
(229, 'Barbra', 'Cumberbatch', 2006, NULL, NULL, NULL, NULL, NULL),
(231, 'Hamish', 'Tarney', 2000, NULL, NULL, NULL, NULL, NULL),
(232, 'Herrick', 'Dowdall', 1989, NULL, NULL, NULL, NULL, NULL),
(233, 'Louisa', 'Alkin', 2007, NULL, NULL, NULL, NULL, NULL),
(234, 'Eula', 'Pidgen', 1998, NULL, NULL, NULL, NULL, NULL),
(235, 'Alwyn', 'McVie', 2012, NULL, NULL, NULL, NULL, NULL),
(236, 'Hanna', 'Whitefoot', 1991, NULL, NULL, NULL, NULL, NULL),
(237, 'Rachele', 'Ferroli', 1993, NULL, NULL, NULL, NULL, NULL),
(238, 'Bernete', 'Cay', 2008, NULL, NULL, NULL, NULL, NULL),
(239, 'Filide', 'Brittain', 2006, NULL, NULL, NULL, NULL, NULL),
(240, 'Abeu', 'Stroobant', 2003, NULL, NULL, NULL, NULL, NULL),
(241, 'Vincents', 'Bastin', 2002, NULL, NULL, NULL, NULL, NULL),
(242, 'Elana', 'Lukasik', 2007, NULL, NULL, NULL, NULL, NULL),
(244, 'Claudina', 'Struys', 1998, NULL, NULL, NULL, NULL, NULL),
(245, 'Jim', 'Beevor', 1998, NULL, NULL, NULL, NULL, NULL),
(246, 'Kellen', 'Kull', 2004, NULL, NULL, NULL, NULL, NULL),
(247, 'Jack', 'Yurenev', 1994, NULL, NULL, NULL, NULL, NULL),
(248, 'Laurice', 'Firmin', 1994, NULL, NULL, NULL, NULL, NULL),
(249, 'Aldwin', 'Crellim', 1999, NULL, NULL, NULL, NULL, NULL),
(250, 'Annie', 'Agate', 2000, NULL, NULL, NULL, NULL, NULL),
(252, 'Reginauld', 'Gudyer', 1995, NULL, NULL, NULL, NULL, NULL),
(253, 'Elvera', 'Ovenden', 2007, NULL, NULL, NULL, NULL, NULL),
(254, 'Lenard', 'Brownsill', 2007, NULL, NULL, NULL, NULL, NULL),
(255, 'Knox', 'Konke', 2010, NULL, NULL, NULL, NULL, NULL),
(256, 'Kerr', 'Gofford', 2005, NULL, NULL, NULL, NULL, NULL),
(257, 'Hashim', 'Rubroe', 1999, NULL, NULL, NULL, NULL, NULL),
(258, 'Lek', 'Glencrash', 2003, NULL, NULL, NULL, NULL, NULL),
(259, 'Ddene', 'Lethby', 2010, NULL, NULL, NULL, NULL, NULL),
(260, 'Oona', 'Gremain', 2010, NULL, NULL, NULL, NULL, NULL),
(261, 'Jerrine', 'Kenwin', 1996, NULL, NULL, NULL, NULL, NULL),
(262, 'Emera', 'Whistan', 2000, NULL, NULL, NULL, NULL, NULL),
(263, 'Vitia', 'Lax', 2000, NULL, NULL, NULL, NULL, NULL),
(264, 'Ajay', 'Turfes', 1995, NULL, NULL, NULL, NULL, NULL),
(265, 'Kevan', 'Pattingson', 2000, NULL, NULL, NULL, NULL, NULL),
(267, 'Walton', 'Driussi', 2008, NULL, NULL, NULL, NULL, NULL),
(268, 'Lemmie', 'Woodger', 2011, NULL, NULL, NULL, NULL, NULL),
(269, 'Enid', 'Peye', 1998, NULL, NULL, NULL, NULL, NULL),
(270, 'Kale', 'Kinkaid', 2000, NULL, NULL, NULL, NULL, NULL),
(271, 'Brande', 'Jecks', 2001, NULL, NULL, NULL, NULL, NULL),
(272, 'Eugenio', 'Brickwood', 2004, NULL, NULL, NULL, NULL, NULL),
(273, 'Maxi', 'Side', 2008, NULL, NULL, NULL, NULL, NULL),
(274, 'Haskell', 'Kidd', 2003, NULL, NULL, NULL, NULL, NULL),
(275, 'Odetta', 'Culleford', 1990, NULL, NULL, NULL, NULL, NULL),
(276, 'Elfreda', 'Clementet', 2007, NULL, NULL, NULL, NULL, NULL),
(277, 'George', 'Borzone', 1989, NULL, NULL, NULL, NULL, NULL),
(278, 'Ronny', 'McGeraghty', 2013, NULL, NULL, NULL, NULL, NULL),
(279, 'Olwen', 'Goldhill', 1996, NULL, NULL, NULL, NULL, NULL),
(280, 'Jaime', 'Mairs', 2007, NULL, NULL, NULL, NULL, NULL),
(281, 'Hyacinthie', 'Bellee', 2008, NULL, NULL, NULL, NULL, NULL),
(282, 'Maryl', 'Narup', 2006, NULL, NULL, NULL, NULL, NULL),
(284, 'Lynette', 'Theodore', 1992, NULL, NULL, NULL, NULL, NULL),
(285, 'Finley', 'Rein', 2003, NULL, NULL, NULL, NULL, NULL),
(286, 'Emlen', 'Ledwich', 2007, NULL, NULL, NULL, NULL, NULL),
(287, 'Meridith', 'Georgescu', 1992, NULL, NULL, NULL, NULL, NULL),
(289, 'Lorita', 'Hradsky', 2009, NULL, NULL, NULL, NULL, NULL),
(290, 'Ana', 'Bullas', 2007, NULL, NULL, NULL, NULL, NULL),
(291, 'Cello', 'Wynch', 1996, NULL, NULL, NULL, NULL, NULL),
(292, 'Raquel', 'Gwatkins', 1998, NULL, NULL, NULL, NULL, NULL),
(294, 'Temple', 'Noto', 2008, NULL, NULL, NULL, NULL, NULL),
(295, 'Lissie', 'Dotson', 2005, NULL, NULL, NULL, NULL, NULL),
(296, 'Stormie', 'Posen', 2002, NULL, NULL, NULL, NULL, NULL),
(297, 'Delmar', 'Bockmaster', 1999, NULL, NULL, NULL, NULL, NULL),
(299, 'Antonietta', 'Worwood', 2010, NULL, NULL, NULL, NULL, NULL),
(300, 'Ronnie', 'Moulder', 2005, NULL, NULL, NULL, NULL, NULL),
(301, 'Sammy', 'Penk', 2003, NULL, NULL, NULL, NULL, NULL),
(302, 'Tammie', 'Bidewell', 2007, NULL, NULL, NULL, NULL, NULL),
(303, 'Taber', 'Bolmann', 2000, NULL, NULL, NULL, NULL, NULL),
(304, 'Claribel', 'Tappor', 2010, NULL, NULL, NULL, NULL, NULL),
(305, 'Nixie', 'Stent', 2009, NULL, NULL, NULL, NULL, NULL),
(306, 'Theressa', 'Cauldfield', 2011, NULL, NULL, NULL, NULL, NULL),
(307, 'Bryna', 'Digle', 2012, NULL, NULL, NULL, NULL, NULL),
(308, 'Zora', 'Steely', 1997, NULL, NULL, NULL, NULL, NULL),
(309, 'Cicily', 'McCartney', 2007, NULL, NULL, NULL, NULL, NULL),
(310, 'Thibaut', 'Birtonshaw', 1995, NULL, NULL, NULL, NULL, NULL),
(311, 'Clarence', 'Camelia', 1999, NULL, NULL, NULL, NULL, NULL),
(313, 'Tracey', 'Crampsy', 1999, NULL, NULL, NULL, NULL, NULL),
(314, 'Austine', 'Count', 2001, NULL, NULL, NULL, NULL, NULL),
(315, 'Haskell', 'Arnout', 1990, NULL, NULL, NULL, NULL, NULL),
(316, 'Phelia', 'Gutcher', 2005, NULL, NULL, NULL, NULL, NULL),
(317, 'Blaine', 'Mcall', 2004, NULL, NULL, NULL, NULL, NULL),
(318, 'Florina', 'Applewhaite', 2010, NULL, NULL, NULL, NULL, NULL),
(319, 'Sonni', 'Burmaster', 2002, NULL, NULL, NULL, NULL, NULL),
(320, 'Miller', 'Sutworth', 2006, NULL, NULL, NULL, NULL, NULL),
(321, 'Wally', 'Glander', 2005, NULL, NULL, NULL, NULL, NULL),
(322, 'Creight', 'Casassa', 1994, NULL, NULL, NULL, NULL, NULL),
(323, 'Bronson', 'Shine', 2001, NULL, NULL, NULL, NULL, NULL),
(324, 'Kennett', 'Jearum', 2011, NULL, NULL, NULL, NULL, NULL),
(325, 'Ethelind', 'Coggeshall', 2009, NULL, NULL, NULL, NULL, NULL),
(327, 'Shandee', 'Benoit', 2011, NULL, NULL, NULL, NULL, NULL),
(328, 'Irita', 'Dy', 1999, NULL, NULL, NULL, NULL, NULL),
(329, 'Colas', 'Ditchburn', 2010, NULL, NULL, NULL, NULL, NULL),
(330, 'Creighton', 'Latek', 1995, NULL, NULL, NULL, NULL, NULL),
(331, 'Care', 'Straker', 2004, NULL, NULL, NULL, NULL, NULL),
(332, 'Terra', 'Levee', 2012, NULL, NULL, NULL, NULL, NULL),
(333, 'Broderic', 'Blackie', 1992, NULL, NULL, NULL, NULL, NULL),
(334, 'Iormina', 'Dangerfield', 2008, NULL, NULL, NULL, NULL, NULL),
(336, 'Pascale', 'McClune', 1989, NULL, NULL, NULL, NULL, NULL),
(337, 'Kelsi', 'Smitherham', 2009, NULL, NULL, NULL, NULL, NULL),
(339, 'Virginie', 'Rihanek', 1994, NULL, NULL, NULL, NULL, NULL),
(340, 'Nanete', 'Morpeth', 2001, NULL, NULL, NULL, NULL, NULL),
(341, 'Marcy', 'Loney', 2010, NULL, NULL, NULL, NULL, NULL),
(342, 'Thea', 'Carnachen', 2009, NULL, NULL, NULL, NULL, NULL),
(343, 'Michael', 'Gostick', 2004, NULL, NULL, NULL, NULL, NULL),
(344, 'Mark', 'Lanchbery', 1990, NULL, NULL, NULL, NULL, NULL),
(345, 'Agata', 'Trank', 2008, NULL, NULL, NULL, NULL, NULL),
(347, 'Gwenore', 'Wilkisson', 2000, NULL, NULL, NULL, NULL, NULL),
(348, 'Seymour', 'Rielly', 1992, NULL, NULL, NULL, NULL, NULL),
(349, 'Dennie', 'Rowbrey', 1993, NULL, NULL, NULL, NULL, NULL),
(350, 'Chloette', 'Cumbes', 1990, NULL, NULL, NULL, NULL, NULL),
(351, 'Stormie', 'Funnell', 1995, NULL, NULL, NULL, NULL, NULL),
(352, 'Titus', 'Dimitrijevic', 1991, NULL, NULL, NULL, NULL, NULL),
(353, 'Bobbi', 'Gamlen', 2000, NULL, NULL, NULL, NULL, NULL),
(354, 'Early', 'Bortolomei', 2001, NULL, NULL, NULL, NULL, NULL),
(355, 'Adda', 'Graffham', 2007, NULL, NULL, NULL, NULL, NULL),
(356, 'Godiva', 'Antoinet', 2008, NULL, NULL, NULL, NULL, NULL),
(357, 'Bobina', 'Slipper', 2003, NULL, NULL, NULL, NULL, NULL),
(358, 'Lind', 'Adrianello', 2000, NULL, NULL, NULL, NULL, NULL),
(359, 'Roxy', 'Roels', 2004, NULL, NULL, NULL, NULL, NULL),
(360, 'Marcille', 'Wardhough', 1997, NULL, NULL, NULL, NULL, NULL),
(361, 'Lavinie', 'Lots', 2003, NULL, NULL, NULL, NULL, NULL),
(362, 'Anson', 'Johnke', 1989, NULL, NULL, NULL, NULL, NULL),
(363, 'Edwina', 'Prazor', 1995, NULL, NULL, NULL, NULL, NULL),
(364, 'Berry', 'Krienke', 1991, NULL, NULL, NULL, NULL, NULL),
(365, 'Kirsteni', 'Dallicott', 2007, NULL, NULL, NULL, NULL, NULL),
(366, 'Hillard', 'Swatheridge', 2000, NULL, NULL, NULL, NULL, NULL),
(368, 'Krissy', 'Lohrensen', 1992, NULL, NULL, NULL, NULL, NULL),
(369, 'Ethelred', 'Southall', 2005, NULL, NULL, NULL, NULL, NULL),
(370, 'Osbourn', 'Challin', 2010, NULL, NULL, NULL, NULL, NULL),
(371, 'Ivy', 'Towey', 1992, NULL, NULL, NULL, NULL, NULL),
(372, 'Helsa', 'Schirok', 2002, NULL, NULL, NULL, NULL, NULL),
(373, 'Genni', 'Vynall', 1990, NULL, NULL, NULL, NULL, NULL),
(374, 'Ruby', 'Stickford', 2002, NULL, NULL, NULL, NULL, NULL),
(375, 'Xylina', 'Lemm', 2003, NULL, NULL, NULL, NULL, NULL),
(376, 'Donna', 'Cars', 1993, NULL, NULL, NULL, NULL, NULL),
(377, 'Winnifred', 'Stockhill', 2010, NULL, NULL, NULL, NULL, NULL),
(378, 'Kelli', 'Weal', 1990, NULL, NULL, NULL, NULL, NULL),
(380, 'Frederico', 'Matyushenko', 2013, NULL, NULL, NULL, NULL, NULL),
(381, 'Edi', 'Packe', 2008, NULL, NULL, NULL, NULL, NULL),
(382, 'Guinevere', 'Juares', 2003, NULL, NULL, NULL, NULL, NULL),
(383, 'Sada', 'Mattinson', 1996, NULL, NULL, NULL, NULL, NULL),
(384, 'Nicola', 'Berrow', 1990, NULL, NULL, NULL, NULL, NULL),
(385, 'Caitlin', 'Irnys', 2003, NULL, NULL, NULL, NULL, NULL),
(386, 'Sal', 'Koenen', 1999, NULL, NULL, NULL, NULL, NULL),
(387, 'Jackquelin', 'Vignaux', 1989, NULL, NULL, NULL, NULL, NULL),
(388, 'Sheila', 'Orrobin', 1996, NULL, NULL, NULL, NULL, NULL),
(389, 'Roscoe', 'Selwood', 2009, NULL, NULL, NULL, NULL, NULL),
(390, 'Richmond', 'Husband', 2003, NULL, NULL, NULL, NULL, NULL),
(391, 'Bary', 'Wathen', 2009, NULL, NULL, NULL, NULL, NULL),
(392, 'Tarra', 'Valett', 1999, NULL, NULL, NULL, NULL, NULL),
(393, 'Lanae', 'Gogan', 2010, NULL, NULL, NULL, NULL, NULL),
(394, 'Rodrigo', 'Tearny', 2012, NULL, NULL, NULL, NULL, NULL),
(395, 'Mercy', 'Sirett', 1997, NULL, NULL, NULL, NULL, NULL),
(396, 'Hope', 'Jackways', 2007, NULL, NULL, NULL, NULL, NULL),
(397, 'Kristan', 'Speedy', 1998, NULL, NULL, NULL, NULL, NULL),
(398, 'Ulrikaumeko', 'Lumb', 2011, NULL, NULL, NULL, NULL, NULL),
(399, 'Abner', 'Overall', 1999, NULL, NULL, NULL, NULL, NULL),
(400, 'Andeee', 'Quartermaine', 2009, NULL, NULL, NULL, NULL, NULL),
(402, 'Maje', 'Reckus', 2008, NULL, NULL, NULL, NULL, NULL),
(403, 'Ariana', 'Cremins', 2008, NULL, NULL, NULL, NULL, NULL),
(404, 'Anatola', 'Raspel', 2002, NULL, NULL, NULL, NULL, NULL),
(406, 'Lorene', 'Golling', 2005, NULL, NULL, NULL, NULL, NULL),
(407, 'Magda', 'Spadaro', 2007, NULL, NULL, NULL, NULL, NULL),
(408, 'Rafaellle', 'Faldoe', 2006, NULL, NULL, NULL, NULL, NULL),
(409, 'Bernard', 'Brandes', 1996, NULL, NULL, NULL, NULL, NULL),
(411, 'Shirlee', 'Turrell', 1997, NULL, NULL, NULL, NULL, NULL),
(412, 'Gun', 'Wakeford', 2004, NULL, NULL, NULL, NULL, NULL),
(413, 'Kelly', 'Lebarree', 2012, NULL, NULL, NULL, NULL, NULL),
(414, 'Hildagarde', 'Wharlton', 2010, NULL, NULL, NULL, NULL, NULL),
(415, 'Valaria', 'O\'Doogan', 2012, NULL, NULL, NULL, NULL, NULL),
(416, 'Amalle', 'Cheng', 2004, NULL, NULL, NULL, NULL, NULL),
(417, 'Vasilis', 'Giampietro', 1999, NULL, NULL, NULL, NULL, NULL),
(418, 'Conchita', 'Bandey', 2007, NULL, NULL, NULL, NULL, NULL),
(419, 'Dallis', 'Courson', 2004, NULL, NULL, NULL, NULL, NULL),
(420, 'Marilyn', 'Berrey', 1997, NULL, NULL, NULL, NULL, NULL),
(421, 'Gaven', 'MacDaid', 2001, NULL, NULL, NULL, NULL, NULL),
(422, 'Harlen', 'Dyer', 2010, NULL, NULL, NULL, NULL, NULL),
(423, 'Claribel', 'Beggio', 2011, NULL, NULL, NULL, NULL, NULL),
(424, 'Elena', 'Whitnell', 2000, NULL, NULL, NULL, NULL, NULL),
(425, 'Morgan', 'Bliss', 2004, NULL, NULL, NULL, NULL, NULL),
(426, 'Chadd', 'Andersch', 2008, NULL, NULL, NULL, NULL, NULL),
(428, 'Jillene', 'Ellicock', 2006, NULL, NULL, NULL, NULL, NULL),
(429, 'Moina', 'Willock', 1995, NULL, NULL, NULL, NULL, NULL),
(430, 'Jefferson', 'Looker', 1999, NULL, NULL, NULL, NULL, NULL),
(433, 'Dal', 'Jirzik', 2001, NULL, NULL, NULL, NULL, NULL),
(434, 'Ade', 'Whiten', 1999, NULL, NULL, NULL, NULL, NULL),
(435, 'Dante', 'Reardon', 1999, NULL, NULL, NULL, NULL, NULL),
(436, 'Alicea', 'Insull', 2012, NULL, NULL, NULL, NULL, NULL),
(437, 'Archibald', 'Moulton', 2001, NULL, NULL, NULL, NULL, NULL),
(438, 'Mariya', 'McIver', 2007, NULL, NULL, NULL, NULL, NULL),
(439, 'Quinn', 'Dengel', 2012, NULL, NULL, NULL, NULL, NULL),
(440, 'Rayna', 'Stansby', 2001, NULL, NULL, NULL, NULL, NULL),
(441, 'Frankie', 'Wood', 1992, NULL, NULL, NULL, NULL, NULL),
(442, 'Marietta', 'Groves', 1996, NULL, NULL, NULL, NULL, NULL),
(443, 'Cassy', 'Babe', 1996, NULL, NULL, NULL, NULL, NULL),
(444, 'Ora', 'Drache', 2002, NULL, NULL, NULL, NULL, NULL),
(445, 'Tabbi', 'Chessel', 2010, NULL, NULL, NULL, NULL, NULL),
(446, 'Antonin', 'Meineking', 1995, NULL, NULL, NULL, NULL, NULL),
(447, 'Lotti', 'Phythien', 1996, NULL, NULL, NULL, NULL, NULL),
(448, 'Erny', 'Brodhead', 2002, NULL, NULL, NULL, NULL, NULL),
(449, 'Trever', 'Coupland', 1992, NULL, NULL, NULL, NULL, NULL),
(450, 'Lorettalorna', 'Silverman', 2012, NULL, NULL, NULL, NULL, NULL),
(451, 'Lyda', 'Deabill', 2002, NULL, NULL, NULL, NULL, NULL),
(452, 'Midge', 'Cliburn', 1996, NULL, NULL, NULL, NULL, NULL),
(453, 'Mellicent', 'Carrick', 1993, NULL, NULL, NULL, NULL, NULL),
(454, 'Galvin', 'Gaskin', 2012, NULL, NULL, NULL, NULL, NULL),
(455, 'Sileas', 'Olpin', 1996, NULL, NULL, NULL, NULL, NULL),
(456, 'Riva', 'Gonsalo', 2004, NULL, NULL, NULL, NULL, NULL),
(457, 'Ethelda', 'Hearst', 2011, NULL, NULL, NULL, NULL, NULL),
(458, 'Georges', 'Aldam', 1990, NULL, NULL, NULL, NULL, NULL),
(459, 'Courtney', 'Saker', 2013, NULL, NULL, NULL, NULL, NULL),
(461, 'Cesare', 'Dingsdale', 2009, NULL, NULL, NULL, NULL, NULL),
(462, 'Drucy', 'Padginton', 1997, NULL, NULL, NULL, NULL, NULL),
(463, 'Kaylil', 'Wildsmith', 2005, NULL, NULL, NULL, NULL, NULL),
(464, 'Rozanna', 'Iczokvitz', 2012, NULL, NULL, NULL, NULL, NULL),
(465, 'Lian', 'Barrell', 1996, NULL, NULL, NULL, NULL, NULL),
(467, 'Nancy', 'Pagin', 2011, NULL, NULL, NULL, NULL, NULL),
(468, 'Lyell', 'Elderfield', 1994, NULL, NULL, NULL, NULL, NULL),
(469, 'Odey', 'Scroxton', 2010, NULL, NULL, NULL, NULL, NULL),
(470, 'Sascha', 'Brimmacombe', 2006, NULL, NULL, NULL, NULL, NULL),
(471, 'Vinnie', 'Legate', 2000, NULL, NULL, NULL, NULL, NULL),
(473, 'Nicolais', 'Plaice', 2011, NULL, NULL, NULL, NULL, NULL),
(474, 'Burnaby', 'Batchan', 1995, NULL, NULL, NULL, NULL, NULL),
(476, 'Kaile', 'Truggian', 2008, NULL, NULL, NULL, NULL, NULL),
(477, 'Maryrose', 'Cuthbertson', 2010, NULL, NULL, NULL, NULL, NULL),
(478, 'Mano', 'Philipet', 1997, NULL, NULL, NULL, NULL, NULL),
(479, 'Felicle', 'Syred', 2004, NULL, NULL, NULL, NULL, NULL),
(480, 'Auberta', 'Nardi', 2011, NULL, NULL, NULL, NULL, NULL),
(481, 'Hobart', 'Minker', 2009, NULL, NULL, NULL, NULL, NULL),
(482, 'Chere', 'Ertel', 2006, NULL, NULL, NULL, NULL, NULL),
(484, 'Glenine', 'Klimschak', 2012, NULL, NULL, NULL, NULL, NULL),
(485, 'Ennis', 'O\'Fihillie', 2009, NULL, NULL, NULL, NULL, NULL),
(486, 'Mariam', 'Lead', 2012, NULL, NULL, NULL, NULL, NULL),
(488, 'Cinderella', 'Semper', 2002, NULL, NULL, NULL, NULL, NULL),
(489, 'Kerri', 'Killner', 2000, NULL, NULL, NULL, NULL, NULL),
(490, 'Heidi', 'Mahmood', 1998, NULL, NULL, NULL, NULL, NULL),
(491, 'Kip', 'Breagan', 2005, NULL, NULL, NULL, NULL, NULL),
(492, 'Bonni', 'Claus', 2002, NULL, NULL, NULL, NULL, NULL),
(493, 'Pat', 'Benneyworth', 1998, NULL, NULL, NULL, NULL, NULL),
(494, 'Mickie', 'Dericot', 2007, NULL, NULL, NULL, NULL, NULL),
(495, 'Erastus', 'Tarpey', 2010, NULL, NULL, NULL, NULL, NULL),
(496, 'Helaina', 'Brandt', 2002, NULL, NULL, NULL, NULL, NULL),
(498, 'Tan', 'Pestridge', 2003, NULL, NULL, NULL, NULL, NULL),
(499, 'Katharina', 'Lexa', 2012, NULL, NULL, NULL, NULL, NULL),
(500, 'Nels', 'Gentry', 2010, NULL, NULL, NULL, NULL, NULL),
(501, 'Robin', 'Butterfill', 2010, NULL, NULL, NULL, NULL, NULL),
(502, 'Tyson', 'Woolgar', 1994, NULL, NULL, NULL, NULL, NULL),
(503, 'Hermine', 'Snoddin', 2004, NULL, NULL, NULL, NULL, NULL),
(504, 'Germaine', 'Ferson', 2000, NULL, NULL, NULL, NULL, NULL),
(505, 'Kinnie', 'Secrett', 2007, NULL, NULL, NULL, NULL, NULL),
(506, 'Elvera', 'Gasnoll', 1997, NULL, NULL, NULL, NULL, NULL),
(507, 'Berte', 'Widdup', 2003, NULL, NULL, NULL, NULL, NULL),
(508, 'Trish', 'Tiptaft', 2008, NULL, NULL, NULL, NULL, NULL),
(509, 'Brandy', 'Hyde-Chambers', 1990, NULL, NULL, NULL, NULL, NULL),
(510, 'Charmian', 'Monni', 1999, NULL, NULL, NULL, NULL, NULL),
(511, 'Murielle', 'Meagher', 1991, NULL, NULL, NULL, NULL, NULL),
(512, 'Florence', 'Pasmore', 1993, NULL, NULL, NULL, NULL, NULL),
(513, 'Derby', 'Wayland', 1998, NULL, NULL, NULL, NULL, NULL),
(514, 'Merell', 'Maria', 2012, NULL, NULL, NULL, NULL, NULL),
(515, 'Karon', 'Hocking', 1997, NULL, NULL, NULL, NULL, NULL),
(517, 'Lammond', 'Kondratyuk', 1995, NULL, NULL, NULL, NULL, NULL),
(518, 'Sascha', 'Yexley', 1992, NULL, NULL, NULL, NULL, NULL),
(519, 'Wolf', 'Tickel', 2002, NULL, NULL, NULL, NULL, NULL),
(520, 'Alard', 'Jude', 2012, NULL, NULL, NULL, NULL, NULL),
(521, 'Ashla', 'Revely', 2004, NULL, NULL, NULL, NULL, NULL),
(522, 'Donni', 'Jeandel', 2008, NULL, NULL, NULL, NULL, NULL),
(523, 'Willi', 'Peggs', 2007, NULL, NULL, NULL, NULL, NULL),
(524, 'Megen', 'Spofford', 2006, NULL, NULL, NULL, NULL, NULL),
(525, 'Sheree', 'Speedin', 1990, NULL, NULL, NULL, NULL, NULL),
(526, 'Yvonne', 'Shorey', 2008, NULL, NULL, NULL, NULL, NULL),
(527, 'Ichabod', 'Buggs', 2002, NULL, NULL, NULL, NULL, NULL),
(528, 'Evy', 'Risely', 2004, NULL, NULL, NULL, NULL, NULL),
(529, 'Gaby', 'Robbeke', 2000, NULL, NULL, NULL, NULL, NULL),
(530, 'Annadiana', 'Skechley', 1999, NULL, NULL, NULL, NULL, NULL),
(531, 'Naomi', 'De La Salle', 1995, NULL, NULL, NULL, NULL, NULL),
(532, 'Aleda', 'Waite', 2003, NULL, NULL, NULL, NULL, NULL),
(533, 'Sander', 'Flisher', 1993, NULL, NULL, NULL, NULL, NULL),
(534, 'Brooke', 'Eyres', 2010, NULL, NULL, NULL, NULL, NULL),
(536, 'Eulalie', 'Tappin', 2007, NULL, NULL, NULL, NULL, NULL),
(537, 'Hayes', 'Jenkyn', 2003, NULL, NULL, NULL, NULL, NULL),
(538, 'Lyndsey', 'Dadswell', 1992, NULL, NULL, NULL, NULL, NULL),
(539, 'Boyce', 'Goman', 2005, NULL, NULL, NULL, NULL, NULL),
(541, 'Malissia', 'Clere', 2012, NULL, NULL, NULL, NULL, NULL),
(542, 'Jillie', 'Lecount', 2009, NULL, NULL, NULL, NULL, NULL),
(543, 'Lara', 'Shieldon', 2006, NULL, NULL, NULL, NULL, NULL),
(544, 'Man', 'Carillo', 2010, NULL, NULL, NULL, NULL, NULL),
(545, 'Ogdan', 'Schuh', 1994, NULL, NULL, NULL, NULL, NULL),
(546, 'Anthea', 'Tuck', 1994, NULL, NULL, NULL, NULL, NULL),
(547, 'Vito', 'Asaaf', 1992, NULL, NULL, NULL, NULL, NULL),
(548, 'Anette', 'Braxton', 1993, NULL, NULL, NULL, NULL, NULL),
(549, 'Grace', 'Foley', 1995, NULL, NULL, NULL, NULL, NULL),
(550, 'Geno', 'Indge', 2001, NULL, NULL, NULL, NULL, NULL),
(551, 'Boot', 'Winchcomb', 2006, NULL, NULL, NULL, NULL, NULL),
(552, 'Sheffy', 'Paige', 1998, NULL, NULL, NULL, NULL, NULL),
(553, 'Alecia', 'Hurford', 1998, NULL, NULL, NULL, NULL, NULL),
(554, 'Kiele', 'Rebbeck', 2010, NULL, NULL, NULL, NULL, NULL),
(555, 'Hatty', 'Rawcliffe', 2003, NULL, NULL, NULL, NULL, NULL),
(556, 'Nonnah', 'Rubury', 1995, NULL, NULL, NULL, NULL, NULL),
(558, 'Wandie', 'Siaspinski', 2007, NULL, NULL, NULL, NULL, NULL),
(559, 'Burlie', 'Alenov', 2006, NULL, NULL, NULL, NULL, NULL),
(562, 'Dotti', 'Cookley', 1992, NULL, NULL, NULL, NULL, NULL),
(563, 'Marney', 'McQuie', 1992, NULL, NULL, NULL, NULL, NULL),
(564, 'Georgine', 'Hacksby', 2006, NULL, NULL, NULL, NULL, NULL),
(565, 'Malcolm', 'Fulep', 2010, NULL, NULL, NULL, NULL, NULL),
(568, 'Wyatan', 'Wattinham', 2002, NULL, NULL, NULL, NULL, NULL),
(570, 'Carlynn', 'Easdon', 1995, NULL, NULL, NULL, NULL, NULL),
(571, 'Dominica', 'Takis', 2012, NULL, NULL, NULL, NULL, NULL),
(572, 'Ruthi', 'Kroll', 2002, NULL, NULL, NULL, NULL, NULL),
(573, 'Lavina', 'O\'Moylane', 2002, NULL, NULL, NULL, NULL, NULL),
(574, 'Agnella', 'Starmore', 2005, NULL, NULL, NULL, NULL, NULL),
(575, 'Lev', 'Gullick', 2010, NULL, NULL, NULL, NULL, NULL),
(576, 'Roana', 'Hastler', 1998, NULL, NULL, NULL, NULL, NULL),
(577, 'Dedie', 'Innman', 2004, NULL, NULL, NULL, NULL, NULL),
(578, 'Auroora', 'Krollmann', 2002, NULL, NULL, NULL, NULL, NULL),
(579, 'Abe', 'Birchner', 2003, NULL, NULL, NULL, NULL, NULL),
(580, 'Witty', 'Carman', 2010, NULL, NULL, NULL, NULL, NULL),
(581, 'Felicio', 'Aindrais', 2012, NULL, NULL, NULL, NULL, NULL),
(582, 'Livvy', 'Benez', 2006, NULL, NULL, NULL, NULL, NULL),
(583, 'Cosetta', 'Genge', 2010, NULL, NULL, NULL, NULL, NULL),
(584, 'Grant', 'Auden', 2007, NULL, NULL, NULL, NULL, NULL),
(586, 'Anna-diana', 'Ottey', 1999, NULL, NULL, NULL, NULL, NULL),
(588, 'Maurine', 'Casson', 1997, NULL, NULL, NULL, NULL, NULL),
(589, 'Gideon', 'Ash', 2012, NULL, NULL, NULL, NULL, NULL),
(590, 'Gal', 'Keel', 1997, NULL, NULL, NULL, NULL, NULL),
(591, 'Veronike', 'Lewsey', 1993, NULL, NULL, NULL, NULL, NULL),
(593, 'Cristin', 'Thurlborn', 1991, NULL, NULL, NULL, NULL, NULL),
(594, 'Addy', 'Gelardi', 2007, NULL, NULL, NULL, NULL, NULL),
(595, 'Andie', 'Allsep', 2007, NULL, NULL, NULL, NULL, NULL),
(596, 'Kevina', 'Bewick', 2005, NULL, NULL, NULL, NULL, NULL),
(597, 'Isabelita', 'McTaggart', 1999, NULL, NULL, NULL, NULL, NULL),
(598, 'Roanne', 'Vellden', 1997, NULL, NULL, NULL, NULL, NULL),
(599, 'Nickolaus', 'Rama', 2006, NULL, NULL, NULL, NULL, NULL),
(600, 'Lynne', 'Jodkowski', 2001, NULL, NULL, NULL, NULL, NULL),
(601, 'Kenton', 'Scriviner', 2009, NULL, NULL, NULL, NULL, NULL),
(602, 'Dorita', 'Mosby', 2000, NULL, NULL, NULL, NULL, NULL),
(603, 'Mitzi', 'Norgate', 2001, NULL, NULL, NULL, NULL, NULL),
(604, 'Guendolen', 'Daber', 2007, NULL, NULL, NULL, NULL, NULL),
(605, 'Cicely', 'Kubas', 2003, NULL, NULL, NULL, NULL, NULL),
(606, 'Guido', 'Flinn', 2008, NULL, NULL, NULL, NULL, NULL),
(607, 'Genvieve', 'Ambresin', 2004, NULL, NULL, NULL, NULL, NULL),
(608, 'Lucio', 'Vasyunichev', 2003, NULL, NULL, NULL, NULL, NULL),
(609, 'Selby', 'Matejovsky', 1996, NULL, NULL, NULL, NULL, NULL),
(611, 'Robinet', 'Sells', 2008, NULL, NULL, NULL, NULL, NULL),
(612, 'Daisie', 'Clewarth', 2001, NULL, NULL, NULL, NULL, NULL),
(613, 'Cleveland', 'Tabard', 2007, NULL, NULL, NULL, NULL, NULL),
(614, 'Winifield', 'Strother', 2009, NULL, NULL, NULL, NULL, NULL),
(615, 'Althea', 'Leyman', 2001, NULL, NULL, NULL, NULL, NULL),
(616, 'Silvana', 'St Pierre', 1996, NULL, NULL, NULL, NULL, NULL),
(617, 'Frasier', 'Elham', 1989, NULL, NULL, NULL, NULL, NULL),
(618, 'Bevon', 'Danigel', 2010, NULL, NULL, NULL, NULL, NULL),
(619, 'Miguel', 'Kaindl', 2005, NULL, NULL, NULL, NULL, NULL),
(620, 'Rosamond', 'Deyes', 2012, NULL, NULL, NULL, NULL, NULL),
(621, 'Silvanus', 'McSwan', 2009, NULL, NULL, NULL, NULL, NULL),
(622, 'Devin', 'Stoffel', 1993, NULL, NULL, NULL, NULL, NULL),
(623, 'Vernen', 'Breagan', 2009, NULL, NULL, NULL, NULL, NULL),
(624, 'Abigale', 'Pietsma', 2007, NULL, NULL, NULL, NULL, NULL),
(625, 'Ray', 'Daborne', 2005, NULL, NULL, NULL, NULL, NULL),
(626, 'Rudd', 'Bigley', 2004, NULL, NULL, NULL, NULL, NULL),
(627, 'Katerine', 'Bradbury', 2000, NULL, NULL, NULL, NULL, NULL),
(628, 'Carole', 'Cattonnet', 2007, NULL, NULL, NULL, NULL, NULL),
(629, 'Kirbee', 'McCool', 2007, NULL, NULL, NULL, NULL, NULL),
(630, 'Federica', 'Arrault', 2011, NULL, NULL, NULL, NULL, NULL),
(631, 'Mariya', 'Jeanenet', 2012, NULL, NULL, NULL, NULL, NULL),
(632, 'Ari', 'Bartzen', 2003, NULL, NULL, NULL, NULL, NULL),
(633, 'Dalt', 'Kettell', 2005, NULL, NULL, NULL, NULL, NULL),
(634, 'Jeddy', 'Balshen', 1997, NULL, NULL, NULL, NULL, NULL),
(635, 'Lefty', 'Rubinfeld', 1996, NULL, NULL, NULL, NULL, NULL),
(636, 'Townsend', 'Turrell', 2000, NULL, NULL, NULL, NULL, NULL),
(637, 'Vina', 'Funcheon', 2009, NULL, NULL, NULL, NULL, NULL),
(638, 'Lian', 'Morgen', 2009, NULL, NULL, NULL, NULL, NULL),
(639, 'Jaquenetta', 'Stickland', 1994, NULL, NULL, NULL, NULL, NULL),
(640, 'Ches', 'Stallebrass', 2005, NULL, NULL, NULL, NULL, NULL),
(641, 'Andre', 'Antognelli', 2003, NULL, NULL, NULL, NULL, NULL),
(642, 'Conny', 'Mansford', 1994, NULL, NULL, NULL, NULL, NULL),
(643, 'Philip', 'Josilevich', 2005, NULL, NULL, NULL, NULL, NULL),
(644, 'Hobart', 'Chatwood', 2010, NULL, NULL, NULL, NULL, NULL),
(645, 'Cliff', 'Pither', 2000, NULL, NULL, NULL, NULL, NULL),
(646, 'Nike', 'Jendrich', 2005, NULL, NULL, NULL, NULL, NULL),
(647, 'Cherice', 'Kuschek', 1997, NULL, NULL, NULL, NULL, NULL),
(648, 'Merrill', 'MacDonough', 1998, NULL, NULL, NULL, NULL, NULL),
(649, 'Viviana', 'Sapir', 2011, NULL, NULL, NULL, NULL, NULL),
(650, 'Nance', 'Chasney', 1996, NULL, NULL, NULL, NULL, NULL),
(651, 'Gratia', 'Cubuzzi', 2000, NULL, NULL, NULL, NULL, NULL),
(652, 'Joela', 'Gatman', 2005, NULL, NULL, NULL, NULL, NULL),
(653, 'Farlee', 'Coll', 1994, NULL, NULL, NULL, NULL, NULL),
(654, 'Sonia', 'Steketee', 1992, NULL, NULL, NULL, NULL, NULL),
(655, 'Gwendolin', 'Pabelik', 2011, NULL, NULL, NULL, NULL, NULL),
(656, 'Sebastian', 'MacKinnon', 2002, NULL, NULL, NULL, NULL, NULL),
(657, 'Peirce', 'Haddrell', 2008, NULL, NULL, NULL, NULL, NULL),
(658, 'Mandy', 'Frigout', 1990, NULL, NULL, NULL, NULL, NULL),
(660, 'Lorin', 'Britt', 1996, NULL, NULL, NULL, NULL, NULL),
(661, 'Aeriel', 'Harms', 2011, NULL, NULL, NULL, NULL, NULL),
(662, 'Berton', 'Rate', 2004, NULL, NULL, NULL, NULL, NULL),
(663, 'Nelly', 'Cumo', 2006, NULL, NULL, NULL, NULL, NULL),
(664, 'Carlee', 'De Andisie', 1992, NULL, NULL, NULL, NULL, NULL),
(665, 'Kristel', 'Peiser', 2010, NULL, NULL, NULL, NULL, NULL),
(666, 'Sim', 'Dell Casa', 1997, NULL, NULL, NULL, NULL, NULL),
(667, 'Trista', 'Richarson', 2010, NULL, NULL, NULL, NULL, NULL),
(669, 'Arty', 'Ruffy', 1993, NULL, NULL, NULL, NULL, NULL),
(670, 'Dianemarie', 'Tomich', 1995, NULL, NULL, NULL, NULL, NULL),
(671, 'Boniface', 'Millam', 2010, NULL, NULL, NULL, NULL, NULL),
(672, 'Henryetta', 'Brazenor', 1989, NULL, NULL, NULL, NULL, NULL),
(673, 'Marya', 'Sirmon', 2003, NULL, NULL, NULL, NULL, NULL),
(674, 'Marwin', 'Frascone', 2005, NULL, NULL, NULL, NULL, NULL),
(675, 'Jamaal', 'O\'Daly', 2010, NULL, NULL, NULL, NULL, NULL),
(676, 'Darin', 'Maymond', 2013, NULL, NULL, NULL, NULL, NULL),
(677, 'Logan', 'O\'Kynsillaghe', 2008, NULL, NULL, NULL, NULL, NULL),
(678, 'Brett', 'Rennick', 1989, NULL, NULL, NULL, NULL, NULL),
(679, 'Genni', 'Loude', 1994, NULL, NULL, NULL, NULL, NULL),
(680, 'Trace', 'Dahle', 1993, NULL, NULL, NULL, NULL, NULL),
(682, 'Matthaeus', 'Severwright', 2013, NULL, NULL, NULL, NULL, NULL),
(683, 'Willem', 'Hanning', 2011, NULL, NULL, NULL, NULL, NULL),
(684, 'Gian', 'Seaking', 1998, NULL, NULL, NULL, NULL, NULL),
(685, 'Timothea', 'Leving', 1992, NULL, NULL, NULL, NULL, NULL),
(686, 'Shea', 'Hemphill', 1994, NULL, NULL, NULL, NULL, NULL),
(687, 'Clywd', 'Bendel', 1992, NULL, NULL, NULL, NULL, NULL),
(689, 'Marjy', 'Beesley', 1995, NULL, NULL, NULL, NULL, NULL),
(690, 'Tan', 'Force', 2003, NULL, NULL, NULL, NULL, NULL),
(691, 'Shirline', 'Cary', 1997, NULL, NULL, NULL, NULL, NULL),
(692, 'Jenifer', 'Beri', 2009, NULL, NULL, NULL, NULL, NULL),
(693, 'Giselbert', 'Fogel', 2011, NULL, NULL, NULL, NULL, NULL),
(694, 'Flint', 'Milbourne', 2009, NULL, NULL, NULL, NULL, NULL),
(695, 'Payton', 'Sherebrook', 2007, NULL, NULL, NULL, NULL, NULL),
(696, 'Filia', 'Shucksmith', 1989, NULL, NULL, NULL, NULL, NULL),
(697, 'Gennie', 'Janson', 2006, NULL, NULL, NULL, NULL, NULL),
(698, 'Flint', 'Gavrielly', 2012, NULL, NULL, NULL, NULL, NULL),
(699, 'Norbie', 'Gauden', 2006, NULL, NULL, NULL, NULL, NULL),
(700, 'Rosetta', 'Kilpin', 1992, NULL, NULL, NULL, NULL, NULL),
(701, 'Cass', 'Birtles', 2003, NULL, NULL, NULL, NULL, NULL),
(702, 'Leeanne', 'Bodicam', 1996, NULL, NULL, NULL, NULL, NULL),
(703, 'Jerri', 'Jarritt', 2007, NULL, NULL, NULL, NULL, NULL),
(704, 'Maurine', 'McFade', 2004, NULL, NULL, NULL, NULL, NULL),
(705, 'Sheridan', 'Muckley', 2004, NULL, NULL, NULL, NULL, NULL),
(706, 'Tabbatha', 'Maffey', 2003, NULL, NULL, NULL, NULL, NULL),
(707, 'Zitella', 'Moroney', 1997, NULL, NULL, NULL, NULL, NULL),
(708, 'Alberik', 'Idel', 1995, NULL, NULL, NULL, NULL, NULL),
(709, 'Tabby', 'Honnicott', 2005, NULL, NULL, NULL, NULL, NULL),
(710, 'Gregory', 'Hamsley', 1999, NULL, NULL, NULL, NULL, NULL),
(711, 'Katharine', 'Avraam', 2011, NULL, NULL, NULL, NULL, NULL),
(712, 'Marcus', 'Forten', 2006, NULL, NULL, NULL, NULL, NULL),
(713, 'Bobbe', 'Signore', 2001, NULL, NULL, NULL, NULL, NULL),
(714, 'Brigitta', 'Chellam', 2005, NULL, NULL, NULL, NULL, NULL),
(715, 'Hope', 'Palke', 1992, NULL, NULL, NULL, NULL, NULL),
(716, 'Maura', 'Reardon', 2006, NULL, NULL, NULL, NULL, NULL),
(717, 'Hunfredo', 'Kerwen', 1998, NULL, NULL, NULL, NULL, NULL),
(718, 'Cullie', 'Quinnet', 2009, NULL, NULL, NULL, NULL, NULL),
(719, 'Tessy', 'Petrov', 1993, NULL, NULL, NULL, NULL, NULL),
(720, 'Tyson', 'Osichev', 2002, NULL, NULL, NULL, NULL, NULL),
(721, 'Camala', 'Reiners', 2000, NULL, NULL, NULL, NULL, NULL),
(723, 'Cynthie', 'Dopson', 2004, NULL, NULL, NULL, NULL, NULL),
(724, 'Quentin', 'McGillreich', 2004, NULL, NULL, NULL, NULL, NULL),
(725, 'Daren', 'Wyld', 2006, NULL, NULL, NULL, NULL, NULL),
(726, 'Kipper', 'Dinjes', 1996, NULL, NULL, NULL, NULL, NULL),
(727, 'Nickie', 'Hartnup', 2003, NULL, NULL, NULL, NULL, NULL),
(728, 'Erinn', 'Baszniak', 1999, NULL, NULL, NULL, NULL, NULL),
(729, 'Dion', 'MacGee', 2010, NULL, NULL, NULL, NULL, NULL),
(730, 'Jo-ann', 'Been', 2001, NULL, NULL, NULL, NULL, NULL),
(731, 'Robinett', 'Trulocke', 2003, NULL, NULL, NULL, NULL, NULL),
(732, 'Zita', 'Leftbridge', 2008, NULL, NULL, NULL, NULL, NULL),
(733, 'Olympia', 'Nagle', 2010, NULL, NULL, NULL, NULL, NULL),
(735, 'Ode', 'Sames', 2010, NULL, NULL, NULL, NULL, NULL),
(736, 'Pierette', 'Briscow', 2000, NULL, NULL, NULL, NULL, NULL),
(737, 'Trace', 'Ferrarotti', 2007, NULL, NULL, NULL, NULL, NULL),
(739, 'Ddene', 'Bruhnke', 1995, NULL, NULL, NULL, NULL, NULL),
(740, 'Valida', 'McFee', 1992, NULL, NULL, NULL, NULL, NULL),
(741, 'Agnese', 'Crufts', 2011, NULL, NULL, NULL, NULL, NULL),
(742, 'Shae', 'Farmer', 2004, NULL, NULL, NULL, NULL, NULL),
(743, 'Carlynne', 'Patise', 2009, NULL, NULL, NULL, NULL, NULL),
(744, 'Lonnie', 'Alflatt', 2006, NULL, NULL, NULL, NULL, NULL),
(745, 'Lewiss', 'Barratt', 2012, NULL, NULL, NULL, NULL, NULL),
(746, 'Ophelie', 'Lambrechts', 1990, NULL, NULL, NULL, NULL, NULL),
(748, 'Gun', 'Iacovelli', 1992, NULL, NULL, NULL, NULL, NULL),
(749, 'Alair', 'Arnaez', 2012, NULL, NULL, NULL, NULL, NULL),
(752, 'Ange', 'Bortol', 2005, NULL, NULL, NULL, NULL, NULL),
(753, 'Irene', 'McFadden', 2008, NULL, NULL, NULL, NULL, NULL),
(754, 'Dennet', 'McSkin', 1997, NULL, NULL, NULL, NULL, NULL),
(755, 'Cariotta', 'Pilcher', 2003, NULL, NULL, NULL, NULL, NULL),
(756, 'Riannon', 'Harbottle', 1997, NULL, NULL, NULL, NULL, NULL),
(757, 'Lambert', 'Coundley', 1990, NULL, NULL, NULL, NULL, NULL),
(758, 'Sheela', 'Holbarrow', 2003, NULL, NULL, NULL, NULL, NULL),
(759, 'Desmund', 'Woodvine', 2003, NULL, NULL, NULL, NULL, NULL),
(760, 'Karna', 'Sackett', 1998, NULL, NULL, NULL, NULL, NULL),
(761, 'Patrice', 'Schultze', 2008, NULL, NULL, NULL, NULL, NULL),
(763, 'Sidonnie', 'Howler', 2009, NULL, NULL, NULL, NULL, NULL),
(764, 'Zabrina', 'Gabbetis', 1990, NULL, NULL, NULL, NULL, NULL),
(765, 'Elvin', 'Leirmonth', 2004, NULL, NULL, NULL, NULL, NULL),
(766, 'Sherlocke', 'Widmore', 2011, NULL, NULL, NULL, NULL, NULL),
(767, 'Gregory', 'Drury', 1997, NULL, NULL, NULL, NULL, NULL),
(768, 'Mel', 'Huie', 2011, NULL, NULL, NULL, NULL, NULL),
(769, 'Calhoun', 'Dimmer', 2006, NULL, NULL, NULL, NULL, NULL),
(770, 'Loreen', 'Haffard', 1998, NULL, NULL, NULL, NULL, NULL),
(771, 'Gennifer', 'Nigh', 2008, NULL, NULL, NULL, NULL, NULL),
(772, 'Panchito', 'Durnan', 2008, NULL, NULL, NULL, NULL, NULL),
(773, 'Orly', 'Gerhold', 1992, NULL, NULL, NULL, NULL, NULL),
(774, 'Ronica', 'Brusle', 2007, NULL, NULL, NULL, NULL, NULL),
(775, 'Lyn', 'Izhaky', 2001, NULL, NULL, NULL, NULL, NULL),
(776, 'Jeromy', 'Sieve', 1991, NULL, NULL, NULL, NULL, NULL),
(777, 'Rudolph', 'Skene', 1991, NULL, NULL, NULL, NULL, NULL),
(778, 'Oliy', 'Buddle', 2009, NULL, NULL, NULL, NULL, NULL),
(779, 'Tibold', 'Lummis', 1992, NULL, NULL, NULL, NULL, NULL),
(780, 'Deane', 'Ludee', 2004, NULL, NULL, NULL, NULL, NULL),
(781, 'Barnabas', 'O\'Loghlen', 2005, NULL, NULL, NULL, NULL, NULL),
(782, 'Courtnay', 'Curado', 2005, NULL, NULL, NULL, NULL, NULL),
(783, 'Bernhard', 'Billborough', 2007, NULL, NULL, NULL, NULL, NULL),
(784, 'Chelsey', 'Benes', 1993, NULL, NULL, NULL, NULL, NULL),
(786, 'Anatola', 'Callendar', 2001, NULL, NULL, NULL, NULL, NULL),
(787, 'Vannie', 'Macon', 1994, NULL, NULL, NULL, NULL, NULL),
(788, 'Berkly', 'Reed', 2002, NULL, NULL, NULL, NULL, NULL),
(789, 'Jillian', 'Duchant', 2009, NULL, NULL, NULL, NULL, NULL),
(790, 'Isobel', 'O\'Cannon', 1991, NULL, NULL, NULL, NULL, NULL),
(791, 'Amalie', 'Exley', 2010, NULL, NULL, NULL, NULL, NULL),
(792, 'Tabbatha', 'Hukin', 2006, NULL, NULL, NULL, NULL, NULL),
(793, 'Kendal', 'Kaliszewski', 1995, NULL, NULL, NULL, NULL, NULL),
(794, 'Hamid', 'Lebbon', 1997, NULL, NULL, NULL, NULL, NULL),
(795, 'Delila', 'Keeble', 1999, NULL, NULL, NULL, NULL, NULL),
(796, 'Barbara-anne', 'McVaugh', 2008, NULL, NULL, NULL, NULL, NULL),
(797, 'Diarmid', 'Benech', 1989, NULL, NULL, NULL, NULL, NULL),
(798, 'Harrie', 'Minney', 2007, NULL, NULL, NULL, NULL, NULL),
(799, 'Charmion', 'De Meis', 1993, NULL, NULL, NULL, NULL, NULL),
(800, 'Dynah', 'Battill', 1996, NULL, NULL, NULL, NULL, NULL),
(801, 'Simeon', 'Grimmer', 1994, NULL, NULL, NULL, NULL, NULL),
(802, 'Ardelia', 'Ellams', 2005, NULL, NULL, NULL, NULL, NULL),
(803, 'Zane', 'Tizzard', 2009, NULL, NULL, NULL, NULL, NULL),
(805, 'Tabatha', 'Zanni', 2009, NULL, NULL, NULL, NULL, NULL),
(806, 'Karisa', 'McDugal', 2008, NULL, NULL, NULL, NULL, NULL),
(807, 'Dwayne', 'Nosworthy', 2006, NULL, NULL, NULL, NULL, NULL),
(808, 'Jacob', 'Jouandet', 1992, NULL, NULL, NULL, NULL, NULL),
(809, 'Mackenzie', 'McDowell', 2003, NULL, NULL, NULL, NULL, NULL),
(810, 'Delcina', 'Boar', 2010, NULL, NULL, NULL, NULL, NULL),
(811, 'Tallou', 'Cressar', 1996, NULL, NULL, NULL, NULL, NULL),
(812, 'Gayelord', 'Le Gassick', 1994, NULL, NULL, NULL, NULL, NULL),
(813, 'Lilyan', 'Illingworth', 2011, NULL, NULL, NULL, NULL, NULL),
(815, 'Carlie', 'McTavish', 1998, NULL, NULL, NULL, NULL, NULL),
(816, 'Davine', 'Usborn', 1989, NULL, NULL, NULL, NULL, NULL),
(817, 'Donni', 'Cocking', 2007, NULL, NULL, NULL, NULL, NULL),
(818, 'Asa', 'Gover', 1994, NULL, NULL, NULL, NULL, NULL),
(819, 'Aviva', 'Mepsted', 2007, NULL, NULL, NULL, NULL, NULL),
(820, 'Viviana', 'Giveen', 1998, NULL, NULL, NULL, NULL, NULL),
(821, 'Pembroke', 'Haslen', 1993, NULL, NULL, NULL, NULL, NULL),
(823, 'Bebe', 'McFee', 2000, NULL, NULL, NULL, NULL, NULL),
(824, 'Casandra', 'Crossgrove', 2003, NULL, NULL, NULL, NULL, NULL),
(825, 'Abbe', 'Reichelt', 2008, NULL, NULL, NULL, NULL, NULL),
(826, 'Jessy', 'Lantaff', 1994, NULL, NULL, NULL, NULL, NULL),
(828, 'Jackie', 'Sawnwy', 2004, NULL, NULL, NULL, NULL, NULL),
(829, 'Caryl', 'Ganniclifft', 2006, NULL, NULL, NULL, NULL, NULL),
(830, 'Scarface', 'Tongue', 1989, NULL, NULL, NULL, NULL, NULL),
(831, 'Dannye', 'Coryndon', 2004, NULL, NULL, NULL, NULL, NULL),
(832, 'Binky', 'Fishbourne', 2003, NULL, NULL, NULL, NULL, NULL),
(833, 'Nial', 'McGebenay', 1999, NULL, NULL, NULL, NULL, NULL),
(834, 'Rickie', 'Maffione', 2000, NULL, NULL, NULL, NULL, NULL),
(836, 'Rutledge', 'Dingwall', 2007, NULL, NULL, NULL, NULL, NULL),
(837, 'Carr', 'Nozzolii', 1989, NULL, NULL, NULL, NULL, NULL),
(838, 'Nigel', 'Botly', 2008, NULL, NULL, NULL, NULL, NULL),
(840, 'Florence', 'Lapworth', 1990, NULL, NULL, NULL, NULL, NULL),
(841, 'Alane', 'Daud', 1997, NULL, NULL, NULL, NULL, NULL),
(842, 'Bernadene', 'Tuxill', 1996, NULL, NULL, NULL, NULL, NULL),
(843, 'Shayne', 'Willoughby', 2010, NULL, NULL, NULL, NULL, NULL),
(844, 'Ola', 'Prenty', 2004, NULL, NULL, NULL, NULL, NULL),
(845, 'Zsazsa', 'Phillins', 2005, NULL, NULL, NULL, NULL, NULL),
(846, 'Codie', 'Woodfield', 2009, NULL, NULL, NULL, NULL, NULL),
(848, 'Bobbie', 'Yair', 2006, NULL, NULL, NULL, NULL, NULL),
(849, 'Lianna', 'Foulcher', 2008, NULL, NULL, NULL, NULL, NULL),
(850, 'Westbrook', 'Dwyer', 2009, NULL, NULL, NULL, NULL, NULL),
(851, 'Shirleen', 'Beare', 2002, NULL, NULL, NULL, NULL, NULL),
(852, 'Violetta', 'Cowtherd', 2007, NULL, NULL, NULL, NULL, NULL),
(853, 'Nike', 'Ponnsett', 1994, NULL, NULL, NULL, NULL, NULL),
(854, 'Dag', 'Carlon', 1992, NULL, NULL, NULL, NULL, NULL),
(855, 'Cullin', 'Bingall', 2010, NULL, NULL, NULL, NULL, NULL),
(856, 'Garald', 'Naisbit', 2003, NULL, NULL, NULL, NULL, NULL),
(857, 'Myles', 'Heugel', 2011, NULL, NULL, NULL, NULL, NULL),
(858, 'Edd', 'Grolle', 1997, NULL, NULL, NULL, NULL, NULL),
(859, 'Abagael', 'MacKimmie', 2000, NULL, NULL, NULL, NULL, NULL),
(860, 'Minny', 'Marcq', 2006, NULL, NULL, NULL, NULL, NULL),
(862, 'Ronny', 'Compton', 1992, NULL, NULL, NULL, NULL, NULL),
(863, 'Howie', 'Rutland', 2008, NULL, NULL, NULL, NULL, NULL),
(864, 'Yulma', 'Hatzar', 2000, NULL, NULL, NULL, NULL, NULL),
(865, 'Sybil', 'Gisbey', 2008, NULL, NULL, NULL, NULL, NULL),
(866, 'Sibel', 'Cawthron', 2005, NULL, NULL, NULL, NULL, NULL),
(867, 'Alistair', 'MacGoun', 1995, NULL, NULL, NULL, NULL, NULL),
(868, 'Sammy', 'Howden', 2003, NULL, NULL, NULL, NULL, NULL),
(869, 'Celestyn', 'Royce', 2011, NULL, NULL, NULL, NULL, NULL),
(870, 'Dolorita', 'Andreev', 1989, NULL, NULL, NULL, NULL, NULL),
(871, 'Nial', 'Salzburg', 1996, NULL, NULL, NULL, NULL, NULL),
(872, 'Pebrook', 'Lindhe', 2005, NULL, NULL, NULL, NULL, NULL),
(873, 'Natassia', 'Waterworth', 2010, NULL, NULL, NULL, NULL, NULL),
(874, 'Leelah', 'O\'Hagerty', 2004, NULL, NULL, NULL, NULL, NULL),
(875, 'Duffy', 'Rowes', 1996, NULL, NULL, NULL, NULL, NULL),
(876, 'Inness', 'Smurfitt', 2010, NULL, NULL, NULL, NULL, NULL),
(877, 'Eddie', 'Cleaves', 1997, NULL, NULL, NULL, NULL, NULL),
(878, 'Dorian', 'Bycraft', 1993, NULL, NULL, NULL, NULL, NULL),
(879, 'Daryle', 'Blacktin', 1999, NULL, NULL, NULL, NULL, NULL),
(880, 'Wadsworth', 'McHenry', 2012, NULL, NULL, NULL, NULL, NULL),
(881, 'Irv', 'Stalf', 2000, NULL, NULL, NULL, NULL, NULL),
(882, 'Gabriele', 'Mullineux', 2006, NULL, NULL, NULL, NULL, NULL),
(883, 'Aharon', 'Kingswoode', 1994, NULL, NULL, NULL, NULL, NULL),
(884, 'Bartie', 'Laban', 2001, NULL, NULL, NULL, NULL, NULL),
(885, 'Sheelah', 'Currie', 1996, NULL, NULL, NULL, NULL, NULL),
(886, 'Rowen', 'Spoors', 2001, NULL, NULL, NULL, NULL, NULL),
(887, 'Rafaela', 'Terzza', 2000, NULL, NULL, NULL, NULL, NULL),
(888, 'Gerick', 'Ireland', 1999, NULL, NULL, NULL, NULL, NULL),
(889, 'Jori', 'Chicchetto', 2004, NULL, NULL, NULL, NULL, NULL);
INSERT INTO `teacher` (`id`, `first_name`, `last_name`, `start_learning`, `bank_account`, `date_of_birth`, `national_id`, `hire_date`, `department`) VALUES
(890, 'Roxy', 'McCord', 2011, NULL, NULL, NULL, NULL, NULL),
(891, 'Federica', 'Males', 2006, NULL, NULL, NULL, NULL, NULL),
(892, 'Osgood', 'Downing', 2010, NULL, NULL, NULL, NULL, NULL),
(893, 'Kassi', 'Franchi', 2007, NULL, NULL, NULL, NULL, NULL),
(894, 'Roxanna', 'Knight', 2000, NULL, NULL, NULL, NULL, NULL),
(895, 'Collette', 'Nunnerley', 2004, NULL, NULL, NULL, NULL, NULL),
(896, 'Arleta', 'McCraw', 2009, NULL, NULL, NULL, NULL, NULL),
(897, 'Orelie', 'Addinall', 1994, NULL, NULL, NULL, NULL, NULL),
(898, 'Rori', 'Maps', 2010, NULL, NULL, NULL, NULL, NULL),
(899, 'Herve', 'Longley', 2011, NULL, NULL, NULL, NULL, NULL),
(900, 'Marthena', 'Huffa', 1996, NULL, NULL, NULL, NULL, NULL),
(901, 'Tanhya', 'Olfert', 2008, NULL, NULL, NULL, NULL, NULL),
(902, 'Brendis', 'Kennington', 2005, NULL, NULL, NULL, NULL, NULL),
(904, 'Deina', 'Bridywater', 2002, NULL, NULL, NULL, NULL, NULL),
(905, 'Netta', 'McMurty', 2012, NULL, NULL, NULL, NULL, NULL),
(906, 'Rip', 'Thorogood', 1991, NULL, NULL, NULL, NULL, NULL),
(907, 'Denis', 'Able', 2005, NULL, NULL, NULL, NULL, NULL),
(908, 'Serge', 'Caistor', 2009, NULL, NULL, NULL, NULL, NULL),
(909, 'Ainslee', 'Deathridge', 2004, NULL, NULL, NULL, NULL, NULL),
(911, 'Lucho', 'Coare', 1994, NULL, NULL, NULL, NULL, NULL),
(912, 'Mikel', 'Cuchey', 2003, NULL, NULL, NULL, NULL, NULL),
(913, 'Jilli', 'Danks', 2006, NULL, NULL, NULL, NULL, NULL),
(914, 'Tabbatha', 'Huster', 1995, NULL, NULL, NULL, NULL, NULL),
(915, 'Lyn', 'Tobin', 1994, NULL, NULL, NULL, NULL, NULL),
(916, 'Sheri', 'Scothorne', 1998, NULL, NULL, NULL, NULL, NULL),
(917, 'Serene', 'Wandrich', 2009, NULL, NULL, NULL, NULL, NULL),
(918, 'Ros', 'Toulch', 1995, NULL, NULL, NULL, NULL, NULL),
(919, 'Ophelia', 'Carrol', 1997, NULL, NULL, NULL, NULL, NULL),
(920, 'Kalila', 'Gobeaux', 1990, NULL, NULL, NULL, NULL, NULL),
(921, 'Grazia', 'Auguste', 1989, NULL, NULL, NULL, NULL, NULL),
(922, 'Lucas', 'Dabbes', 2006, NULL, NULL, NULL, NULL, NULL),
(923, 'Wheeler', 'Lanaway', 2002, NULL, NULL, NULL, NULL, NULL),
(924, 'Gabriel', 'Petrushka', 2005, NULL, NULL, NULL, NULL, NULL),
(925, 'Janot', 'Rabat', 2006, NULL, NULL, NULL, NULL, NULL),
(926, 'Moise', 'Barabich', 2005, NULL, NULL, NULL, NULL, NULL),
(927, 'Hesther', 'Server', 2012, NULL, NULL, NULL, NULL, NULL),
(928, 'Jeromy', 'Chittem', 2012, NULL, NULL, NULL, NULL, NULL),
(929, 'Dore', 'Kingett', 2006, NULL, NULL, NULL, NULL, NULL),
(930, 'Kaja', 'Rumney', 2012, NULL, NULL, NULL, NULL, NULL),
(931, 'Zach', 'Whiles', 2001, NULL, NULL, NULL, NULL, NULL),
(932, 'Giustino', 'Gainsborough', 1992, NULL, NULL, NULL, NULL, NULL),
(933, 'Jewelle', 'Sinnat', 2003, NULL, NULL, NULL, NULL, NULL),
(934, 'Lisle', 'Bumpus', 2011, NULL, NULL, NULL, NULL, NULL),
(935, 'Corrina', 'Anning', 2007, NULL, NULL, NULL, NULL, NULL),
(936, 'Elyn', 'Hackford', 1993, NULL, NULL, NULL, NULL, NULL),
(937, 'Nikkie', 'Lunk', 1998, NULL, NULL, NULL, NULL, NULL),
(938, 'Oberon', 'Como', 2000, NULL, NULL, NULL, NULL, NULL),
(939, 'Daffi', 'Bjerkan', 2002, NULL, NULL, NULL, NULL, NULL),
(940, 'Ernie', 'Jedrasik', 2004, NULL, NULL, NULL, NULL, NULL),
(941, 'Krista', 'Grattan', 2010, NULL, NULL, NULL, NULL, NULL),
(942, 'Bowie', 'Congreve', 1995, NULL, NULL, NULL, NULL, NULL),
(943, 'Rosalie', 'Bleackly', 1996, NULL, NULL, NULL, NULL, NULL),
(944, 'Dianemarie', 'Oblein', 2001, NULL, NULL, NULL, NULL, NULL),
(945, 'Fairfax', 'Dickings', 1996, NULL, NULL, NULL, NULL, NULL),
(946, 'Tallou', 'Ciric', 1998, NULL, NULL, NULL, NULL, NULL),
(947, 'Shelley', 'Sullly', 2010, NULL, NULL, NULL, NULL, NULL),
(948, 'Dulcie', 'Mazzeo', 2004, NULL, NULL, NULL, NULL, NULL),
(949, 'Mair', 'Mesias', 2001, NULL, NULL, NULL, NULL, NULL),
(950, 'Siouxie', 'Dominicacci', 1993, NULL, NULL, NULL, NULL, NULL),
(951, 'Haskel', 'Hens', 1998, NULL, NULL, NULL, NULL, NULL),
(952, 'Hallsy', 'Barley', 2011, NULL, NULL, NULL, NULL, NULL),
(953, 'Magdaia', 'Amsberger', 2000, NULL, NULL, NULL, NULL, NULL),
(954, 'Garret', 'Petracco', 1992, NULL, NULL, NULL, NULL, NULL),
(955, 'Zarah', 'McAirt', 2011, NULL, NULL, NULL, NULL, NULL),
(957, 'Valentine', 'Tewkesberry', 2012, NULL, NULL, NULL, NULL, NULL),
(959, 'Ulrick', 'Teall', 1999, NULL, NULL, NULL, NULL, NULL),
(960, 'Aggie', 'Kennefick', 2012, NULL, NULL, NULL, NULL, NULL),
(961, 'Sydney', 'von Grollmann', 2007, NULL, NULL, NULL, NULL, NULL),
(962, 'Leodora', 'Wadge', 1999, NULL, NULL, NULL, NULL, NULL),
(964, 'Etty', 'Bielefeld', 1992, NULL, NULL, NULL, NULL, NULL),
(965, 'Sergio', 'Hallor', 2002, NULL, NULL, NULL, NULL, NULL),
(966, 'Fedora', 'Valentinetti', 2005, NULL, NULL, NULL, NULL, NULL),
(967, 'Erena', 'Dessent', 2012, NULL, NULL, NULL, NULL, NULL),
(968, 'Bernadine', 'Cossell', 2009, NULL, NULL, NULL, NULL, NULL),
(970, 'Joete', 'Glander', 2009, NULL, NULL, NULL, NULL, NULL),
(971, 'Bobbe', 'Dorricott', 2000, NULL, NULL, NULL, NULL, NULL),
(972, 'Fraser', 'Singh', 1999, NULL, NULL, NULL, NULL, NULL),
(973, 'Avery', 'Odger', 1997, NULL, NULL, NULL, NULL, NULL),
(975, 'Monte', 'Herreros', 1996, NULL, NULL, NULL, NULL, NULL),
(976, 'Gertrude', 'Lathe', 2003, NULL, NULL, NULL, NULL, NULL),
(977, 'Augy', 'Sinderland', 2006, NULL, NULL, NULL, NULL, NULL),
(978, 'Delano', 'Allsopp', 2008, NULL, NULL, NULL, NULL, NULL),
(979, 'Blondy', 'Marousek', 2007, NULL, NULL, NULL, NULL, NULL),
(980, 'Anabal', 'Pasby', 1997, NULL, NULL, NULL, NULL, NULL),
(982, 'Suzi', 'Warcop', 1999, NULL, NULL, NULL, NULL, NULL),
(983, 'Andrew', 'Goodridge', 1993, NULL, NULL, NULL, NULL, NULL),
(984, 'Vale', 'Moorcraft', 2002, NULL, NULL, NULL, NULL, NULL),
(985, 'Tonia', 'Ibeson', 1993, NULL, NULL, NULL, NULL, NULL),
(986, 'Bjorn', 'Greiser', 1996, NULL, NULL, NULL, NULL, NULL),
(987, 'Ly', 'Jekyll', 1993, NULL, NULL, NULL, NULL, NULL),
(988, 'Philly', 'Willbourne', 1997, NULL, NULL, NULL, NULL, NULL),
(989, 'Murial', 'Fredi', 2009, NULL, NULL, NULL, NULL, NULL),
(990, 'Cully', 'Hiers', 1998, NULL, NULL, NULL, NULL, NULL),
(991, 'Peter', 'Mohring', 2008, NULL, NULL, NULL, NULL, NULL),
(992, 'Renell', 'Maclean', 1995, NULL, NULL, NULL, NULL, NULL),
(993, 'Janela', 'Tripett', 1996, NULL, NULL, NULL, NULL, NULL),
(995, 'Cinnamon', 'Sowman', 1999, NULL, NULL, NULL, NULL, NULL),
(996, 'Beilul', 'Senten', 2004, NULL, NULL, NULL, NULL, NULL),
(999, 'Danni', 'Cudde', 2000, NULL, NULL, NULL, NULL, NULL),
(1000, 'Morgana', 'Pieroni', 2008, NULL, NULL, NULL, NULL, NULL),
(20000, 'Jacquette', 'Delouch', NULL, '12EY7ujUeEDjGLpMibCU', '1998-04-28', '0015606139\r', '2017-06-23', 'Aerospace Engineering'),
(80000, 'Reube', 'Grebbin', NULL, '1HjfoVPWdxc1AfKiAyz2', '2003-06-07', '1412919576\r', '2017-09-21', 'Toxicology'),
(90000, 'Stanwood', 'Alesin', NULL, '1NrqbgUYpcAfbkqAzTqx', '2000-12-13', '4995201610\r', '2016-07-27', 'Bioinformatics'),
(110000, 'Billie', 'Boote', NULL, '1FNoKj15FiBanqr8TvHF', '1990-03-08', '3849739937\r', '2024-05-12', 'Public Health'),
(120000, 'Milton', 'Assender', NULL, '1ACzRLMXJdmqUPGSVFAt', '1991-03-30', '7551789014\r', '2019-05-11', 'Medicine'),
(130000, 'Julita', 'Chasemoore', NULL, '1CpNuMJnz1JoKDTizT1J', '2001-06-25', '1856401200\r', '2019-01-10', 'Data Science'),
(140000, 'Vilhelmina', 'Kelner', NULL, '1Mth1xvxTgGaeRGgcji7', '1995-04-11', '1084654628\r', '2014-10-07', 'Sports Management'),
(180000, 'Micky', 'Lejeune', NULL, '1Nqb19dMYXHwBLEbBGbq', '2000-08-14', '8473235738\r', '2021-12-18', 'Forestry'),
(210000, 'Ashlin', 'Dulieu', NULL, '12uq7kRqU8xiHxu5FCAR', '1999-11-16', '5073777212\r', '2020-01-22', 'Design'),
(250000, 'Natty', 'Shave', NULL, '1KhKhWwqXjcsPiqm854B', '1991-03-26', '4990081250\r', '2016-04-27', 'Cultural Studies'),
(280000, 'Mellie', 'Jagoe', NULL, '16YebT41vTnEf32Gpwiy', '2003-06-18', '0709677014\r', '2019-08-13', 'Linguistics'),
(350000, 'Lyn', 'Privett', NULL, '18fSdMTEVXRfLN3MWQrH', '1998-06-28', '1834958784\r', '2019-08-04', 'Urban Planning'),
(380000, 'Pearle', 'Bagby', NULL, '1AMxAbj8ETCou6gDTUqc', '1990-02-02', '4472819201\r', '2022-01-24', 'International Relations'),
(440000, 'Steffie', 'Reggiani', NULL, '1BBd5ZcdZpVmMkBGJyBH', '1990-11-21', '2548806049\r', '2022-10-20', 'Religious Studies'),
(560000, 'Elaina', 'Prugel', NULL, '198iinLPwTvhVC2smjcD', '2003-02-05', '4264458110\r', '2020-05-29', 'Toxicology'),
(580000, 'Lyn', 'Manueli', NULL, '15WP2KeJsJ6gofE1KXku', '1991-09-26', '9945677659\r', '2022-07-13', 'Economics'),
(610000, 'Dotty', 'McKew', NULL, '1NDZZCwZwsWdyejrVBMx', '1991-02-17', '7227667502\r', '2024-04-28', 'Renewable Energy'),
(700000, 'Nolana', 'Glasbey', NULL, '1EbM2vLepjQuPySafTi9', '1997-12-13', '2352177197\r', '2016-06-01', 'Computer Science'),
(810000, 'Neville', 'Brecher', NULL, '1KF9CsMizpJnJ2u1764u', '2000-03-11', '0985379316\r', '2017-08-26', 'Speech Pathology'),
(870000, 'Dunstan', 'Dot', NULL, '1EdtKEDQzWcUKi8Ab8TE', '1990-09-26', '2813276715\r', '2024-03-07', 'Biochemistry'),
(910000, 'Jonathan', 'Mulderrig', NULL, '16oVzPoybXHmtsH314gh', '1993-10-12', '7762768998\r', '2021-06-05', 'Urban Planning'),
(950000, 'Stanley', 'Emmatt', NULL, '1AsKpdju4C1W6KJ1n63o', '1993-05-09', '5033574949\r', '2023-09-27', 'Film Studies'),
(1020000, 'Lucien', 'Deinhard', NULL, '18ANrTc7peVTX52VSQFU', '1994-05-28', '6226788275\r', '2016-09-13', 'Nutrition'),
(1100000, 'Chere', 'Shorey', NULL, '1NbRWmrdLJnaeuxrHrd4', '2003-09-30', '5697072554\r', '2015-11-28', 'Meteorology'),
(1150000, 'Xymenes', 'Sogg', NULL, '1NwmY2wnfqb3mu4VVmxJ', '1990-03-25', '4142865595\r', '2017-04-23', 'Geography'),
(1160000, 'Brittne', 'Stidston', NULL, '1CF9J6LcGfjgrYqag8pf', '1994-04-09', '5978826064\r', '2015-11-22', 'Statistics'),
(1190000, 'Virgie', 'Tite', NULL, '1JS4MBiAMvQS7d1xjY6a', '1994-02-01', '4772977570\r', '2014-10-10', 'Human Resources'),
(1230000, 'Sollie', 'Buttwell', NULL, '17sMhsnQPe7v5bub6WgQ', '1998-02-24', '8771682619\r', '2021-10-08', 'Criminal Justice'),
(1240000, 'Daren', 'Negri', NULL, '12dJdmpnDXhdwhp525Sp', '1990-09-20', '5628277193\r', '2014-07-16', 'Systems Engineering'),
(1250000, 'Beverlie', 'Algar', NULL, '1KArxwYQaww2kyPnL4iK', '1997-03-01', '5293311905\r', '2015-11-21', 'Microbiology'),
(1260000, 'Penrod', 'Towns', NULL, '1BPTksWTnhy1h1GkNTHW', '1993-10-18', '2137130602\r', '2022-03-30', 'Pharmacy'),
(1340000, 'Kyle', 'Chipp', NULL, '1Q4T1RQKEbHqoCWBkr9o', '1993-12-10', '1187782025\r', '2018-07-24', 'Linguistics'),
(1360000, 'Desmond', 'Causon', NULL, '1NNizfe93hDvTchs4vNa', '1992-09-25', '8325874090\r', '2020-08-17', 'Sociology'),
(1370000, 'Glenine', 'Mushart', NULL, '13KzTDkehUufVtsKEb5a', '1992-11-02', '7947559813\r', '2024-02-21', 'Urban Planning'),
(1390000, 'Amory', 'Folk', NULL, '1FJSUM7jZ3AZ6ej32J3k', '1994-07-09', '3519406772\r', '2015-03-10', 'Economics'),
(1420000, 'Horacio', 'Beahan', NULL, '1JK6Y2ix9xWYNvq74B4W', '2003-04-02', '7775984392\r', '2019-01-20', 'Human Resources'),
(1450000, 'Loree', 'Joan', NULL, '1LfsKDYdnfukU9gWzis2', '1998-01-08', '4308909635\r', '2015-02-12', 'Earth Sciences'),
(1620000, 'Isadora', 'Cherm', NULL, '1MgUFdBcU1WTN2aqbbZw', '1999-01-19', '5960018047\r', '2019-03-24', 'Sustainability Studies'),
(1670000, 'Enrichetta', 'Yukhin', NULL, '1AeCoToecJnFKZbrrjfS', '1999-09-25', '0223644854\r', '2015-02-25', 'Chemistry'),
(1710000, 'Tyrus', 'Caldwall', NULL, '1JbF6YrwxubssLmV4xWT', '2003-02-19', '5041421994\r', '2017-01-31', 'Occupational Therapy'),
(1730000, 'Korrie', 'Tilt', NULL, '1LRw5jQM3RoMZNTUAvho', '2001-10-28', '5760098160\r', '2015-08-25', 'Agriculture'),
(1830000, 'Jeniffer', 'Eschalette', NULL, '1CEKGpLvxP1i4NRRPqb8', '1999-11-18', '6856455887\r', '2017-10-30', 'Data Science'),
(1920000, 'Gualterio', 'Seeks', NULL, '12rtvCiadDpNJYN6NNjV', '1993-08-05', '1957941065\r', '2017-03-19', 'Agriculture'),
(2030000, 'Deena', 'Berks', NULL, '141EZFXvoAYaLccXd2RG', '1993-12-19', '4969796971\r', '2020-09-21', 'Astronomy'),
(2090000, 'Carolina', 'Farnaby', NULL, '1KBebop79iHRo1tsorkb', '1996-08-25', '1555339581\r', '2015-05-11', 'Visual Arts'),
(2100000, 'Antoni', 'Gloves', NULL, '1FXYYeBk9prQEEhrc4bv', '2000-05-03', '5920484829\r', '2021-07-25', 'Philosophy'),
(2120000, 'Celia', 'Luckes', NULL, '14iZnrcSJjvqFELvLHQc', '1994-03-22', '5362077694\r', '2021-07-18', 'Architecture'),
(2130000, 'Kinna', 'Elie', NULL, '12rVaAaewD3hxXnZAnBh', '1994-09-22', '5887089393\r', '2019-02-12', 'Nursing'),
(2190000, 'Cloe', 'Zealy', NULL, '17kccY3FHVeGvr8X9Hci', '2000-11-13', '7967837770\r', '2022-07-18', 'Human Resources'),
(2240000, 'Mada', 'Piatto', NULL, '1PFG2Ajf7CAdDrQzfXZY', '1994-08-21', '4432598123\r', '2020-03-31', 'Electrical Engineering'),
(2280000, 'Rawley', 'Calderhead', NULL, '18xj5yT1xofPo4osroKZ', '1996-03-14', '7612890003\r', '2019-06-13', 'Religious Studies'),
(2380000, 'Justinian', 'Wheble', NULL, '18RGybj2LSU6arCNcYWp', '1992-02-09', '0279042507\r', '2016-07-05', 'Horticulture'),
(2480000, 'Urbain', 'Jansema', NULL, '18vQ8Lc2HQtcCShDkp8M', '1990-03-02', '6604847063\r', '2019-05-14', 'Womens Studies'),
(2530000, 'Corilla', 'Villa', NULL, '1LzHDMt8qTQH7Qa29Nci', '1999-12-09', '1230199365\r', '2021-02-13', 'Horticulture'),
(2550000, 'Alvina', 'Sliman', NULL, '114G5NxZFi1vMqwG3rW1', '1998-08-23', '0210048441\r', '2016-10-26', 'Environmental Science'),
(2600000, 'Kessia', 'Grahamslaw', NULL, '16r1Q7BR73xaSTsjj9Xi', '1994-04-13', '6584770524\r', '2020-03-05', 'Gerontology'),
(2650000, 'Zorina', 'Gallager', NULL, '1MYrcSdRj6x2wXFZzqR2', '2001-02-21', '5489063734\r', '2016-10-15', 'Marketing'),
(2740000, 'Janette', 'Shadbolt', NULL, '1AetQxBKD4PeE5uTGMcm', '1997-12-10', '8611970160\r', '2018-02-16', 'Materials Science'),
(2800000, 'Flori', 'Colmore', NULL, '1H2vid2ZNcy7pLpPYyTv', '1991-11-29', '7265986016\r', '2023-11-14', 'Supply Chain Management'),
(2870000, 'Olenka', 'Crampton', NULL, '1Cs76ZCmd1PyZNRykmKv', '2001-05-06', '9505137796\r', '2017-01-27', 'Toxicology'),
(2890000, 'Van', 'Million', NULL, '1CQEn7zX2pusDujVgKV1', '1990-06-25', '0774160004\r', '2015-04-06', 'Earth Sciences'),
(2920000, 'Stavros', 'Byram', NULL, '12xZHsp2z5BAh8BFEkoG', '2002-11-29', '1001278232\r', '2022-04-11', 'Meteorology'),
(2990000, 'Farleigh', 'Santarelli', NULL, '1EBAH1KNR9y3TE7uk4cd', '1990-03-06', '4194248007\r', '2019-04-07', 'Applied Mathematics'),
(3050000, 'Twila', 'Balharry', NULL, '1PMDxE457YULUhjEwGpN', '1995-11-15', '0688101380\r', '2022-08-27', 'Health Sciences'),
(3070000, 'Trueman', 'Olivia', NULL, '1EqL7N82ixFZcj36ktUc', '1996-08-14', '7134858111\r', '2019-07-26', 'Economics'),
(3200000, 'Huberto', 'Petricek', NULL, '19Ag4LgwfauYJUVoCHSX', '1997-10-22', '3569689336\r', '2020-03-25', 'Sports Management'),
(3240000, 'Emmaline', 'Jeppensen', NULL, '17jPaqQ4qu8kBUaVX3bc', '1992-08-17', '0595077005\r', '2015-10-04', 'Forensic Science'),
(3320000, 'Johanna', 'Massei', NULL, '1HPWVfSu1pDCKnMXNrD2', '2000-09-01', '1094486922\r', '2024-03-16', 'Forensic Science'),
(3380000, 'Liva', 'Di Bartolommeo', NULL, '1H6XBRHdQYhLyUzTBHs8', '2002-07-18', '8663938187\r', '2017-05-21', 'Forestry'),
(3460000, 'Ina', 'Commucci', NULL, '1MxGoqBJn5znMhYGNDGa', '1992-11-10', '0578931664\r', '2017-09-29', 'Communication'),
(3510000, 'Hilary', 'Otter', NULL, '1BqzUXrNLTCXcA6DkAAK', '1997-09-15', '6833200696\r', '2015-03-10', 'Systems Engineering'),
(3580000, 'Lianne', 'Enoksson', NULL, '12zAtipuYTGg8htPPN6v', '1997-05-09', '2535020661\r', '2021-05-19', 'Chemistry'),
(3600000, 'Emmalyn', 'Croxley', NULL, '1EDG8WHoBQAkV1QUrCue', '2003-12-31', '2219815692\r', '2021-11-29', 'Medicine'),
(3640000, 'Vittorio', 'Dommerque', NULL, '1A9EDEjiGQUFXFVSfQv8', '1990-06-10', '7696235818\r', '2015-11-13', 'Ethnic Studies'),
(3690000, 'Billy', 'Hawkett', NULL, '1Piw8AmX78xkQ4eaAW4V', '1998-08-08', '0992781566\r', '2023-12-31', 'Information Technology'),
(3880000, 'Anderea', 'Grouen', NULL, '1Aoqf5taTPZYmThtN6zC', '1992-12-17', '4241777198\r', '2021-01-08', 'Information Technology'),
(3900000, 'Claudelle', 'Grzelewski', NULL, '1PorRKB5vwyW4gD1jyG8', '1997-01-29', '8003845726\r', '2018-05-16', 'Forestry'),
(3910000, 'Nonie', 'Shurmer', NULL, '12i4nkFz5Bwe4K2EyjJn', '1999-01-27', '3822180289\r', '2015-09-15', 'Film Studies'),
(3950000, 'Martguerita', 'Gludor', NULL, '1BpyPzf156GCXuf1SCvH', '1993-01-23', '1879092689\r', '2016-03-21', 'Gerontology'),
(3960000, 'Quill', 'Annes', NULL, '1NJ5L7QwdUJPqxfafMod', '1992-01-06', '2575537134\r', '2017-12-31', 'Theatre');

-- --------------------------------------------------------

--
-- Table structure for table `teacher_transfers`
--

CREATE TABLE `teacher_transfers` (
  `teacher_id` int(11) NOT NULL,
  `transfer_id` int(11) NOT NULL
) ENGINE=InnoDB DEFAULT CHARSET=utf8mb4 COLLATE=utf8mb4_general_ci;

--
-- Dumping data for table `teacher_transfers`
--

INSERT INTO `teacher_transfers` (`teacher_id`, `transfer_id`) VALUES
(20000, 42),
(80000, 291),
(90000, 318),
(110000, 217),
(120000, 30),
(130000, 143),
(130000, 209),
(130000, 348),
(140000, 315),
(180000, 342),
(210000, 118),
(250000, 126),
(280000, 319),
(280000, 349),
(350000, 23),
(380000, 128),
(440000, 297),
(580000, 279),
(610000, 207),
(700000, 329),
(810000, 88),
(810000, 156),
(870000, 144),
(870000, 246),
(910000, 169),
(950000, 216),
(950000, 320),
(950000, 372),
(1100000, 364),
(1150000, 386),
(1190000, 49),
(1260000, 332),
(1340000, 201),
(1340000, 361),
(1370000, 267),
(1370000, 382),
(1450000, 281),
(1620000, 50),
(1620000, 188),
(1620000, 231),
(1670000, 69),
(1670000, 220),
(1730000, 7),
(1730000, 79),
(1730000, 101),
(1730000, 199),
(1920000, 239),
(2120000, 12),
(2120000, 32),
(2130000, 323),
(2190000, 165),
(2190000, 283),
(2480000, 212),
(2480000, 286),
(2550000, 389),
(2600000, 64),
(2650000, 293),
(2650000, 356),
(2800000, 22),
(2800000, 391),
(2890000, 43),
(2920000, 15),
(2920000, 218),
(2920000, 359),
(3050000, 76),
(3070000, 92),
(3070000, 97),
(3200000, 16),
(3200000, 186),
(3200000, 244),
(3240000, 9),
(3240000, 53),
(3320000, 367),
(3380000, 90),
(3510000, 104),
(3600000, 301),
(3600000, 334),
(3690000, 44),
(3910000, 206),
(3960000, 20),
(3960000, 61),
(3960000, 94),
(3960000, 125),
(3960000, 247);

-- --------------------------------------------------------

--
-- Table structure for table `test`
--

CREATE TABLE `test` (
  `test_id` int(11) NOT NULL,
  `test_time` time DEFAULT NULL,
  `test_date` date DEFAULT NULL,
  `course_id` int(11) DEFAULT NULL
) ENGINE=InnoDB DEFAULT CHARSET=utf8mb4 COLLATE=utf8mb4_general_ci;

--
-- Dumping data for table `test`
--

INSERT INTO `test` (`test_id`, `test_time`, `test_date`, `course_id`) VALUES
(1, '02:49:00', '2023-06-08', 35),
(2, '11:23:00', '2023-10-22', 283),
(3, '04:45:00', '2024-05-05', 217),
(4, '04:26:00', '2023-07-16', 383),
(5, '07:19:00', '2024-02-24', 45),
(6, '06:18:00', '2023-11-06', 408),
(7, '08:32:00', '2023-07-20', 281),
(8, '07:45:00', '2023-08-11', 705),
(10, '02:23:00', '2024-03-17', 173),
(11, '03:06:00', '2024-02-07', 766),
(12, '04:12:00', '2023-10-07', 29),
(13, '12:57:00', '2023-09-16', 471),
(14, '11:01:00', '2024-05-13', 525),
(16, '08:44:00', '2024-01-09', 490),
(17, '10:45:00', '2024-02-29', 291),
(18, '11:18:00', '2023-11-23', 39),
(19, '02:56:00', '2024-03-21', 552),
(20, '12:58:00', '2024-02-21', 829),
(22, '05:31:00', '2023-11-29', 227),
(24, '02:11:00', '2024-04-29', 697),
(25, '08:56:00', '2023-09-14', 455),
(26, '12:58:00', '2024-02-11', 139),
(27, '11:07:00', '2023-10-06', 960),
(30, '10:53:00', '2024-04-11', 26),
(31, '07:53:00', '2023-10-02', 905),
(32, '11:11:00', '2023-08-06', 939),
(33, '03:59:00', '2023-10-26', 153),
(35, '11:59:00', '2023-06-19', 461),
(36, '05:27:00', '2023-09-16', 116),
(37, '07:55:00', '2023-08-16', 798),
(38, '04:38:00', '2024-02-04', 427),
(39, '06:23:00', '2024-01-18', 764),
(40, '07:17:00', '2023-11-08', 203),
(41, '06:24:00', '2024-02-28', 283),
(42, '12:48:00', '2024-02-21', 118),
(43, '09:14:00', '2024-02-19', 24),
(44, '01:54:00', '2023-08-03', 343),
(45, '12:19:00', '2023-12-05', 622),
(46, '10:18:00', '2024-05-20', 767),
(47, '10:20:00', '2024-02-08', 828),
(49, '06:34:00', '2023-07-17', 795),
(50, '07:31:00', '2024-02-17', 883),
(51, '07:32:00', '2024-05-02', 855),
(52, '06:01:00', '2024-01-14', 531),
(53, '02:26:00', '2023-06-12', 739),
(54, '05:34:00', '2024-03-31', 856),
(55, '08:11:00', '2024-02-05', 470),
(56, '05:26:00', '2023-11-07', 717),
(57, '02:42:00', '2023-06-07', 280),
(58, '11:57:00', '2023-11-12', 342),
(59, '01:10:00', '2023-12-05', 442),
(60, '07:18:00', '2023-08-30', 682),
(62, '02:52:00', '2023-09-16', 499),
(63, '11:05:00', '2023-12-10', 4),
(64, '05:59:00', '2024-03-08', 699),
(66, '03:06:00', '2023-09-02', 726),
(67, '12:00:00', '2023-12-09', 280),
(68, '11:56:00', '2023-08-08', 599),
(69, '10:05:00', '2023-07-17', 484),
(70, '12:14:00', '2023-06-07', 218),
(71, '08:22:00', '2023-12-05', 741),
(73, '03:39:00', '2023-11-25', 671),
(74, '07:40:00', '2023-10-13', 622),
(75, '09:11:00', '2023-07-10', 27),
(76, '05:14:00', '2023-07-23', 905),
(79, '01:13:00', '2023-08-01', 665),
(80, '02:20:00', '2024-02-13', 546),
(81, '05:25:00', '2023-06-16', 535),
(82, '10:06:00', '2023-08-02', 519),
(83, '06:58:00', '2024-04-17', 747),
(84, '01:29:00', '2024-05-15', 19),
(85, '05:27:00', '2024-04-09', 907),
(86, '12:36:00', '2023-12-12', 906),
(87, '07:29:00', '2024-05-26', 371),
(88, '12:00:00', '2023-07-28', 861),
(89, '03:01:00', '2024-05-07', 376),
(90, '03:37:00', '2024-01-11', 724),
(91, '07:51:00', '2023-11-04', 223),
(92, '08:16:00', '2023-10-31', 217),
(93, '12:29:00', '2024-04-11', 391),
(94, '04:07:00', '2024-05-13', 907),
(95, '10:07:00', '2023-12-21', 932),
(96, '03:54:00', '2023-11-06', 802),
(97, '05:13:00', '2023-12-29', 760),
(98, '04:53:00', '2023-12-14', 674),
(99, '11:53:00', '2024-02-02', 737),
(100, '10:22:00', '2024-03-15', 648),
(101, '03:10:00', '2023-12-02', 147),
(102, '07:21:00', '2023-07-03', 87),
(104, '08:20:00', '2023-12-11', 362),
(105, '05:09:00', '2023-08-21', 193),
(106, '09:18:00', '2023-11-27', 795),
(107, '09:58:00', '2024-03-14', 731),
(108, '05:01:00', '2024-01-31', 377),
(109, '09:28:00', '2024-05-09', 516),
(110, '07:38:00', '2023-11-25', 609),
(111, '12:55:00', '2024-02-12', 707),
(113, '05:50:00', '2023-08-13', 216),
(114, '03:19:00', '2024-03-13', 191),
(117, '07:37:00', '2023-06-20', 357),
(118, '10:42:00', '2024-05-09', 503),
(119, '11:53:00', '2023-11-20', 211),
(120, '01:09:00', '2023-06-26', 208),
(121, '02:50:00', '2023-12-06', 17),
(123, '02:03:00', '2024-05-23', 276),
(124, '02:11:00', '2024-05-15', 691),
(125, '12:06:00', '2024-01-17', 739),
(126, '01:15:00', '2023-11-23', 927),
(127, '03:15:00', '2023-07-10', 276),
(128, '09:40:00', '2023-07-15', 732),
(129, '02:19:00', '2024-02-28', 525),
(130, '01:42:00', '2023-08-14', 10),
(131, '03:58:00', '2023-06-05', 758),
(132, '12:39:00', '2024-03-19', 384),
(133, '08:14:00', '2023-12-03', 364),
(135, '06:42:00', '2023-06-28', 272),
(136, '04:51:00', '2023-12-06', 905),
(137, '07:50:00', '2024-04-17', 914),
(138, '02:29:00', '2023-07-12', 89),
(140, '06:42:00', '2023-08-08', 671),
(141, '04:20:00', '2023-12-30', 415),
(143, '12:30:00', '2024-04-06', 675),
(144, '03:46:00', '2023-11-01', 121),
(145, '02:17:00', '2023-06-17', 205),
(146, '01:52:00', '2023-10-14', 434),
(147, '10:41:00', '2023-09-08', 615),
(148, '07:57:00', '2023-08-19', 571),
(149, '08:37:00', '2023-08-27', 500),
(150, '05:52:00', '2024-01-28', 879),
(151, '07:16:00', '2023-10-28', 271),
(154, '04:55:00', '2024-05-26', 832),
(155, '03:11:00', '2024-04-01', 76),
(156, '10:38:00', '2024-02-16', 334),
(157, '12:09:00', '2023-08-04', 790),
(158, '03:27:00', '2023-06-16', 750),
(159, '09:36:00', '2023-12-12', 855),
(160, '12:14:00', '2023-08-01', 496),
(161, '12:37:00', '2023-05-27', 645),
(162, '05:40:00', '2023-06-05', 96),
(163, '12:30:00', '2024-03-08', 109),
(164, '05:23:00', '2023-11-07', 400),
(165, '06:47:00', '2024-03-18', 896),
(167, '09:30:00', '2023-12-11', 778),
(168, '07:12:00', '2023-07-09', 705),
(169, '10:11:00', '2024-02-07', 181),
(170, '10:11:00', '2023-10-10', 552),
(171, '04:52:00', '2024-04-20', 82),
(173, '09:56:00', '2024-05-07', 52),
(174, '02:20:00', '2024-03-27', 271),
(175, '02:39:00', '2024-01-01', 88),
(176, '12:12:00', '2024-05-16', 426),
(177, '10:06:00', '2023-12-04', 581),
(178, '03:53:00', '2023-08-29', 679),
(180, '11:25:00', '2024-05-15', 458),
(181, '10:32:00', '2023-07-29', 205),
(183, '11:45:00', '2024-05-05', 397),
(184, '06:55:00', '2024-05-13', 53),
(185, '08:33:00', '2023-10-10', 937),
(186, '10:05:00', '2024-04-06', 818),
(187, '07:22:00', '2024-01-20', 349),
(188, '04:52:00', '2024-05-19', 468),
(189, '09:32:00', '2023-08-22', 759),
(191, '07:51:00', '2023-08-31', 526),
(192, '04:32:00', '2023-10-02', 373),
(193, '02:42:00', '2023-06-06', 69),
(195, '12:55:00', '2024-01-01', 182),
(196, '05:03:00', '2023-10-28', 498),
(197, '07:54:00', '2023-07-20', 504),
(198, '08:27:00', '2023-11-11', 184),
(200, '03:41:00', '2024-05-02', 794),
(201, '04:51:00', '2023-11-12', 609),
(202, '08:52:00', '2023-06-01', 437),
(203, '12:28:00', '2023-06-09', 538),
(204, '05:37:00', '2024-04-12', 960),
(205, '02:52:00', '2023-06-06', 312),
(206, '09:43:00', '2023-06-16', 109),
(207, '12:28:00', '2023-08-11', 429),
(208, '05:23:00', '2023-06-20', 64),
(209, '05:33:00', '2024-04-24', 502),
(210, '10:25:00', '2024-03-23', 931),
(211, '04:16:00', '2023-10-21', 57),
(212, '06:51:00', '2024-03-28', 252),
(213, '04:13:00', '2023-12-15', 645),
(214, '03:35:00', '2023-10-14', 480),
(215, '08:36:00', '2023-09-10', 82),
(218, '11:55:00', '2023-10-26', 904),
(219, '04:45:00', '2023-10-11', 563),
(220, '08:14:00', '2023-09-13', 123),
(221, '11:51:00', '2023-07-31', 344),
(223, '05:10:00', '2023-12-23', 718),
(224, '08:20:00', '2024-01-22', 465),
(225, '02:28:00', '2024-03-02', 910),
(227, '05:30:00', '2024-04-28', 826),
(228, '12:57:00', '2023-08-29', 229),
(229, '08:06:00', '2023-06-01', 292),
(230, '06:04:00', '2024-01-22', 163),
(232, '11:22:00', '2023-07-07', 948),
(235, '10:54:00', '2023-09-09', 544),
(236, '10:43:00', '2024-05-20', 605),
(237, '06:33:00', '2024-01-03', 799),
(238, '01:12:00', '2024-03-08', 769),
(239, '02:55:00', '2023-12-27', 135),
(240, '08:03:00', '2024-02-07', 100),
(241, '02:23:00', '2023-07-02', 735),
(242, '11:49:00', '2023-07-31', 154),
(243, '03:46:00', '2023-09-23', 657),
(244, '11:46:00', '2023-12-17', 197),
(245, '08:49:00', '2023-06-09', 807),
(246, '08:32:00', '2023-09-29', 148),
(247, '08:34:00', '2023-12-10', 28),
(249, '02:31:00', '2024-02-19', 371),
(250, '11:48:00', '2024-05-07', 322),
(251, '09:07:00', '2023-11-02', 701),
(252, '10:36:00', '2023-07-07', 857),
(253, '03:15:00', '2023-07-03', 458),
(254, '12:48:00', '2023-11-05', 334),
(255, '04:40:00', '2023-08-12', 658),
(256, '07:02:00', '2024-03-22', 195),
(257, '07:21:00', '2023-06-24', 383),
(258, '03:18:00', '2023-06-12', 140),
(260, '08:52:00', '2024-02-21', 74),
(261, '11:35:00', '2023-10-08', 549),
(265, '08:11:00', '2023-10-07', 510),
(266, '01:49:00', '2023-06-21', 512),
(268, '10:18:00', '2023-12-06', 545),
(269, '02:46:00', '2023-07-22', 87),
(270, '09:24:00', '2024-05-07', 885),
(271, '06:16:00', '2024-03-10', 796),
(273, '12:13:00', '2023-10-22', 19),
(275, '01:53:00', '2023-07-23', 4),
(276, '05:42:00', '2023-06-01', 295),
(277, '12:46:00', '2023-07-02', 28),
(278, '02:55:00', '2023-11-28', 707),
(280, '04:29:00', '2024-04-18', 625),
(281, '08:56:00', '2024-01-10', 500),
(282, '03:03:00', '2024-05-18', 161),
(283, '09:36:00', '2023-09-12', 691),
(284, '07:39:00', '2023-08-27', 485),
(286, '03:04:00', '2024-04-17', 103),
(287, '02:48:00', '2024-05-17', 462),
(288, '03:07:00', '2024-05-19', 393),
(289, '11:14:00', '2023-12-13', 639),
(290, '11:26:00', '2023-11-01', 690),
(291, '04:29:00', '2024-01-23', 288),
(293, '02:27:00', '2023-11-26', 227),
(294, '09:09:00', '2023-09-10', 654),
(295, '01:43:00', '2023-10-24', 471),
(296, '05:53:00', '2024-04-06', 441),
(297, '08:08:00', '2023-11-26', 600),
(298, '07:57:00', '2024-01-19', 656),
(299, '09:35:00', '2023-08-28', 543),
(300, '10:28:00', '2023-11-26', 416),
(301, '10:40:00', '2023-07-15', 694),
(302, '04:05:00', '2024-04-25', 370),
(303, '03:01:00', '2023-08-14', 181),
(304, '03:22:00', '2023-10-06', 476),
(305, '01:54:00', '2024-02-19', 41),
(306, '04:13:00', '2023-10-15', 834),
(307, '08:59:00', '2023-09-25', 409),
(308, '01:06:00', '2023-12-28', 400),
(309, '03:34:00', '2023-08-31', 817),
(312, '03:18:00', '2024-01-19', 265),
(313, '03:10:00', '2024-02-13', 436),
(314, '03:44:00', '2023-09-16', 482),
(315, '04:21:00', '2024-03-10', 146),
(317, '01:26:00', '2023-08-12', 329),
(318, '11:41:00', '2023-08-10', 609),
(319, '06:06:00', '2024-03-07', 412),
(320, '04:19:00', '2024-02-05', 907),
(321, '11:32:00', '2024-01-06', 709),
(322, '02:27:00', '2024-01-21', 43),
(323, '12:53:00', '2023-07-29', 135),
(324, '11:10:00', '2024-04-08', 480),
(325, '09:27:00', '2024-05-23', 217),
(326, '05:14:00', '2023-09-16', 676),
(327, '08:53:00', '2023-09-12', 833),
(328, '03:54:00', '2023-09-07', 25),
(329, '04:20:00', '2023-08-17', 924),
(331, '10:07:00', '2023-10-02', 62),
(332, '01:09:00', '2023-09-19', 799),
(333, '12:05:00', '2023-11-08', 271),
(336, '10:23:00', '2023-12-10', 77),
(337, '01:04:00', '2024-03-26', 939),
(338, '10:35:00', '2023-06-16', 708),
(339, '01:47:00', '2023-09-15', 518),
(342, '12:52:00', '2024-03-10', 183),
(343, '11:44:00', '2024-05-16', 506),
(345, '06:15:00', '2024-04-23', 945),
(346, '04:10:00', '2024-03-27', 17),
(347, '10:11:00', '2023-07-21', 740),
(348, '04:07:00', '2023-12-20', 925),
(349, '06:03:00', '2024-01-17', 296),
(350, '05:53:00', '2024-05-16', 864),
(351, '01:42:00', '2023-07-01', 384),
(352, '12:27:00', '2023-06-23', 222),
(353, '03:06:00', '2024-02-17', 651),
(354, '02:05:00', '2024-01-27', 951),
(355, '06:06:00', '2023-12-07', 276),
(357, '09:39:00', '2024-05-11', 656),
(358, '03:07:00', '2023-12-14', 669),
(360, '05:24:00', '2024-04-14', 210),
(361, '08:49:00', '2023-12-03', 684),
(362, '07:17:00', '2024-03-09', 305),
(363, '11:57:00', '2023-07-28', 57),
(364, '05:30:00', '2023-07-04', 730),
(365, '03:24:00', '2023-10-09', 801),
(366, '04:08:00', '2024-04-20', 187),
(367, '04:37:00', '2023-12-13', 113),
(368, '11:04:00', '2023-08-02', 923),
(369, '07:46:00', '2023-11-05', 806),
(370, '06:16:00', '2024-03-18', 331),
(371, '11:39:00', '2023-07-19', 153),
(372, '02:27:00', '2023-10-21', 946),
(373, '03:54:00', '2023-08-07', 702),
(374, '02:37:00', '2023-09-23', 117),
(375, '12:41:00', '2024-04-29', 716),
(376, '01:16:00', '2023-10-08', 845),
(377, '02:40:00', '2023-10-03', 696),
(378, '02:06:00', '2023-10-20', 921),
(379, '01:02:00', '2024-01-13', 193),
(380, '05:24:00', '2023-10-13', 608),
(381, '07:02:00', '2024-03-05', 182),
(382, '08:24:00', '2023-10-21', 136),
(384, '07:12:00', '2023-08-01', 175),
(385, '11:48:00', '2023-08-20', 683),
(386, '11:52:00', '2024-03-03', 887),
(387, '02:31:00', '2023-11-27', 40),
(389, '07:42:00', '2023-06-22', 739),
(390, '11:49:00', '2023-07-30', 824),
(391, '08:55:00', '2023-11-02', 952),
(392, '02:40:00', '2024-04-13', 245),
(393, '12:49:00', '2023-06-21', 276),
(394, '09:29:00', '2023-12-17', 142),
(395, '04:30:00', '2023-07-12', 312),
(396, '01:31:00', '2024-02-02', 945),
(397, '02:08:00', '2023-10-19', 729),
(399, '03:49:00', '2023-11-19', 626),
(400, '12:18:00', '2023-06-30', 114),
(403, '09:04:00', '2023-09-28', 504),
(405, '07:28:00', '2024-04-26', 957),
(406, '11:36:00', '2023-06-16', 798),
(407, '08:02:00', '2024-02-17', 303),
(408, '11:06:00', '2023-10-05', 270),
(409, '08:39:00', '2023-07-04', 570),
(410, '12:54:00', '2024-02-28', 612),
(411, '09:21:00', '2023-07-26', 914),
(412, '07:20:00', '2023-11-25', 698),
(413, '04:41:00', '2023-07-08', 672),
(414, '10:06:00', '2023-12-20', 766),
(415, '07:30:00', '2023-11-25', 161),
(416, '08:46:00', '2023-11-15', 332),
(417, '02:34:00', '2023-12-08', 676),
(418, '02:00:00', '2023-11-29', 694),
(419, '01:37:00', '2024-04-14', 790),
(420, '05:09:00', '2024-03-09', 776),
(421, '07:51:00', '2023-08-13', 832),
(422, '10:06:00', '2023-06-10', 867),
(423, '10:40:00', '2024-05-14', 405),
(426, '07:42:00', '2023-11-28', 889),
(427, '10:25:00', '2024-03-15', 57),
(428, '11:29:00', '2024-01-29', 6),
(429, '10:07:00', '2023-09-14', 711),
(430, '07:44:00', '2023-11-09', 326),
(431, '08:09:00', '2024-04-08', 242),
(432, '06:56:00', '2024-05-12', 772),
(433, '05:30:00', '2023-07-06', 39),
(435, '03:54:00', '2023-06-06', 415),
(436, '01:59:00', '2023-09-12', 160),
(437, '11:05:00', '2023-08-01', 767),
(438, '12:23:00', '2024-02-07', 301),
(439, '09:05:00', '2024-03-09', 703),
(440, '04:37:00', '2023-11-29', 795),
(441, '09:45:00', '2023-12-07', 266),
(442, '10:48:00', '2023-08-11', 954),
(443, '11:40:00', '2024-01-06', 219),
(444, '06:41:00', '2024-04-12', 660),
(445, '01:01:00', '2024-04-30', 229),
(446, '10:33:00', '2023-10-14', 534),
(447, '01:17:00', '2024-01-03', 577),
(448, '12:30:00', '2023-06-11', 537),
(449, '03:35:00', '2024-04-01', 705),
(450, '08:58:00', '2024-04-23', 661),
(451, '07:22:00', '2024-04-26', 732),
(452, '01:30:00', '2023-12-27', 947),
(453, '09:52:00', '2023-06-30', 215),
(454, '10:00:00', '2023-09-03', 184),
(455, '11:27:00', '2024-01-02', 144),
(456, '11:38:00', '2023-12-17', 17),
(457, '05:13:00', '2023-11-21', 487),
(458, '07:11:00', '2023-06-12', 101),
(459, '01:44:00', '2023-07-24', 220),
(460, '01:16:00', '2023-09-24', 575),
(461, '08:07:00', '2023-11-23', 598),
(462, '03:34:00', '2023-10-05', 297),
(463, '04:44:00', '2023-08-27', 480),
(464, '04:11:00', '2023-10-12', 340),
(465, '10:37:00', '2024-01-08', 521),
(466, '01:13:00', '2024-04-14', 422),
(467, '09:06:00', '2024-01-25', 665),
(468, '11:11:00', '2023-11-23', 667),
(469, '01:34:00', '2024-05-18', 657),
(470, '06:11:00', '2023-07-30', 305),
(471, '04:26:00', '2023-12-16', 258),
(472, '06:01:00', '2024-04-17', 770),
(473, '08:41:00', '2023-10-02', 463),
(474, '12:29:00', '2024-02-14', 817),
(475, '09:22:00', '2024-01-28', 772),
(476, '08:17:00', '2024-05-10', 110),
(477, '07:02:00', '2023-09-17', 576),
(478, '06:32:00', '2023-12-23', 444),
(479, '06:17:00', '2023-08-13', 434),
(480, '09:10:00', '2024-02-26', 898),
(481, '07:43:00', '2024-02-29', 617),
(483, '09:58:00', '2023-12-25', 683),
(484, '09:13:00', '2023-06-25', 281),
(485, '09:10:00', '2023-10-20', 415),
(486, '12:10:00', '2024-01-22', 331),
(487, '12:42:00', '2024-01-15', 206),
(488, '11:06:00', '2023-08-11', 624),
(489, '12:59:00', '2023-06-18', 594),
(490, '07:56:00', '2024-05-04', 709),
(491, '12:09:00', '2023-08-31', 166),
(492, '01:49:00', '2023-11-04', 416),
(493, '03:14:00', '2024-03-30', 663),
(494, '02:34:00', '2023-10-23', 718),
(495, '08:06:00', '2023-07-19', 743),
(496, '07:55:00', '2023-09-19', 4),
(498, '10:40:00', '2023-07-10', 323),
(499, '11:21:00', '2023-06-14', 162),
(500, '10:11:00', '2024-03-16', 439),
(501, '09:58:00', '2023-12-27', 261),
(502, '01:55:00', '2023-10-04', 539),
(505, '04:10:00', '2023-10-07', 142),
(506, '04:18:00', '2024-04-06', 114),
(508, '10:10:00', '2023-09-26', 647),
(510, '10:17:00', '2023-11-16', 801),
(511, '01:52:00', '2023-09-25', 739),
(512, '10:57:00', '2023-06-17', 795),
(514, '10:30:00', '2023-09-22', 587),
(515, '08:27:00', '2024-03-28', 224),
(516, '07:14:00', '2023-09-14', 272),
(517, '01:47:00', '2024-05-06', 577),
(518, '05:46:00', '2023-08-02', 239),
(519, '01:10:00', '2023-11-09', 490),
(520, '07:52:00', '2024-04-09', 714),
(523, '01:51:00', '2023-11-10', 727),
(524, '12:10:00', '2023-11-30', 959),
(525, '03:55:00', '2023-10-04', 317),
(526, '12:40:00', '2024-04-09', 9),
(527, '05:23:00', '2023-08-02', 622),
(528, '03:33:00', '2024-04-16', 436),
(529, '03:50:00', '2023-10-15', 105),
(530, '06:17:00', '2024-04-11', 641),
(531, '06:31:00', '2023-06-18', 953),
(532, '01:00:00', '2023-07-28', 120),
(533, '12:51:00', '2023-08-14', 939),
(534, '07:01:00', '2023-11-06', 414),
(535, '12:25:00', '2024-04-29', 450),
(536, '03:56:00', '2023-11-16', 376),
(537, '05:30:00', '2023-09-04', 533),
(538, '04:26:00', '2023-11-14', 589),
(539, '05:06:00', '2023-06-29', 385),
(540, '12:41:00', '2024-02-04', 699),
(541, '02:02:00', '2023-12-17', 847),
(542, '08:45:00', '2024-03-15', 871),
(543, '05:28:00', '2024-03-21', 556),
(544, '08:23:00', '2023-11-26', 210),
(545, '12:57:00', '2024-02-11', 947),
(546, '12:58:00', '2023-09-22', 899),
(547, '08:46:00', '2023-10-11', 126),
(548, '02:35:00', '2024-01-07', 342),
(549, '09:26:00', '2024-05-20', 101),
(551, '04:55:00', '2023-06-13', 329),
(552, '06:48:00', '2024-02-02', 358),
(553, '08:17:00', '2023-09-02', 336),
(554, '05:28:00', '2024-03-15', 479),
(556, '02:24:00', '2024-03-09', 558),
(557, '09:06:00', '2024-01-27', 667),
(559, '06:20:00', '2023-12-27', 773),
(561, '06:44:00', '2023-10-22', 468),
(562, '02:56:00', '2023-09-01', 140),
(563, '06:04:00', '2024-04-09', 323),
(564, '10:11:00', '2024-01-20', 921),
(566, '12:11:00', '2023-10-17', 169),
(567, '02:39:00', '2024-02-09', 732),
(568, '01:10:00', '2023-09-06', 654),
(569, '04:05:00', '2023-06-25', 746),
(570, '07:51:00', '2024-03-12', 748),
(571, '06:08:00', '2023-06-05', 762),
(572, '05:01:00', '2023-07-12', 490),
(573, '07:22:00', '2023-12-21', 422),
(574, '03:22:00', '2023-08-23', 781),
(575, '10:56:00', '2024-01-24', 898),
(576, '05:58:00', '2024-01-15', 211),
(577, '04:29:00', '2023-11-16', 362),
(578, '08:38:00', '2024-05-14', 349),
(579, '09:59:00', '2024-04-07', 683),
(580, '07:02:00', '2024-04-15', 504),
(581, '10:54:00', '2024-03-08', 554),
(583, '04:13:00', '2023-06-12', 369),
(584, '08:08:00', '2024-03-07', 382),
(585, '06:46:00', '2023-11-05', 232),
(586, '03:29:00', '2023-08-08', 412),
(588, '05:42:00', '2024-03-10', 597),
(589, '02:25:00', '2024-03-27', 137),
(590, '10:36:00', '2023-06-17', 109),
(591, '03:28:00', '2023-07-09', 16),
(592, '09:34:00', '2024-04-18', 103),
(593, '11:18:00', '2024-03-23', 836),
(594, '02:01:00', '2024-05-04', 195),
(595, '12:12:00', '2023-12-13', 410),
(596, '02:47:00', '2024-05-15', 790),
(597, '12:54:00', '2023-11-24', 391),
(598, '09:03:00', '2024-04-10', 449),
(599, '05:51:00', '2023-09-29', 366),
(600, '07:54:00', '2023-07-01', 101),
(602, '03:49:00', '2023-08-19', 192),
(603, '11:53:00', '2024-04-05', 389),
(604, '01:59:00', '2023-09-02', 522),
(606, '07:59:00', '2023-10-08', 335),
(607, '05:19:00', '2024-01-04', 374),
(608, '05:39:00', '2023-09-05', 134),
(609, '09:26:00', '2023-12-08', 309),
(610, '05:11:00', '2024-05-06', 56),
(611, '08:24:00', '2024-05-14', 307),
(612, '02:39:00', '2023-12-08', 506),
(614, '05:54:00', '2023-07-19', 296),
(615, '01:08:00', '2024-03-28', 859),
(616, '07:43:00', '2023-06-28', 551),
(617, '11:41:00', '2023-05-28', 681),
(618, '11:27:00', '2024-01-16', 953),
(619, '05:59:00', '2024-03-29', 541),
(620, '07:54:00', '2024-02-15', 693),
(621, '02:17:00', '2023-08-04', 133),
(622, '01:31:00', '2024-02-28', 97),
(624, '07:53:00', '2024-03-17', 268),
(625, '10:47:00', '2023-09-28', 278),
(627, '02:11:00', '2023-10-27', 767),
(628, '07:29:00', '2023-06-05', 249),
(629, '05:28:00', '2024-03-27', 302),
(630, '10:03:00', '2023-11-23', 232),
(631, '05:50:00', '2024-03-23', 105),
(633, '05:19:00', '2024-03-28', 465),
(634, '11:19:00', '2023-05-29', 337),
(635, '12:54:00', '2023-07-22', 595),
(637, '09:44:00', '2024-04-29', 847),
(638, '09:13:00', '2023-09-13', 832),
(639, '09:13:00', '2023-06-06', 828),
(640, '06:37:00', '2023-06-18', 332),
(641, '09:05:00', '2024-05-06', 413),
(642, '11:00:00', '2023-08-20', 738),
(643, '05:57:00', '2023-12-20', 272),
(644, '05:35:00', '2024-02-16', 285),
(645, '08:24:00', '2024-02-03', 205),
(646, '09:26:00', '2023-08-07', 798),
(648, '05:31:00', '2023-10-09', 558),
(649, '08:43:00', '2023-09-13', 101),
(650, '04:30:00', '2023-10-17', 712),
(651, '07:25:00', '2023-06-19', 950),
(652, '09:12:00', '2023-10-11', 497),
(653, '08:44:00', '2023-07-02', 97),
(654, '11:48:00', '2023-09-12', 853),
(655, '07:11:00', '2024-01-17', 123),
(656, '02:12:00', '2023-09-24', 577),
(657, '04:03:00', '2023-08-28', 682),
(658, '03:19:00', '2023-12-26', 578),
(659, '07:39:00', '2023-11-16', 948),
(660, '02:09:00', '2024-03-20', 165),
(661, '01:46:00', '2024-04-28', 756),
(662, '03:48:00', '2023-07-05', 462),
(665, '03:16:00', '2024-04-26', 798),
(666, '01:36:00', '2024-02-07', 395),
(668, '11:06:00', '2024-04-07', 94),
(669, '01:28:00', '2024-02-13', 921),
(670, '10:51:00', '2023-06-14', 509),
(672, '01:46:00', '2024-03-23', 655),
(674, '02:58:00', '2024-04-07', 477),
(675, '03:20:00', '2023-09-15', 701),
(676, '02:27:00', '2024-03-14', 454),
(677, '03:19:00', '2023-09-09', 208),
(678, '05:52:00', '2023-09-17', 893),
(679, '11:51:00', '2023-10-05', 697),
(680, '07:33:00', '2023-08-19', 40),
(681, '11:16:00', '2023-12-22', 624),
(682, '11:38:00', '2023-11-06', 888),
(683, '06:36:00', '2024-03-09', 103),
(684, '06:04:00', '2024-01-22', 97),
(685, '03:59:00', '2023-12-02', 406),
(686, '05:31:00', '2023-07-08', 219),
(687, '07:46:00', '2024-04-07', 254),
(689, '04:05:00', '2023-08-28', 144),
(690, '08:37:00', '2023-11-26', 695),
(691, '07:36:00', '2024-05-17', 174),
(692, '06:49:00', '2023-07-25', 337),
(693, '05:42:00', '2023-09-18', 453),
(694, '04:46:00', '2023-08-04', 689),
(695, '02:27:00', '2023-12-07', 39),
(696, '02:40:00', '2023-12-01', 4),
(697, '12:56:00', '2024-02-23', 202),
(698, '11:33:00', '2024-04-27', 665),
(699, '10:50:00', '2023-09-16', 229),
(700, '03:41:00', '2023-06-20', 232),
(701, '10:16:00', '2024-03-19', 221),
(702, '11:04:00', '2024-01-01', 757),
(703, '10:34:00', '2023-06-18', 631),
(704, '12:38:00', '2023-07-06', 789),
(705, '06:49:00', '2023-12-31', 735),
(706, '07:07:00', '2023-08-20', 68),
(707, '11:21:00', '2024-01-21', 637),
(708, '06:42:00', '2023-11-26', 916),
(709, '05:23:00', '2024-05-09', 395),
(710, '12:50:00', '2023-09-23', 450),
(711, '06:49:00', '2023-06-03', 593),
(712, '12:16:00', '2023-07-26', 312),
(713, '09:51:00', '2024-01-26', 397),
(714, '02:19:00', '2024-04-10', 792),
(716, '09:57:00', '2024-01-07', 849),
(717, '12:33:00', '2024-04-07', 718),
(718, '01:33:00', '2023-10-05', 699),
(719, '02:15:00', '2024-01-14', 877),
(720, '12:00:00', '2023-09-22', 898),
(721, '06:21:00', '2023-06-02', 231),
(722, '05:12:00', '2023-10-04', 186),
(723, '01:09:00', '2024-04-19', 603),
(724, '07:14:00', '2023-06-07', 296),
(725, '11:21:00', '2024-01-30', 203),
(726, '02:29:00', '2024-02-10', 759),
(727, '10:30:00', '2023-12-23', 731),
(728, '04:01:00', '2023-12-03', 715),
(729, '02:22:00', '2024-05-25', 671),
(730, '02:29:00', '2023-06-27', 612),
(731, '06:27:00', '2023-08-23', 336),
(732, '11:32:00', '2024-01-14', 521),
(733, '09:57:00', '2024-01-31', 780),
(734, '01:19:00', '2023-07-21', 184),
(736, '08:35:00', '2023-07-09', 37),
(738, '01:42:00', '2023-12-03', 152),
(739, '03:46:00', '2023-12-06', 279),
(741, '09:29:00', '2024-03-29', 269),
(742, '05:18:00', '2024-05-24', 619),
(743, '01:25:00', '2023-10-15', 748),
(744, '10:50:00', '2024-02-09', 888),
(745, '12:23:00', '2024-02-22', 59),
(746, '04:16:00', '2023-10-15', 445),
(747, '12:16:00', '2023-10-20', 669),
(748, '10:49:00', '2024-03-03', 26),
(750, '04:21:00', '2023-11-12', 482),
(751, '09:01:00', '2023-08-23', 811),
(752, '06:25:00', '2023-09-26', 386),
(753, '12:59:00', '2023-06-03', 876),
(754, '02:13:00', '2024-05-19', 674),
(755, '08:31:00', '2023-06-02', 333),
(756, '08:37:00', '2023-11-20', 496),
(757, '07:50:00', '2023-10-28', 905),
(759, '11:36:00', '2023-08-24', 444),
(760, '08:40:00', '2023-09-14', 956),
(761, '11:34:00', '2023-11-12', 229),
(762, '06:04:00', '2023-12-27', 165),
(763, '10:53:00', '2023-11-01', 709),
(764, '06:04:00', '2023-08-15', 131),
(765, '11:51:00', '2023-07-12', 465),
(766, '11:55:00', '2023-07-29', 528),
(767, '05:31:00', '2023-06-30', 20),
(768, '01:58:00', '2024-03-29', 190),
(770, '04:31:00', '2023-09-29', 397),
(771, '02:45:00', '2023-12-22', 889),
(772, '11:24:00', '2023-07-19', 83),
(773, '11:54:00', '2024-05-14', 636),
(774, '05:12:00', '2024-05-10', 288),
(776, '09:42:00', '2023-09-16', 204),
(777, '05:41:00', '2023-07-17', 109),
(778, '10:09:00', '2023-06-03', 98),
(779, '04:45:00', '2023-06-01', 370),
(780, '05:08:00', '2024-02-11', 241),
(781, '11:04:00', '2023-08-02', 481),
(782, '05:14:00', '2023-06-07', 379),
(785, '08:27:00', '2023-08-26', 10),
(786, '03:07:00', '2023-12-19', 326),
(787, '04:01:00', '2023-12-02', 654),
(788, '10:24:00', '2023-11-24', 110),
(789, '03:37:00', '2023-06-11', 900),
(790, '12:03:00', '2023-07-03', 422),
(791, '12:03:00', '2024-01-10', 783),
(792, '06:29:00', '2024-01-18', 165),
(794, '12:40:00', '2023-12-11', 408),
(795, '11:07:00', '2024-01-21', 366),
(796, '09:23:00', '2023-08-19', 183),
(797, '06:51:00', '2023-10-29', 582),
(798, '07:16:00', '2023-12-11', 194),
(799, '07:54:00', '2023-10-13', 206),
(800, '03:00:00', '2023-12-14', 669),
(801, '09:45:00', '2023-05-31', 111),
(802, '04:50:00', '2023-06-28', 811),
(803, '02:35:00', '2024-03-07', 20),
(804, '01:44:00', '2023-08-14', 298),
(805, '03:55:00', '2024-01-01', 490),
(806, '03:27:00', '2023-12-28', 292),
(807, '10:46:00', '2023-07-19', 738),
(808, '02:39:00', '2024-01-18', 761),
(809, '02:20:00', '2023-09-18', 853),
(810, '04:04:00', '2023-06-12', 617),
(811, '02:42:00', '2024-05-12', 560),
(812, '11:52:00', '2023-08-22', 543),
(814, '08:29:00', '2023-08-02', 400),
(815, '10:57:00', '2023-08-20', 4),
(816, '02:53:00', '2023-12-25', 341),
(817, '04:09:00', '2024-04-21', 803),
(819, '09:26:00', '2023-09-07', 381),
(820, '12:05:00', '2024-02-26', 140),
(821, '04:05:00', '2024-03-13', 353),
(822, '12:01:00', '2024-05-16', 645),
(824, '11:05:00', '2023-12-13', 50),
(826, '05:45:00', '2024-04-04', 56),
(827, '12:40:00', '2024-05-02', 392),
(828, '06:26:00', '2024-03-23', 657),
(829, '11:41:00', '2024-01-19', 655),
(830, '11:09:00', '2023-09-30', 757),
(832, '10:39:00', '2024-01-23', 424),
(833, '11:44:00', '2024-01-20', 590),
(834, '02:16:00', '2024-01-30', 484),
(836, '03:59:00', '2024-05-20', 195),
(837, '07:55:00', '2023-07-09', 114),
(839, '12:50:00', '2023-12-23', 302),
(840, '04:24:00', '2023-11-05', 679),
(841, '03:27:00', '2023-07-30', 303),
(842, '12:00:00', '2023-06-18', 386),
(843, '10:52:00', '2024-02-04', 619),
(844, '01:43:00', '2023-10-28', 235),
(845, '06:10:00', '2023-09-16', 608),
(846, '10:27:00', '2024-03-29', 13),
(847, '12:14:00', '2023-07-12', 318),
(848, '06:07:00', '2023-12-14', 832),
(849, '10:39:00', '2023-09-22', 71),
(851, '05:58:00', '2023-08-26', 449),
(852, '06:22:00', '2024-02-23', 864),
(853, '07:39:00', '2024-03-24', 829),
(854, '12:54:00', '2023-08-29', 750),
(855, '02:02:00', '2024-05-18', 882),
(856, '10:52:00', '2024-01-05', 332),
(857, '05:34:00', '2023-09-25', 583),
(858, '03:24:00', '2024-01-07', 722),
(859, '01:48:00', '2023-06-08', 752),
(860, '07:43:00', '2024-03-02', 460),
(861, '12:01:00', '2023-10-20', 845),
(862, '02:26:00', '2024-04-23', 461),
(863, '09:39:00', '2024-04-08', 817),
(864, '09:00:00', '2024-01-23', 791),
(865, '08:16:00', '2024-02-17', 725),
(866, '09:02:00', '2024-05-23', 655),
(867, '10:31:00', '2024-03-19', 780),
(868, '09:05:00', '2024-04-09', 149),
(869, '01:12:00', '2023-09-14', 537),
(870, '03:05:00', '2023-11-14', 767),
(871, '02:36:00', '2024-04-14', 933),
(872, '02:13:00', '2023-10-01', 278),
(873, '09:07:00', '2023-09-05', 31),
(874, '12:59:00', '2024-01-22', 765),
(875, '02:35:00', '2023-09-29', 769),
(877, '03:22:00', '2023-06-24', 20),
(878, '11:42:00', '2023-10-18', 417),
(879, '03:06:00', '2023-12-04', 701),
(881, '12:11:00', '2023-09-15', 206),
(882, '08:31:00', '2024-02-01', 114),
(883, '01:56:00', '2023-09-18', 4),
(884, '09:22:00', '2024-03-22', 37),
(885, '06:31:00', '2024-05-11', 307),
(886, '09:59:00', '2024-02-10', 409),
(887, '01:51:00', '2023-08-29', 235),
(888, '01:48:00', '2023-05-27', 804),
(889, '03:02:00', '2024-05-21', 217),
(890, '12:39:00', '2023-11-13', 303),
(892, '09:51:00', '2023-11-12', 386),
(894, '12:40:00', '2023-07-01', 207),
(895, '04:32:00', '2024-05-21', 528),
(896, '04:14:00', '2023-07-23', 64),
(897, '01:05:00', '2024-01-10', 5),
(898, '07:39:00', '2023-06-25', 406),
(899, '07:47:00', '2023-11-21', 798),
(900, '05:17:00', '2023-07-07', 664),
(901, '05:12:00', '2023-09-12', 639),
(902, '10:33:00', '2023-09-12', 501),
(904, '10:22:00', '2023-09-16', 750),
(905, '02:04:00', '2024-04-24', 195),
(906, '10:38:00', '2024-04-22', 629),
(907, '08:24:00', '2023-12-22', 374),
(908, '04:59:00', '2024-02-04', 647),
(909, '04:10:00', '2023-10-20', 628),
(910, '05:11:00', '2024-01-05', 171),
(911, '08:10:00', '2024-04-22', 656),
(912, '05:18:00', '2024-02-05', 21),
(913, '12:08:00', '2024-05-21', 239),
(914, '04:41:00', '2023-08-20', 827),
(915, '03:59:00', '2024-04-28', 440),
(916, '06:33:00', '2024-03-28', 702),
(918, '10:20:00', '2023-12-30', 882),
(919, '03:58:00', '2023-08-11', 460),
(920, '01:05:00', '2023-12-25', 330),
(921, '04:10:00', '2024-05-07', 361),
(922, '11:02:00', '2023-11-14', 87),
(923, '08:29:00', '2024-05-01', 571),
(924, '09:46:00', '2023-12-27', 326),
(925, '07:32:00', '2024-04-01', 335),
(926, '09:56:00', '2023-06-05', 463),
(927, '12:42:00', '2023-07-24', 862),
(928, '01:54:00', '2023-06-17', 91),
(929, '07:31:00', '2023-06-26', 757),
(930, '01:54:00', '2023-08-18', 960),
(931, '10:25:00', '2024-05-21', 416),
(932, '07:30:00', '2023-08-01', 280),
(933, '01:15:00', '2023-12-10', 422),
(936, '11:45:00', '2023-10-28', 687),
(937, '09:54:00', '2023-06-02', 622),
(940, '03:52:00', '2023-11-20', 149),
(941, '05:32:00', '2023-08-09', 245),
(942, '04:53:00', '2023-11-21', 936),
(943, '12:10:00', '2023-11-09', 505),
(944, '06:54:00', '2023-10-14', 657),
(945, '10:18:00', '2024-05-17', 777),
(946, '01:47:00', '2023-10-04', 710),
(947, '07:56:00', '2024-04-08', 875),
(948, '08:34:00', '2024-01-24', 426),
(949, '06:36:00', '2023-10-02', 144),
(950, '10:25:00', '2023-10-11', 585),
(951, '05:39:00', '2023-08-04', 724),
(952, '05:49:00', '2024-05-17', 118),
(953, '09:30:00', '2024-05-24', 785),
(954, '08:56:00', '2024-03-07', 316),
(955, '01:47:00', '2023-06-01', 786),
(956, '03:20:00', '2023-10-20', 352);

--
-- Indexes for dumped tables
--

--
-- Indexes for table `bank_transfer`
--
ALTER TABLE `bank_transfer`
  ADD PRIMARY KEY (`transfer_id`);

--
-- Indexes for table `course`
--
ALTER TABLE `course`
  ADD PRIMARY KEY (`course_id`),
  ADD KEY `coordinator_id` (`coordinator_id`);

--
-- Indexes for table `course_semester`
--
ALTER TABLE `course_semester`
  ADD PRIMARY KEY (`course_id`,`semester_id`),
  ADD KEY `semester_id` (`semester_id`);

--
-- Indexes for table `course_teacher`
--
ALTER TABLE `course_teacher`
  ADD PRIMARY KEY (`course_id`,`teacher_id`),
  ADD KEY `teacher_id` (`teacher_id`);

--
-- Indexes for table `grade`
--
ALTER TABLE `grade`
  ADD PRIMARY KEY (`student_id`,`test_id`),
  ADD KEY `test_id` (`test_id`);

--
-- Indexes for table `semester`
--
ALTER TABLE `semester`
  ADD PRIMARY KEY (`semester_id`);

--
-- Indexes for table `students`
--
ALTER TABLE `students`
  ADD PRIMARY KEY (`id`);

--
-- Indexes for table `student_course_registration`
--
ALTER TABLE `student_course_registration`
  ADD PRIMARY KEY (`student_id`,`course_id`,`semester_id`),
  ADD KEY `semester_id` (`semester_id`),
  ADD KEY `course_id` (`course_id`,`semester_id`),
  ADD KEY `teacher_id` (`teacher_id`),
  ADD KEY `course_id_2` (`course_id`,`teacher_id`);

--
-- Indexes for table `student_test_participation`
--
ALTER TABLE `student_test_participation`
  ADD PRIMARY KEY (`student_id`,`test_id`),
  ADD KEY `test_id` (`test_id`);

--
-- Indexes for table `student_transfers`
--
ALTER TABLE `student_transfers`
  ADD PRIMARY KEY (`student_id`,`transfer_id`),
  ADD KEY `transfer_id` (`transfer_id`);

--
-- Indexes for table `teacher`
--
ALTER TABLE `teacher`
  ADD PRIMARY KEY (`id`);

--
-- Indexes for table `teacher_transfers`
--
ALTER TABLE `teacher_transfers`
  ADD PRIMARY KEY (`teacher_id`,`transfer_id`),
  ADD KEY `transfer_id` (`transfer_id`);

--
-- Indexes for table `test`
--
ALTER TABLE `test`
  ADD PRIMARY KEY (`test_id`),
  ADD KEY `course_id` (`course_id`);

--
-- Constraints for dumped tables
--

--
-- Constraints for table `course`
--
ALTER TABLE `course`
  ADD CONSTRAINT `course_ibfk_1` FOREIGN KEY (`coordinator_id`) REFERENCES `teacher` (`id`) ON DELETE CASCADE;

--
-- Constraints for table `course_semester`
--
ALTER TABLE `course_semester`
  ADD CONSTRAINT `course_semester_ibfk_1` FOREIGN KEY (`course_id`) REFERENCES `course` (`course_id`) ON DELETE CASCADE,
  ADD CONSTRAINT `course_semester_ibfk_2` FOREIGN KEY (`semester_id`) REFERENCES `semester` (`semester_id`) ON DELETE CASCADE;

--
-- Constraints for table `course_teacher`
--
ALTER TABLE `course_teacher`
  ADD CONSTRAINT `course_teacher_ibfk_1` FOREIGN KEY (`course_id`) REFERENCES `course` (`course_id`) ON DELETE CASCADE,
  ADD CONSTRAINT `course_teacher_ibfk_2` FOREIGN KEY (`teacher_id`) REFERENCES `teacher` (`id`) ON DELETE CASCADE;

--
-- Constraints for table `grade`
--
ALTER TABLE `grade`
  ADD CONSTRAINT `grade_ibfk_1` FOREIGN KEY (`student_id`) REFERENCES `students` (`id`) ON DELETE CASCADE,
  ADD CONSTRAINT `grade_ibfk_2` FOREIGN KEY (`test_id`) REFERENCES `test` (`test_id`) ON DELETE CASCADE;

--
-- Constraints for table `student_course_registration`
--
ALTER TABLE `student_course_registration`
  ADD CONSTRAINT `student_course_registration_ibfk_1` FOREIGN KEY (`student_id`) REFERENCES `students` (`id`) ON DELETE CASCADE,
  ADD CONSTRAINT `student_course_registration_ibfk_2` FOREIGN KEY (`course_id`) REFERENCES `course` (`course_id`) ON DELETE CASCADE,
  ADD CONSTRAINT `student_course_registration_ibfk_3` FOREIGN KEY (`semester_id`) REFERENCES `semester` (`semester_id`) ON DELETE CASCADE,
  ADD CONSTRAINT `student_course_registration_ibfk_4` FOREIGN KEY (`course_id`,`semester_id`) REFERENCES `course_semester` (`course_id`, `semester_id`) ON DELETE CASCADE,
  ADD CONSTRAINT `student_course_registration_ibfk_5` FOREIGN KEY (`teacher_id`) REFERENCES `teacher` (`id`) ON DELETE CASCADE,
  ADD CONSTRAINT `student_course_registration_ibfk_6` FOREIGN KEY (`course_id`,`teacher_id`) REFERENCES `course_teacher` (`course_id`, `teacher_id`) ON DELETE CASCADE;

--
-- Constraints for table `student_test_participation`
--
ALTER TABLE `student_test_participation`
  ADD CONSTRAINT `student_test_participation_ibfk_1` FOREIGN KEY (`student_id`) REFERENCES `students` (`id`) ON DELETE CASCADE,
  ADD CONSTRAINT `student_test_participation_ibfk_2` FOREIGN KEY (`test_id`) REFERENCES `test` (`test_id`) ON DELETE CASCADE;

--
-- Constraints for table `student_transfers`
--
ALTER TABLE `student_transfers`
  ADD CONSTRAINT `student_transfers_ibfk_1` FOREIGN KEY (`student_id`) REFERENCES `students` (`id`) ON DELETE CASCADE,
  ADD CONSTRAINT `student_transfers_ibfk_2` FOREIGN KEY (`transfer_id`) REFERENCES `bank_transfer` (`transfer_id`) ON DELETE CASCADE;

--
-- Constraints for table `teacher_transfers`
--
ALTER TABLE `teacher_transfers`
  ADD CONSTRAINT `teacher_transfers_ibfk_1` FOREIGN KEY (`teacher_id`) REFERENCES `teacher` (`id`) ON DELETE CASCADE,
  ADD CONSTRAINT `teacher_transfers_ibfk_2` FOREIGN KEY (`transfer_id`) REFERENCES `bank_transfer` (`transfer_id`) ON DELETE CASCADE;

--
-- Constraints for table `test`
--
ALTER TABLE `test`
  ADD CONSTRAINT `test_ibfk_1` FOREIGN KEY (`course_id`) REFERENCES `course` (`course_id`) ON DELETE CASCADE;
COMMIT;

/*!40101 SET CHARACTER_SET_CLIENT=@OLD_CHARACTER_SET_CLIENT */;
/*!40101 SET CHARACTER_SET_RESULTS=@OLD_CHARACTER_SET_RESULTS */;
/*!40101 SET COLLATION_CONNECTION=@OLD_COLLATION_CONNECTION */;
